# Encyclopedia profile pictures: unit id, gallery photo, verdict of a visual check
# (two independent reviewers looked at the photo, a third settled disagreements;
# same_type and same_family are built, wrong_subject and unusable are not). 5 Oct 2026.
unit_id	asset_id	verdict	note
4tentgroup	fob	same_family	Large military camp of tan shelter tents/huts; representative of tents, not a four-tent cluster. / Large military camp of beige frame tents, much bigger than a four-tent group.
_narco_narcosub_adv	narcosub	same_family	Small seized narco semi-submersible with an LCS and helicopter behind; the unit is a much larger fully-submersible narco-sub. / A small semi-submersible narco craft with outboard motors, intercepted by an LCS; the unit is a 58 m fully-submersible 'advanced' narco-sub.
ace_f-2a	f2a	same_family	JASDF F-2B two-seat trainer (23-8108) on approach, not the single-seat F-2A. / Two-seat JASDF F-2B (23-8108, tandem canopy), not the single-seat F-2A.
adf_mbt_mk5-1	centurion_au	same_type	Australian Centurion tank displayed at the Australian War Memorial, hull and turret fully visible. / Australian Centurion with the 20-pdr gun (fume extractor near muzzle) at the Australian War Memorial.
ae_cvl_dedalo_late	dedalo	same_type	Spanish carrier Dedalo (ex-Independence class) underway with AV-8 Matadors and helicopters on deck. / Spanish carrier Dedalo (R01) underway in 1988 with Harriers and helicopters on deck.
ae_ffg_santa_maria	perry	same_family	USS Oliver Hazard Perry (FFG-7), short-hull lead ship, parent class of the Spanish Santa Maria class. / Shows USS Oliver Hazard Perry (FFG-7), the US short-hull lead ship in 1977, not a Spanish long-hull Santa Maria-class with Meroka.
ae_ffg_santa_maria_late	perry	same_family	USS Oliver Hazard Perry (FFG-7), short-hull US parent class of the Santa Maria class. / Shows USS Oliver Hazard Perry (FFG-7), the US short-hull lead ship in 1977, not a Spanish long-hull Santa Maria-class in late fit.
am_f104g	f104	same_type	Dutch F-104G Starfighter (D-8030) on a gate-guard mound. / A Dutch F-104G Starfighter (D-8030) displayed on a grass mound.
am_f104s	f104	same_family	Dutch F-104G Starfighter (D-8030); an earlier variant that looks broadly the same as the F-104S. / A Dutch F-104G, a closely related earlier variant, not an Italian F-104S.
am_f104sasa	f104	same_family	Dutch F-104G Starfighter (D-8030); an earlier variant that looks broadly the same as the F-104S.ASA. / A Dutch F-104G, a closely related earlier variant, not an F-104S.ASA.
am_tornado_adv	tornado_adv	same_type	RAF Tornado F3 (ADV) banking, underside view showing its long nose and semi-recessed missile stations. / RAF Tornado F3 (ADV) underside, showing the long radome and semi-recessed fuselage missile stations.
am_tornado_ecr	tornado	same_family	German Tornado IDS in a special anniversary livery in flight; ECR-specific features are not shown. / German Tornado IDS 43+92 in a special livery, an IDS rather than the ECR variant.
am_tornado_ids	tornado	same_type	German Tornado IDS in a special anniversary livery in flight. / German Tornado IDS 43+92 in a special anniversary livery, in flight.
am_tornado_ids_95	tornado	same_type	German Tornado IDS in a special anniversary livery in flight. / German Tornado IDS 43+92 in a special anniversary livery, in flight.
anl_ms_bulk	bulk_carrier	same_type	Geared bulk carrier with four deck cranes moored at a loading jetty. / Bulk carrier Sea Etiquette with four deck cranes at the Kwinana bulk terminal.
aus_a330_mrtt	a330_mrtt	same_type	Head-on photo of a grey RAAF KC-30A (A330 MRTT) with underwing refuelling pods, taxiing. / RAAF KC-30A (A330 MRTT) seen head-on with its underwing refuelling pods.
aus_ec_665_had-e	tiger	same_type	Australian Army Tiger ARH (A38-018) on static display behind cones. / Australian Army Tiger ARH (A38-018) in camouflage on static display.
be_nh90	nh90	same_type	Dutch NH90 NFH (325) parked; same naval NH90 airframe, Dutch markings. / Dutch NH90 NFH naval helicopter; same type as Belgian naval NH90.
bel_a400m_airdroop-para	a400m	same_type	Head-on view of a grey Airbus A400M Atlas on the ramp. / Airbus A400M Atlas head-on on the apron (Airbus-grey test aircraft).
bel_a400m_tankers	a400m	same_type	Head-on view of an A400M Atlas; same airframe as the tanker role. / Airbus A400M Atlas airframe head-on; the tanker role is a fit difference only.
boeing-rc135	rc135	same_family	RC-135V Rivet Joint with original TF33 engines, not the modern re-engined CFM56 configuration. / Legacy TF33-engined RC-135V, not the modern re-engined RC-135V/W with larger CFM56 nacelles.
boeing-rc135_early	rc135	same_type	RC-135V Rivet Joint with original TF33 engines and cheek fairings: the legacy configuration. / Legacy TF33-engined RC-135V Rivet Joint with hog nose and cheek fairings.
br_a330_mrtt	a330_mrtt	same_type	Grey A330 MRTT tanker head-on (RAAF KC-30A); same airframe, different operator. / A330 MRTT tanker seen head-on; the operator differs but the airframe is the same.
bra_cv_sao_paulo	sao_paulo	same_type	NAe Sao Paulo (A12) broadside in the foreground, with USS Ronald Reagan behind. / NAe São Paulo (A12), ex-Clemenceau-class carrier, in full side view in the foreground, with USS Ronald Reagan in the background.
bra_ss_riachuelo	riachuelo	same_type	Brazilian submarine Riachuelo (S40) surfaced off Rio de Janeiro. / Brazilian submarine Riachuelo (S40) surfaced off Rio de Janeiro.
bra_ss_tikuna	tupi	same_family	Brazilian Tupi-class submarine S30 surfaced; Tikuna is the enlarged derivative. / Brazilian Tupi-class S30 (Type 209/1400) surfaced; Tikuna is a modified, slightly enlarged derivative that looks broadly the same.
bra_ss_tupi	tupi	same_type	Brazilian Tupi-class submarine S30 surfaced underway. / Tupi-class submarine S30 surfaced underway off Rio, with the hull and sail clearly visible.
bra_type22b12	type22	same_family	HMS Cumberland (F85), a Type 22 Batch 3, not a Batch 1 Greenhalgh-class ship. / RN Type 22 Batch 3 HMS Cumberland, not the ex-Batch 1 Greenhalgh-class fit or operator.
brd_ifv_marder_1a3	marder	same_type	Marder 1A3 IFV with foliage camouflage driving on a dusty track (front view). / A Marder 1A3 in Ukrainian service, partly covered in foliage, driving on a training ground.
brd_mbt_leo2a4	leopard2a4	same_type	Czech Leopard 2A4 MBT front view at a public display, visitors at edges. / Czech Leopard 2A4 MBT seen from the front at a public display.
brd_spaa_gepard	gepard	same_type	Bundeswehr Gepard SPAAG with twin 35 mm guns and search radar. / A German Gepard anti-aircraft tank with twin 35 mm guns and its radars.
brd_spaa_gepard1a2	gepard	same_type	Bundeswehr Gepard SPAAG; the sub-variant cannot be told apart in the photo, but it looks the same. / A German Gepard anti-aircraft tank; the 1A2 upgrade looks externally the same.
bre_m2kb	mirage2000d	same_family	Pair of French Air Force Mirage 2000D two-seat strike jets; related to the Brazilian 2000B trainer. / Pair of French Mirage 2000D two-seat strike jets. Related to the 2000B trainer but a different variant.
bre_m2kc_rdi	mirage2000c	same_family	Head-on Ukrainian Mirage 2000-5F under camo netting; 2000C looks broadly the same. / Head-on view of a Ukrainian single-seat Mirage 2000-5F with blue/yellow drop tanks; same Mirage 2000 family, but not the 2000C flown by Brazil.
bw_ec_665_had-e	tiger	same_family	Australian Tiger ARH with roof sight and chin gun; German Tigers (UHT) have a mast sight and no gun. / Australian Tiger ARH in Australian camouflage and markings; same Tiger family, but a different variant and operator from the German Tiger (UHT has a mast-mounted sight).
ca_a330_mrtt	a330_mrtt	same_type	Grey A330 MRTT tanker head-on (RAAF KC-30A); same airframe as CC-330, different operator. / A330 MRTT tanker seen head-on; same airframe as the CC-330 Husky.
canberra_bomber	canberra_bomber	same_type	Complete Canberra bomber on static display. / Complete RAAF Canberra B.20 bomber on static display.
ch_apc_m113	m113	same_type	Museum M113 APC, front view with the engine access hatch open. / M113 APC in a museum with engine access hatch open and info board in front.
ch_e3d	e3	same_family	USAF E-3 Sentry with TF33 engines; E-3D has larger CFM56 engines but looks broadly the same. / USAF E-3 Sentry with narrow TF33 engines, seen from above; same AWACS family, but the E-3D has larger CFM56 nacelles and RAF markings.
ch_type22b2_barak	type22	same_family	HMS Cumberland (F85), a Type 22 Batch 3, not the Chilean Batch 2 Barak refit. / RN Type 22 Batch 3 HMS Cumberland, not the Chilean Batch 2 ship with its Barak refit.
civ_a320	a320	same_type	Lufthansa Airbus A320-200 climbing out, clear side-underside view. / Lufthansa Airbus A320-200 (D-AIQT) climbing out after takeoff.
civ_a330	a330	same_type	bmi Airbus A330-200 taxiing, full side view. / bmi Airbus A330-200 airliner taxiing.
civ_a380	a380	same_type	Emirates Airbus A380 taking off past an airport control tower. / Emirates Airbus A380 taking off, with an airport tower behind.
civ_car_pickup_1983	technical	same_type	Toyota-type pickup technical with an anti-aircraft autocannon and gunner in the bed. / Toyota Land Cruiser pickup technical with ZU-23-2 mount and gunner.
civ_car_pickup_1983_aa-8	technical	same_family	Land Cruiser-type pickup technical with a ZU-23 autocannon; same vehicle, but AA-8 missile armament is not shown.
civ_car_pickup_1983_assault_civ	technical	same_family	Gun-armed pickup technical; troop-carrying assault variant not shown. / Pickup technical with ZU-23 gun mount, not the troop-carrying (AK/RPG) assault pickup of the unit.
civ_car_pickup_1983_assault_rn	technical	same_family	Gun-armed pickup technical; troop-carrying assault variant not shown. / Pickup technical with ZU-23 gun mount, not the troop-carrying assault pickup of the unit.
civ_car_pickup_1983_assault_us	technical	same_family	Gun-armed pickup technical; troop-carrying assault variant not shown. / Pickup technical with ZU-23 gun mount, not the troop-carrying assault pickup of the unit.
civ_car_pickup_1983_assault_wp	technical	same_family	Gun-armed pickup technical; troop-carrying assault variant not shown. / Pickup technical with ZU-23 gun mount, not the troop-carrying assault pickup of the unit.
civ_car_pickup_1983_bmp-1	technical	same_family	Pickup technical with a ZU-23 autocannon; same vehicle, but the BMP-1 turret armament is not shown.
civ_car_pickup_1983_bmp-2	technical	same_family	Pickup technical with a ZU-23 autocannon; same vehicle, but the BMP-2 turret armament is not shown.
civ_car_pickup_1983_fim-92	technical	same_family	Pickup technical with a ZU-23 autocannon; same vehicle, but Stinger armament is not shown.
civ_car_pickup_1983_m2	technical	same_family	Pickup technical with heavier AA autocannon rather than an M2 machine gun. / Gun-armed pickup technical, but the mount is a ZU-23 autocannon rather than an M2 machine gun.
civ_car_pickup_1983_m224	technical	same_family	Pickup technical with a ZU-23 autocannon; same vehicle, but the M224 mortar is not shown.
civ_car_pickup_1983_medic	technical	wrong_subject	Gun-armed AA technical, not an ambulance/medic pickup. / Shows an armed ZU-23 gun technical, not an unarmed ambulance-converted pickup.
civ_car_pickup_1983_sa-7	technical	same_family	Pickup technical with a ZU-23 autocannon; same vehicle, but Strela-2 armament is not shown.
civ_car_pickup_1983_tow	technical	same_family	Pickup technical with a ZU-23 autocannon; same vehicle, but the TOW launcher is not shown.
civ_fv_aswtrawler	trawler	wrong_subject	Modern civilian beam trawler White Horse beached in surf, not a naval anti-submarine trawler. / The photo shows an unarmed civilian beam trawler, not a naval anti-submarine trawler.
civ_fv_fishingboat_b_armed	trawler	same_family	Small European steel trawler White Horse (beam-trawl derricks raised) of similar size; broadly similar to the generic 30 m small side trawler, though the rig differs.
civ_fv_fishingboat_c_armed	trawler	same_family	Civilian beam trawler White Horse beached in surf; a generic small fishing vessel. / A small civilian beam trawler works only as a generic fishing-boat photo; no armament is shown.
civ_fv_fishingboat_d_armed	trawler	wrong_subject	Civilian beam trawler with outrigger derricks, not a purse seiner. / The photo shows a beam trawler with trawl booms, not a seiner; the rig visibly differs (between same_family and wrong_subject, so wrong_subject was chosen).
civ_fv_okean_armed	trawler	wrong_subject	Small civilian beam trawler, not a large Okean-type ocean-going side trawler. / The photo shows a small Belgian beam trawler, not the much larger Soviet Okean-class side trawler or intelligence ship.
civ_fv_sidetrawler_armed	trawler	wrong_subject	Civilian beam trawler with outrigger derricks, not a seiner. / The photo shows a beam trawler with outrigger booms, which matches neither the seiner label nor the side-trawler hull.
civ_il-76t	il76	same_family	Aeroflot-liveried Il-76MD (RA-78791) parked; same airframe as the civil Il-76T. / Il-76MD (nose marked ИЛ-76МД, RA-78791) in Aeroflot livery; military variant of the civil Il-76T.
civ_il-76td	il76	same_family	Aeroflot-liveried Il-76MD (RA-78791) parked; same airframe as the civil Il-76TD. / Il-76MD (nose marked ИЛ-76МД) in Aeroflot livery; military counterpart of the civil Il-76TD.
civ_ms_act_1_armed	container	wrong_subject	Generic Yang Ming Line container ship underway, not an ACT 1-class vessel. / Modern Yang Ming Line container ship with name on hull, not the ACT 1 class.
civ_ms_amra	freighter	wrong_subject	Modern gearless short-sea coaster 'Kristina', not a crane-equipped Swan Hunter general cargo ship. / Modern gearless short-sea coaster 'Kristina'; the Amra class is a 143 m 1970s British general cargo ship with its own cranes.
civ_ms_andizhan	freighter	wrong_subject	Modern gearless coaster 'Kristina', not a 1950s East German-built Andizhan-class freighter with derricks. / Modern gearless coaster with open box hold; the Andizhan class is a late-1950s East German-built break-bulk freighter with derricks.
civ_ms_freighter_a	freighter	wrong_subject	Modern gearless coaster 'Kristina', not a C4-class general cargo ship. / Modern gearless coaster; the unit is a WWII/1950s-era US C4 cargo liner with a midships superstructure and derricks.
civ_ms_freighter_b	freighter	wrong_subject	Modern gearless coaster 'Kristina', not an Improved C4-class general cargo ship. / Modern gearless coaster; the unit is a 180 m Improved C4 (Seamaster) steam cargo liner with derricks.
civ_ms_freighter_d	freighter	wrong_subject	Small modern gearless coaster, not a large crane-equipped general cargo freighter. / Gearless short-sea coaster; the unit is a 157 m geared general cargo ship whose defining feature is its own cranes, which this photo lacks.
civ_ms_irkutsk	freighter	wrong_subject	Modern gearless coaster 'Kristina', not a crane-equipped Soviet Irkutsk-class cargo ship. / Small modern gearless coaster; the Irkutsk class is a 151 m Soviet cargo ship with its own cranes.
civ_ms_kommunist	freighter	wrong_subject	Modern gearless coaster 'Kristina', not a 12,000-ton Soviet Kommunist-class freighter with cargo gear. / Small modern gearless coaster; the Kommunist class is a 155 m Soviet-era geared break-bulk freighter.
civ_ms_mairangi_bay	container	same_family	A generic Yang Ming Line container ship under way; it is a container ship but not the Mairangi Bay class itself. / Modern Yang Ming Line container ship at sea; the same ship type and layout as the late-1970s Mairangi Bay container ship, but a different class.
civ_ms_metallurg_anosov	freighter	wrong_subject	Modern gearless coaster 'Kristina', not a Soviet Metallurg Anosov-class (Project 567) cargo ship with standalone cranes. / Small modern gearless coaster; the Metallurg Anosov (Project 567) is a 170 m 1960s Soviet steam cargo ship with heavy derricks.
civ_ms_murom	freighter	wrong_subject	Modern gearless coaster 'Kristina', not a Soviet Murom-class general cargo ship with cargo gear. / Small modern gearless coaster; the Murom class is a 155 m Soviet-era geared general cargo ship.
civ_ms_poltava	freighter	wrong_subject	Modern gearless coaster 'Kristina', not a Poltava-class freighter with heavy-lift derricks. / The coaster shares an aft superstructure but has no cargo gear; the Poltava class is a 156 m freighter defined by its heavy-lift derricks.
civ_ms_roro_b_armed	roro	wrong_subject	Soviet passenger cruise-ferry with lifeboats and passengers, not a medium cargo RORO with bow ramp. / Soviet passenger cruise ferry Lev Tolstoy, not the Ivan Skuridin-type bow-ramp cargo RORO.
civ_ms_slavyansk	freighter	wrong_subject	Modern gearless coaster 'Kristina', not a five-hold Soviet Slavyansk-class cargo ship. / Small modern gearless coaster; the Slavyansk class is a 153 m late-1960s Soviet five-hold geared cargo ship.
civ_ms_super_p	container	wrong_subject	A modern cellular container ship, while Super P is a 1960s crane-equipped general cargo liner. / Fully cellular container ship, but the Super P class is a late-1960s geared break-bulk cargo liner with cranes, not a container ship.
civ_ms_yuniy_partizan	freighter	same_family	Modern small coaster with its bridge aft; broadly like the small Romanian Yuniy Partizan coastal cargo ships, but not that class. / Small aft-bridge coaster of similar size and layout to the 89 m Romanian-built Yuniy Partizan coastal freighter, but a modern ship of a different class.
co_a330_mrtt	a330_mrtt	same_type	Grey A330 MRTT tanker head-on (RAAF KC-30A); same airframe, different operator. / A330 MRTT tanker seen head-on; same airframe as the KC-330.
de_nh90	nh90	same_family	Dutch NH90 NFH (325) parked; German naval NH90 (Sea Lion/Sea Tiger) differs in fit. / Dutch NH90 NFH naval helicopter; German naval NH90 differs only in fit.
de_sea_lynx_mk88	lynx	same_family	Royal Navy Lynx HAS.3 in a museum; the Mk88A is the later Super Lynx standard. / Royal Navy Lynx HAS.3 museum exhibit with the early nose; the Mk88A has the Super Lynx chin radar.
dk_mh-60r	mh60r	same_type	US Navy MH-60R Seahawk hovering over the sea; same type as the Danish unit, different operator. / US Navy MH-60R Seahawk; Danish MH-60R is the same type with a different operator.
dts_saab_ge	globaleye	same_type	Saab GlobalEye with Erieye ER radar beam on a Global 6000 airframe, side view. / Saab GlobalEye with its Erieye ER radar on top, landing.
eaf_m2kbm	mirage2000d	same_family	Pair of French Mirage 2000D two-seaters; related to the Egyptian 2000BM trainer. / Pair of French Mirage 2000D two-seaters, not the Egyptian 2000BM trainer, though it looks broadly the same.
eaf_m2kem	mirage2000	same_family	Qatari two-seat Mirage 2000-5 in flight; an early-model Mirage 2000 looks broadly the same. / Qatari two-seat Mirage 2000-5 in flight, not the single-seat 2000EM.
ei_aaa_sidam_mistral	mistral_missile	wrong_subject	Soldier on a pedestal-mounted Mistral MANPADS launcher at a parade, not the SIDAM 25 tracked SPAAG. / Mistral missile on a soldier-operated tripod launcher at a parade, not the SIDAM 25 M113-based SPAAG.
eu_ef2000_fgr4	typhoon	same_type	German Eurofighter Typhoon (30+68) in special Luftwaffe display livery, climbing. / Single-seat Eurofighter Typhoon (German 30+68, Luftwaffe special livery) climbing.
eu_ef2000_fgr4_late	typhoon	same_type	German Eurofighter Typhoon (30+68) in special Luftwaffe display livery, climbing. / Single-seat Eurofighter Typhoon in German special livery; same airframe, different paint.
exp_rafale_b	rafale_b	same_type	French Air Force two-seat Rafale B on approach with gear down. / French Air Force two-seat Rafale B on approach with gear down.
exp_rafale_b_l	rafale_b	same_type	French Air Force two-seat Rafale B on approach with gear down. / Two-seat Rafale B airframe; the later standard looks the same from outside.
exp_rafale_c	rafale_c	same_type	Single-seat Rafale in blue display livery climbing on afterburner, seen from behind. / Single-seat Rafale in the French solo display livery, seen from below and behind with afterburners lit; airframe matches, but the livery is French.
exp_rafale_c_l	rafale_c	same_type	Single-seat Rafale in blue display livery climbing on afterburner, seen from behind. / Single-seat Rafale C in a display livery seen from below and behind; the late-standard fit cannot be verified, but it is the same airframe type.
exp_rafale_m	rafale_m	same_type	French Navy Rafale M '37' on approach with gear down; the export operator differs. / French Navy Rafale M (37) on approach with gear and refuelling probe out.
exp_rafale_m_l	rafale_m	same_type	French Navy Rafale M '37' on approach with gear down; the late export fit is not visibly distinct. / French Navy Rafale M (37) on approach. A later standard looks the same airframe at a glance.
fap_m2kdp	mirage2000d	same_family	Pair of French Mirage 2000D two-seaters; related to the Peruvian 2000DP trainer. / Pair of French Mirage 2000D two-seaters, not the Peruvian 2000DP trainer, though it looks broadly the same.
fap_m2kp	mirage2000	same_family	Qatari two-seat Mirage 2000-5 in flight; the single-seat Mirage 2000P looks broadly the same. / Qatari two-seat Mirage 2000-5, not the single-seat 2000P.
fi_nh90_tth	nh90_tth	same_type	German Army NH90 TTH hovering over troops and vehicles. / German Army NH90 TTH in camouflage hovering over troops; same type, different operator.
fr_a330_mrtt	a330_mrtt	same_type	Grey A330 MRTT tanker head-on (RAAF KC-30A); same airframe as Phénix, different operator. / A330 MRTT tanker seen head-on; same airframe as the Phénix.
fr_a400m_airdroop-para	a400m	same_type	Head-on view of a grey Airbus A400M Atlas on the ramp. / Airbus A400M Atlas head-on on the apron.
fr_a400m_sf	a400m	same_type	Head-on view of an A400M Atlas; same airframe as the SF role. / Airbus A400M Atlas airframe head-on; the special-forces role is a fit difference only.
fr_a400m_tankers	a400m	same_type	Head-on view of an A400M Atlas; same airframe as the tanker role. / Airbus A400M Atlas airframe head-on; the tanker role is a fit difference only.
fr_afv_jaguar	jaguar	same_type	EBRC Jaguar 6x6 in camouflage, rear quarter view on a Paris street. / French EBRC Jaguar 6x6 with CTA40 turret, rear-quarter view in Paris.
fr_apc_griffon	griffon	same_type	VBMR Griffon 6x6 APC with a remote weapon station, clear front-quarter view. / French VBMR Griffon 6x6 APC with remote weapon station.
fr_apc_serval	serval	same_type	Nexter VBMR-L Serval with remote weapon station on a Paris street. / Clear front three-quarter view of a Nexter VBMR-L Serval with a remote weapon station.
fr_apc_vab_milan	vab	same_family	French VAB 4x4 APC with a shielded roof MG at a Paris parade; no Milan fitted. / Basic French VAB 4x4 APC with a ring-mounted MG on parade; no MILAN launcher fitted.
fr_apc_vab_recon	vab	same_family	French VAB 4x4 APC with a shielded roof MG at a Paris parade. / Basic VAB VTT with a manned ring-mount MG, not a specific recon fit.
fr_apc_vab_top	vab	same_family	French VAB 4x4 APC with a protected roof MG mount at a Paris parade. / Basic VAB with an open ring-mount MG rather than the TOP remote turret.
fr_apc_vab_top+milan	vab	same_family	French VAB 4x4 APC with a protected roof MG mount at a Paris parade; no Milan fitted. / Basic VAB with an open ring-mount MG; no TOP remote turret or MILAN visible.
fr_apc_vab_ultima	vab	same_family	Standard pre-Ultima VAB 4x4 APC, without the Ultima upgrade's extra armour and fit. / Older baseline VAB VTT, not the up-armoured Ultima configuration.
fr_apc_vab_ultima+milan	vab	same_family	Standard pre-Ultima VAB 4x4 APC, without the Ultima upgrade's extra armour and fit. / Older baseline VAB, not the up-armoured Ultima, and no MILAN.
fr_apc_vab_ultima+minimi	vab	same_family	Standard pre-Ultima VAB 4x4 APC, without the Ultima upgrade's extra armour and fit. / Older baseline VAB with a ring-mount MG, not the Ultima upgrade.
fr_aquilon_202	sea_venom	unusable	Only a disassembled RN Sea Venom nose/cockpit pod with exposed engine; wings and twin booms absent. / Disassembled RN Sea Venom FAW.22 nose section only; aircraft not recognisably whole and not an Aquilon.
fr_arv_amx10	amx10	same_type	French AMX-10 RC 6x6 armoured car with 105mm gun coming off a ramp into water. / French AMX-10 RC 6x6 with 105mm gun, seen from the rear quarter.
fr_arv_amx10_shielding	amx10	same_family	Standard AMX-10 RC without the heavy add-on armour kit; usable as a class photo. / Standard AMX-10 RC without the add-on armour of the heavily armoured version.
fr_as-565_sa	panther	same_family	Royal Saudi Navy AS565 Panther (Dauphin naval) with a nose radome, landing on a ship deck. / Royal Saudi Navy AS365/AS565 Dauphin/Panther with nose radome, landing on a ship deck; the subtype is unresolved and no weapons are fitted.
fr_atl2	atl2	same_type	French Navy Atlantique 2 on the ground, side view, with chin FLIR turret and wingtip ESM pods visible. / French Navy Atlantique 2 on the ground with chin FLIR turret and wingtip pods visible.
fr_br1050	alize	same_type	Black-and-white side view of a French Navy Br.1050 Alizé on plinths; a wire fence overlays it but it is still clearly recognisable. / Monochrome French Navy Br.1050 Alizé on a pedestal; a wire fence crosses the whole frame.
fr_br1050_alh	alize	same_type	Br.1050 Alizé airframe on static display behind a fence; ALH sub-variant differences are not visible. / Monochrome French Navy Br.1050 Alizé on a pedestal behind a fence; ALH avionics fit not visible.
fr_br1050_alm	alize	same_type	Br.1050 Alizé airframe on static display behind a fence; ALM upgrade differences are minor and not visible. / Monochrome French Navy Br.1050 Alizé on a pedestal behind a fence; ALM upgrade not visible.
fr_camcopters	s100	same_type	Schiebel Camcopter S-100 (KX-0050) on display with Indonesian naval personnel. / Camcopter S-100 (KX-0050, Indonesian Navy) on display with personnel.
fr_cvn_charles-de-gaulle	charles_de_gaulle	same_type	Aerial view of carrier Charles de Gaulle (R91) underway with Rafales on deck. / Carrier Charles de Gaulle underway with Rafale Ms on deck.
fr_ddg_horizon	horizon	same_type	French Horizon-class destroyer Forbin (D620) under way, broadside. / The French Horizon-class destroyer Forbin (D620) underway, seen broadside.
fr_e2c	e2c	same_type	Two US Navy E-2C Hawkeyes over Mt Fuji; same airframe, US rather than French markings. / Two US Navy VAW-115 E-2C Hawkeyes over Mount Fuji; same type as French E-2C.
fr_e2d	e2d	same_type	E-2D Advanced Hawkeye in US Navy markings in flight; French operator only differs in paint. / E-2D Advanced Hawkeye (VX-20 test aircraft) in flight; same type, different operator.
fr_ec_665_had-e	tiger	same_family	Australian Tiger ARH, visually very close to the HAD (roof sight, chin gun). / Australian Tiger ARH with kangaroo 'ARMY' markings; same Tiger airframe family, not a French HAP/HAD Tigre.
fr_ec_725	caracal	same_type	French grey H225M/EC725 Caracal with refuelling probe parked on apron. / French grey H225M/EC725 Caracal on the apron, with nose refuelling probe and sponsons.
fr_edar_afv-ifv	edar	same_type	French EDA-R catamaran landing craft under way carrying troops, with a Mistral LHD in the background. / French EDA-R catamaran landing craft carrying troops, with a Mistral-class ship behind; loadout differs only.
fr_edar_apc	edar	same_type	French EDA-R catamaran landing craft under way carrying troops, with a Mistral LHD in the background. / EDA-R catamaran landing craft underway with troops embarked.
fr_edar_artillery	edar	same_type	French EDA-R catamaran landing craft under way carrying troops, with a Mistral LHD in the background. / EDA-R catamaran landing craft underway; the loadout shown is troops, not artillery.
fr_edar_empty	edar	same_type	French EDA-R catamaran landing craft under way, with a Mistral LHD in the background. / EDA-R catamaran landing craft seen from above and astern.
fr_edar_tank	edar	same_type	French EDA-R catamaran landing craft under way carrying troops, with a Mistral LHD in the background. / EDA-R catamaran landing craft underway; the loadout shown is troops, not a tank.
fr_edar_vl	edar	same_type	French EDA-R catamaran landing craft under way carrying troops, with a Mistral LHD in the background. / EDA-R catamaran landing craft underway with troops embarked.
fr_f-8efn	f8_crusader	same_type	French Navy F-8E(FN) Crusader in flight, seen from below. / French Navy F-8E(FN) Crusader in flight, underside view; grainy but complete.
fr_f-8efn_early	f8_crusader	same_type	French Navy F-8E(FN) Crusader in flight, seen from below. / French Navy F-8E(FN) Crusader in flight, underside view.
fr_f-8p	f8_crusader	same_type	French F-8E(FN) Crusader in flight; F-8P is the same airframe upgraded. / French F-8E(FN) Crusader; the F-8P rebuild is externally alike.
fr_fdi_amiral_ronarc'h	fdi	same_type	French FDI frigate underway in New York harbour, showing the inverted bow and integrated pyramid mast. / French FDI (Amiral Ronarc'h-class) frigate underway off New York.
fr_ffg_aquitaine_asw	aquitaine	same_type	Broadside of FREMM frigate Aquitaine (D650) at sea. / French FREMM frigate Aquitaine (D650) in full side profile.
fr_ffg_aquitaine_modernized_aaw	aquitaine	same_family	Broadside of FREMM Aquitaine (D650); same hull class, pre-modernization fit. / Aquitaine (D650) as built; a modernized AAW configuration likely changes sensors and weapons, so this is a class photo only.
fr_ffg_aquitaine_modernized_asw	aquitaine	same_family	Broadside of FREMM Aquitaine (D650); same hull class, pre-modernization fit. / Aquitaine (D650) in its original fit, not the modernized configuration; class photo only.
fr_ffg_lafayette_modernized	lafayette	same_type	French frigate La Fayette (F710) underway, original fit with Crotale aft. / La Fayette (F710) underway in her original fit with Crotale; the modernised fit (SADRAL, sonar) differs only in minor equipment.
fr_ffg_lafayette_version_opv	lafayette	same_type	La Fayette (F710) underway; same hull class, fit differences only. / La Fayette (F710) underway in her original Crotale/Exocet/100 mm fit, matching this variant.
fr_ffg_lafayette_version_opv_modernized	lafayette	same_type	La Fayette (F710) underway; same hull class, fit differences only. / La Fayette (F710) underway; same hull and superstructure, with only minor fit differences from the modernised OPV version.
fr_ifv_vbci	vbci	same_type	French Army VBCI 8x8 ('Austerlitz 1805') on a Paris street during the parade. / French Army VBCI 8x8 with its turret, shown on a Paris street.
fr_lhd_mistral	mistral	same_type	French LHD Mistral (L9013) underway, bow-quarter view. / French LHD Mistral (L9013) under way, clear bow-quarter view.
fr_m2k-5f	mirage2000c	same_type	Head-on Mirage 2000-5F (ex-French, Ukrainian-operated) under camo netting. / Head-on view of an ex-French Mirage 2000-5F, now in Ukrainian service, under camouflage netting; same subtype, but the operator differs.
fr_m2kc_rdi	mirage2000c	same_family	Head-on Mirage 2000-5F; earlier 2000C-RDI looks broadly the same. / Ukrainian Mirage 2000-5F head-on; closely related to the 2000C-RDI but a different (upgraded) subtype in Ukrainian colours.
fr_m2kc_rdm	mirage2000c	same_family	Head-on Mirage 2000-5F; earlier 2000C-RDM looks broadly the same. / Ukrainian Mirage 2000-5F head-on; same family as the 2000C-RDM but a later subtype in Ukrainian colours.
fr_m2kd	mirage2000d	same_type	Pair of French Air Force Mirage 2000D two-seat strike jets in flight. / Pair of French Air Force Mirage 2000D two-seaters in camouflage, one in afterburner.
fr_m2kd_rmv	mirage2000d	same_type	Pair of French Mirage 2000D jets; RMV is the mid-life upgrade of the same airframe. / Pair of French Mirage 2000D two-seaters; the RMV upgrade is externally the same airframe.
fr_mbt_leclerc	leclerc	same_family	Baseline French Leclerc MBT partly draped in camouflage covers; no XLR-specific armour or remote weapon station visible. / Standard French Leclerc, partly under a camouflage tarp; no visible XLR features (side armour modules, slat armour, RWS).
fr_mlrs_m270	m270	wrong_subject	A wheeled resupply truck crane loading an MLRS rocket pod onto a trailer; the M270 launcher itself is not visibly shown. / HEMTT resupply truck and trailer craning an MLRS rocket pod; the tracked M270 launcher is not shown.
fr_mq-9a	mq9	same_type	MQ-9 Reaper UAV in flight over desert (early USAF airframe). / MQ-9 Reaper in flight with V-tail, ventral fin and pusher prop (USAF airframe).
fr_nh90	nh90	same_type	Dutch NH90 NFH (325) parked; same naval NH90 airframe as the French Caiman Marine. / Dutch NH90 NFH naval helicopter; same type as French NH90 Caiman Marine.
fr_nh90_tth	nh90_tth	same_type	German Army NH90 TTH hovering over troops and vehicles. / German Army NH90 TTH; same type as the French Caiman TTH.
fr_nh90_tth_special_forces	nh90_tth	same_type	German Army NH90 TTH hovering; special forces fit differs only in equipment. / German Army NH90 TTH; the special-forces fit differs only in equipment.
fr_rafale_b	rafale_b	same_type	French Air Force two-seat Rafale B on approach with gear down. / French Air Force two-seat Rafale B on approach.
fr_rafale_b_l_nuclear	rafale_b	same_type	French Air Force two-seat Rafale B on approach, airframe only (no nuclear store shown). / Two-seat Rafale B airframe with no nuclear loadout shown; only the fit differs.
fr_rafale_c	rafale_c	same_type	Single-seat French Rafale C in display livery climbing on afterburner. / French single-seat Rafale C in solo display livery, seen from below and behind in afterburner.
fr_rafale_m	rafale_m	same_type	French Navy Rafale M '37' on approach with gear down. / French Navy Rafale M (37) on approach with gear and refuelling probe out.
fr_rafale_m_l_nuclear	rafale_m	same_type	French Navy Rafale M '37' on approach; the nuclear loadout is not shown, but it is the same airframe. / French Navy Rafale M with tanks and missiles. Same airframe; the nuclear ASMP-A load is not shown.
fr_rafale_m_tanker	rafale_m	same_type	French Navy Rafale M '37' on approach; the buddy-tanker pod is not shown, but it is the same airframe. / French Navy Rafale M with tanks. Same airframe; the buddy-refuelling pod is not fitted in this photo.
fr_sa-319	alouette3	same_type	Belgian Navy (Marine) Alouette III in flight, full airframe visible. / Belgian Navy ('MARINE') Alouette III in flight; same type, but the operator differs.
fr_sa-321	superfrelon	same_type	French Navy SA321G Super Frelon with its nose radar and float sponsons, in flight. / French Navy SA321G Super Frelon in grey camouflage, with nose radome and float sponsons.
fr_sa_342_gazelle	gazelle	same_type	French Army SA342 Gazelle (Viviane roof sight) in close-up hover. / French Army SA342M Gazelle with roof-mounted Viviane sight in close-up flight.
fr_sa_342_gazelle_special_forces	gazelle	same_type	French Army SA342 Gazelle in close-up hover; same airframe, standard army fit. / French Army SA342 Gazelle; special-forces version differs only in fit.
fr_sam_site_samp-t_ng_small	samp_t	same_family	Original SAMP/T Aster launcher truck only; stands in for the NG site as a component photo. / One SAMP/T Aster launcher on a Renault Kerax 8x8, which is only one part of a site; the NG configuration cannot be seen.
fr_sam_site_samp-t_small	samp_t	same_family	Shows one SAMP/T Aster launcher truck, a component of the site rather than the full battery. / One SAMP/T Aster launcher truck, which is a part of the site rather than the whole site.
fr_samp-t	samp_t	same_family	Original SAMP/T launcher truck; represents the NG system only as a family/component photo. / SAMP/T Aster launcher truck; the photo does not show whether it is the NG system.
fr_samp-t_ng_tel	samp_t	same_family	Original SAMP/T 8x8 Aster launcher truck; the NG launcher looks broadly similar. / SAMP/T Aster launcher on a Renault Kerax 8x8; the photo does not show whether it is the NG launcher.
fr_samp-t_radar	samp_t	wrong_subject	Shows the SAMP/T missile launcher truck, not the Arabel radar. / Shows the SAMP/T Aster launcher truck, not the Arabel radar.
fr_samp-t_tel	samp_t	same_type	SAMP/T 8x8 Renault Kerax launcher with eight Aster canisters on a Paris street. / SAMP/T eight-cell Aster launcher on a Renault Kerax 8x8 truck.
fr_sea_lynx	lynx	same_type	Royal Navy early naval Lynx (HAS.3) in a museum, the same basic naval Lynx as the French Mk.2. / Royal Navy Lynx HAS.3 museum exhibit; same early naval Lynx airframe as the French Mk.2.
fr_sea_lynx_4	lynx	same_type	Royal Navy early naval Lynx in a museum, the same basic airframe as the French Mk.4. / Royal Navy Lynx HAS.3 exhibit; the French Mk.4 is the same early naval Lynx configuration.
fr_spc_caesar	caesar	same_family	French CAESAR (MK1, Sherpa 6x6 chassis) firing; the MK2 uses a new armoured-cab chassis but looks broadly the same. / Original CAESAR on a Renault Sherpa 6x6 firing, not the Mk II with its new armoured cab and chassis.
fr_super_etendard	super_etendard	same_type	Four camouflaged Super Etendards in line-astern flight, each clearly recognisable. / Four French Navy Super Etendards (2014, so SEM standard) in formation; each aircraft is small but recognisable.
fr_super_etendard_modernise	super_etendard	same_type	Four Super Etendards in flight; the SEM airframe looks the same at this scale. / Four French Navy Super Etendard Modernises in formation, 2014; each aircraft is small but recognisable.
fr_vbl_m2	vbl	same_family	White Panhard VBL in a museum, rear three-quarter view, no weapon fitted. / Rear three-quarter view of an unarmed white museum Panhard VBL with no M2 HMG mount, so the M2 fit is not shown.
fr_vbl_milan	vbl	same_family	White Panhard VBL in a museum, rear view, no MILAN fitted; same vehicle type. / Rear view of an unarmed Panhard VBL with no MILAN launcher fitted, so the anti-tank fit is not shown.
fr_vbl_recon	vbl	same_type	White Panhard VBL in a museum, rear three-quarter view. / Rear three-quarter view of a Panhard VBL light armoured car in a museum (white paint, no weapon).
fr_vl-mica_tel	mica	wrong_subject	Air-launched MICA missile on a Mirage wing rail, not the VL-MICA ground TEL vehicle. / An air-launched MICA missile on a Mirage wing rail, not the VL-MICA ground TEL vehicle.
ger_a400m_airdroop-para	a400m	same_type	Head-on view of a grey Airbus A400M Atlas on the ramp. / Airbus A400M Atlas head-on on the apron.
ger_a400m_tankers	a400m	same_type	Head-on view of an A400M Atlas; same airframe as the tanker role. / Airbus A400M Atlas airframe head-on; the tanker role is a fit difference only.
ger_nh90	nh90	same_family	Dutch NH90 NFH (325) parked; German naval NH90 (Sea Lion/Sea Tiger) differs in fit. / Dutch NH90 NFH naval helicopter; German naval NH90 differs only in fit.
ger_nh90_tth	nh90_tth	same_type	German Army (HEER) NH90 TTH hovering over troops and vehicles. / German Army (HEER) NH90 TTH, operator matches.
ger_sea_lynx_mk88	lynx	same_family	Royal Navy Lynx HAS.3 in a museum; the Mk88A is the later Super Lynx standard. / Royal Navy Lynx HAS.3 exhibit; the Mk88A Super Lynx has a different chin-radar nose.
gre_m2k-5_bg	mirage2000d	same_family	Pair of French Mirage 2000D two-seaters; related to the Greek 2000-5BG two-seater. / French Mirage 2000D two-seaters, not the Greek 2000-5BG, though it is a related two-seat Mirage 2000.
gre_m2k-5_mk2	mirage2000c	same_family	Head-on single-seat Mirage 2000-5 (5F sub-variant) under camo netting. / Ukrainian Mirage 2000-5F with Ukrainian flag-painted tanks; a related -5 airframe, but not the Greek 2000-5 Mk2 export subtype.
gre_m2k-5_mk2_late	mirage2000c	same_family	Head-on single-seat Mirage 2000-5 (5F sub-variant) under camo netting. / Ukrainian Mirage 2000-5F head-on; a related -5 airframe, but not the Greek 2000-5 Mk2.
gre_m2kbg	mirage2000d	same_family	Pair of French Mirage 2000D two-seaters; related to the Greek 2000BG trainer. / French Mirage 2000D two-seaters, not the Greek 2000BG trainer, though it looks broadly the same.
gre_m2keg	mirage2000	same_family	Qatari two-seat Mirage 2000-5 in flight; the single-seat Mirage 2000EG looks broadly the same. / Qatari two-seat Mirage 2000-5, not the single-seat 2000EG.
gre_nh90_tth	nh90_tth	same_type	German Army NH90 TTH hovering over troops and vehicles. / German Army NH90 TTH; same type, different operator.
haf_f-16c-bl50	f16c	same_type	Underside view of a USAF F-16C carrying AMRAAMs, Sidewinders and tanks; the block cannot be seen, but it is the same airframe. / USAF F-16C with AMRAAMs, AIM-9X and bombs over Nevada; Greek Block 50 is the same type.
haf_f-16c-bl52plus	f16c	same_type	Underside view of a USAF F-16C; conformal tanks are not visible from this angle, otherwise the same type. / USAF F-16C without conformal tanks; Block 52+ differs only in fit, same airframe type.
iaf_m2kh	mirage2000	same_family	Qatari two-seat Mirage 2000-5 in flight, related to but not a 2000H. / Qatari two-seat Mirage 2000-5 (QA92) in flight; same airframe family, but a different variant and seating from the single-seat Indian Mirage 2000H.
iaf_m2ki	mirage2000	same_family	Qatari two-seat Mirage 2000-5 in flight; the Mirage 2000I is the single-seat -5 Mk2 standard. / Qatari two-seat Mirage 2000-5, not the Indian 2000I upgrade.
iaf_m2kth	mirage2000d	same_family	Pair of French Mirage 2000D two-seaters; related to the Indian 2000TH trainer. / French Mirage 2000D two-seaters, not the Indian 2000TH trainer, though it looks broadly the same.
iaf_m2kti	mirage2000d	same_family	Pair of French Mirage 2000D two-seaters; related to the Indian 2000TI upgraded trainer. / French Mirage 2000D two-seaters, not the Indian 2000TI, though it looks broadly the same.
iaf_netz	f16a	same_family	USAF F-16C (93 FS, FM tail code) in flight, not an F-16A/Netz. / USAF 93rd FS F-16C ('FM' tail) carrying missiles and tanks; same airframe family as the Israeli F-16A Netz but a later variant.
in_br1050	alize	same_type	Br.1050 Alizé in French markings; same airframe as the Indian Navy version, only the operator differs. / Alizé airframe in French Navy marks, so the operator differs, behind a fence.
ind_a400m_airdroop-para	a400m	same_type	Head-on view of a grey Airbus A400M Atlas on the ramp. / Airbus A400M Atlas head-on on the apron.
ind_a400m_tankers	a400m	same_type	Head-on view of an A400M Atlas; same airframe as the tanker role. / Airbus A400M Atlas airframe head-on; the tanker role is a fit difference only.
ins_d-63	kolkata	same_type	INS Kolkata (D63) in full broadside at sea. / Full broadside of INS Kolkata (D63) at sea.
ir_fv_fishingboat_armed	trawler	same_family	Civilian beam trawler with outrigger booms, broadly like an outrigger shrimp trawler. / A small beam trawler with outrigger booms broadly resembles an outrigger shrimp trawler; it is unarmed and European.
ir_il-76md	il76	same_type	Aeroflot-liveried Il-76MD (RA-78791) parked; Russian rather than Iranian markings. / Il-76MD (RA-78791, Aeroflot livery) parked on grass; Russian rather than Iranian operator.
it_nh90_tth	nh90_tth	same_type	German Army NH90 TTH hovering; the Italian UH-90 is the same TTH airframe. / German Army NH90 TTH; same type as the Italian UH-90.
ita_sh-101a	merlin	same_family	Royal Navy Merlin HM2 parked on a ramp; the same AW101 airframe as the Italian SH-101A but a different operator and sensor fit. / Royal Navy Merlin HM2 on the ground. A related AW101, but not the Italian SH-101A configuration or livery.
ita_sh90	nh90	same_type	Dutch NH90 NFH (325) parked; same naval NH90 airframe as Italian SH-90. / Dutch NH90 NFH naval helicopter (N-325) parked on the ramp.
jasdf_ec-2	ec2	same_family	Kawasaki C-2 derivative with a dorsal radome and wing fairings (the RC-2), not the EC-2 jammer; it is the same C-2 airframe family. / JASDF RC-2 SIGINT aircraft (C-2 airframe with a dorsal radome and fuselage fairings) taking off. A related C-2 derivative, not the EC-2 jammer.
jasdf_f-15j_peaceeagle	f15j	same_type	JASDF single-seat F-15J (12-8927) landing, shown in full; Peace Eagle is the F-15J programme name. / JASDF F-15J (12-8927) landing or taking off, airbrake up, with a centreline tank.
jgsdf_mv-22b	mv22	same_type	MV-22B Osprey in HMX-1 green/white livery taxiing with its rotors turning. / An MV-22B Osprey in the green-and-white HMX-1 USMC livery; same airframe but a different operator and paint scheme.
jmsdf_ch53_standalone	ch53e	same_family	Head-on USMC CH-53E Super Stallion; same airframe as this fictional JMSDF CH-53E (not an MH-53E), only the livery differs. / USMC CH-53E head-on; JMSDF actually flew the MH-53E with enlarged sponsons, a closely related variant.
jmsdf_ddh_ise	ise	same_type	Full broadside of JS Ise (182) underway, with JMSDF escorts behind. / JS Ise (DDH-182) underway, full broadside.
jmsdf_sh-60j	sh60k	same_family	JMSDF SH-60K (tail 8405) on the ramp; SH-60J is the earlier, broadly similar Seahawk. / JMSDF SH-60K (tail 8405) with the enlarged cabin and new rotor-blade tips; closely related to the SH-60J but a visibly different subtype.
jmsdf_sh-60k	sh60k	same_type	JMSDF SH-60K (tail 8405) parked on the ramp, full side view. / JMSDF SH-60K (tail 8405, 8400-series K serial) parked on the apron, with the enlarged cabin.
jp_f-2a	f2a	same_family	JASDF two-seat F-2B (23-8108, tandem canopy) on landing approach; trainer variant of the F-2A. / Two-seat JASDF F-2B (23-8108, tandem canopy) on approach, not the single-seat F-2A.
jp_f-2a_late	f2a	same_family	JASDF two-seat F-2B (23-8108, tandem canopy) on landing approach; trainer variant of the F-2A. / Two-seat JASDF F-2B (23-8108, tandem canopy) on approach, not the single-seat F-2A.
kaz_a400m_airdroop-para	a400m	same_type	Head-on view of a grey Airbus A400M Atlas on the ramp. / Airbus A400M Atlas head-on on the apron.
kaz_a400m_tankers	a400m	same_type	Head-on view of an A400M Atlas; same airframe as the tanker role. / Airbus A400M Atlas airframe head-on; the tanker role is a fit difference only.
ko_mbt_k2	k2	same_type	Polish-operated K2 Black Panther tank in camouflage at a ceremony. / A K2 Black Panther tank in Polish service and camouflage.
mal_a400m_airdroop-para	a400m	same_type	Head-on view of a grey Airbus A400M Atlas on the ramp. / Airbus A400M Atlas head-on on the apron.
mal_a400m_tankers	a400m	same_type	Head-on view of an A400M Atlas; same airframe as the tanker role. / Airbus A400M Atlas airframe head-on; the tanker role is a fit difference only.
mm_ab212	ab212	same_type	Grey naval AB-212 with cabin-roof radome banking low over the sea; small in frame but clearly identifiable. / Grey naval AB 212ASW (two-blade rotor, cabin-roof radome) banking low over the sea; seen from below and behind.
mm_ab212_91	ab212	same_type	Grey naval AB-212 with cabin-roof radome banking low over the sea; small in frame but clearly identifiable. / Grey naval AB 212ASW (two-blade rotor, cabin-roof radome) banking low over the sea; seen from below and behind.
mm_br1150	atl2	same_family	French Navy Atlantique 2 on the ground, a modernised derivative that looks broadly like the Br.1150 Atlantic. / French Navy Atlantique 2 with nose FLIR and wingtip ESM pods, a modernized derivative of the Br.1150.
mm_ffg_lupo	lupo	same_type	Peruvian Navy Lupo-class frigate (pennant 5x) at sea with a helicopter overhead. / Lupo-class frigate (Peruvian-flagged, pennant 5x) underway with a Bell 212 overhead; hull and armament layout are clearly Lupo.
mm_ffg_maestrale	maestrale	same_type	Italian frigate Maestrale (F570) under way, bow quarter view. / Italian Maestrale-class frigate F570 Maestrale underway.
mm_lha_garibaldi	garibaldi_cv	same_type	Aerial monochrome photo of Giuseppe Garibaldi (551) underway with helicopters on deck. / Monochrome aerial view of Giuseppe Garibaldi (551) underway with SH-3 helicopters on deck.
mm_lha_garibaldi_91	garibaldi_cv	same_type	Aerial monochrome photo of Giuseppe Garibaldi (551) underway with helicopters on deck. / Monochrome aerial view of Giuseppe Garibaldi (551) underway with SH-3 helicopters on deck.
mm_lha_garibaldi_94	garibaldi_cv	same_type	Aerial monochrome photo of Giuseppe Garibaldi (551) underway with helicopters on deck. / Monochrome aerial view of Giuseppe Garibaldi (551) underway with SH-3 helicopters on deck.
mm_sh-3	seaking	same_family	US Navy SH-3 Sea King; the Agusta-built Italian ASH-3D is a closely related licence variant. / US Navy SH-3 Sea King rescue helicopter, not an Italian Agusta ASH-3D.
mm_sh-3_91	seaking	same_family	US Navy SH-3 Sea King; the Agusta-built Italian ASH-3D is a closely related licence variant. / US Navy SH-3 Sea King rescue helicopter, not an Italian Agusta ASH-3D.
mm_ss_sauro	sauro	same_type	Museum boat Nazario Sauro in Genoa; partial view of sail and deck only, with a date stamp and harbour clutter. / Museum submarine Nazario Sauro at Genoa with only the sail and upper casing above water and a date stamp; the hull profile is not visible.
msdvd_tu-214r	tu214r	same_type	Tu-214R RA-64511 in flight showing side-looking radar and sensor fairings. / Tu-214R RA-64511 in flight showing its side-looking radar fairings.
nato_e-3a	e3	same_type	USAF E-3 Sentry AWACS in flight; same airframe as the NATO E-3A, only the operator differs. / USAF E-3 Sentry AWACS in flight from above; same airframe as NATO E-3A, different operator.
nl_nh90	nh90	same_type	Royal Netherlands Navy NH90 NFH (325) parked, full side view. / Royal Netherlands NH90 NFH (N-325) parked on the ramp.
nl_nh90_tth	nh90_tth	same_type	German Army NH90 TTH hovering over troops and vehicles. / German Army NH90 TTH; matches the unit's TTH label (the real Dutch fleet is NFH).
nl_sea_lynx	lynx	same_type	Royal Navy early naval Lynx in a museum, the same basic airframe as the Dutch SH-14B. / Royal Navy Lynx HAS.3 exhibit; the Dutch SH-14B is the same early naval Lynx form.
nv_headquarters	fob	same_family	Modern military base camp of prefab huts in a valley; the unit's in-game name is a generic 'Army Headquarters' installation also used in SEST's modern Banda missions, so this works as a labelled generic base reference, not a Vietnamese HQ.
otan_a330_mrtt	a330_mrtt	same_type	Grey A330 MRTT tanker head-on (RAAF KC-30A); same airframe, different operator. / A330 MRTT tanker seen head-on; same airframe as the NATO fleet aircraft.
paf_j-10ce	j10ce_paf	same_type	J-10CE export fighter shown statically at the Zhuhai airshow with weapons, crowd in the foreground. / J-10CE export fighter on static display at Zhuhai with weapons; no PAF markings but same type.
paf_j-7pg	j7	same_family	Early-model J-7 (M603) on outdoor display; lacks the F-7PG double-delta wing. / Preserved early Chinese J-7 with a plain delta wing, not the double-delta F-7PG.
paf_jf-17_blk_i	jf17	same_type	PAF JF-17 Thunder 09-112 in flight, an early airframe without a refuelling probe. / PAF JF-17 09-112, an early-production Block I with no refuelling probe, in flight.
paf_jf-17_blk_ii	jf17	same_family	PAF JF-17 Thunder 09-112 in flight; Block II differs only slightly, such as the refuelling probe. / PAF JF-17 09-112, an early Block I airframe; looks broadly like Block II but is not one.
paf_jf-17_blk_iii	jf17	same_family	Early-block PAF JF-17 in flight; Block III has a new radome, AESA radar and avionics but looks broadly the same. / PAF JF-17 09-112, an early Block I airframe; Block III avionics and nose changes are not shown.
ph_f-8h	f8_crusader	same_family	French F-8E(FN) Crusader in flight; related Crusader variant, not an F-8H. / French F-8E(FN) Crusader standing in for a Philippine F-8H.
phl_lpd_tarlac	tarlac	same_type	BRP Tarlac (601), Tarlac-class LPD, full hull at anchor. / BRP Tarlac (601) LPD underway at sea, full hull visible.
phl_pt_jacinto	jacinto	same_type	BRP Emilio Jacinto (35), a Jacinto-class patrol vessel, full hull view in harbour. / BRP Emilio Jacinto (PS-35), ex-Peacock-class patrol vessel, close to quay.
phl_t28	t28_ph	same_type	Philippine Air Force T-28 Trojan (645) on outdoor static display. / Philippine Air Force T-28 Trojan (tail 645) on outdoor static display, full side view.
pla_apc_zbl-08	zbl08	same_type	PLA ZBL-08 8x8 IFVs with 30mm turrets on parade at an exercise. / PLA ZBL-08 8x8 IFVs with 30mm turrets (2101, 2104) on parade.
pla_cj-10_tel	cj10	same_type	CJ-10 8x8 cruise-missile TEL with three canisters, on museum display in Beijing. / CJ-10 8x8 TEL with an enclosed three-tube launcher box, on museum display in Beijing.
pla_df-10a_tel	cj10	same_family	CJ-10 8x8 three-canister TEL; the DF-10A uses a near-identical launcher, but the variant can't be confirmed from the photo. / Original CJ-10 three-tube 8x8 TEL; matching the DF-10A TEL fit cannot be confirmed.
pla_df-15_tel	df15	same_type	DF-15B missile on its camouflaged wheeled TEL at a Beijing parade, clear side view. / DF-15B ballistic missile on its 8x8 TEL at a Beijing parade.
pla_df-21c_tel	df21	wrong_subject	Bare short-range ballistic missiles (DF-15/DF-11 type) erected on 8x8 wheeled launchers, not a DF-21 canister TEL on a tractor-trailer.
pla_df-21d_tel	df21	wrong_subject	Bare short-range ballistic missiles (DF-15/DF-11 type) erected on 8x8 wheeled launchers, not a DF-21D canister TEL on a tractor-trailer.
pla_df-26b_tel	df26	same_family	DF-26 12x12 TELs at a Beijing parade; canister marked DF-26D, same TEL type. / Parade TEL whose canister is marked 'DF-26D'; same DF-26 family and similar 12x12 TEL, but a different variant from the DF-26B.
pla_hq-11_tel	hq11	same_type	HQ-11 TEL at Zhuhai 2024: 6x6 truck with mast-mounted radar and rear missile canister pack. / HQ-11 8x8 launcher vehicle with its radar on a mast and missile canisters, at Zhuhai 2024.
pla_hq-17_tel	hq17	same_family	Serbian HQ-17AE on a wheeled 6x6 chassis; the original HQ-17 uses the same turret on a tracked chassis. / Serbian HQ-17AE on a wheeled 6x6 chassis; the base HQ-17 uses a tracked chassis with a similar turret.
pla_hq-17a	hq17	same_type	Serbian HQ-17AE, the export model of the wheeled HQ-17A, clear side view. / Serbian HQ-17AE, the export model of the wheeled HQ-17A, on static display.
pla_hq-19_tel	hq19	same_type	HQ-19 8x8 launcher with two large missile canisters at Zhuhai 2024. / HQ-19 twin-canister launcher on an 8x8 truck at Zhuhai 2024.
pla_hq-22a_tel	hq22	same_type	HQ-22 SAM TEL trucks with raised canisters on static display, labelled HQ-22. / HQ-22 TEL with four raised missile canisters on an 8x8 truck, with a display placard naming the HQ-22 system.
pla_hq-9_tel	hq9	same_type	HQ-9-family 8x8 TEL seen from the rear with four canisters raised. / HQ-9-series 8x8 TEL from the rear with four raised canisters; the vehicle profile is mostly hidden.
pla_hq-9b_tel	hq9	same_type	HQ-9B-style 8x8 TEL seen from the rear with four canisters raised. / HQ-9B-style 8x8 TEL from the rear with four canisters raised.
pla_hq-9c_tel	hq9	same_family	HQ-9/9B TEL with raised canisters; the HQ-9C launcher is a closely related variant. / Earlier HQ-9/9B TEL from the rear; HQ-9C launcher fit cannot be confirmed from this view.
pla_ifv_zbd-04a	zbd04	same_family	Original ZBD-04 IFV on display without the ZBD-04A's add-on armour and side skirts. / Original ZBD-04 IFV with BMP-3-style turret on museum display; not the up-armoured ZBD-04A configuration.
pla_ka-28	ka27	same_type	Ka-27 Helix front view on a flight deck; visually identical to the Ka-28 export model. / Ukrainian Navy Ka-27 on a ship deck; it looks externally the same as the Ka-28.
pla_kj-600	kj600	same_type	Video still of a KJ-600 parked on a carrier deck, head-on with its rotodome, J-15 alongside. / KJ-600 carrier AEW aircraft parked on Fujian's deck next to a J-15.
pla_mbt_ztz-96	ztz96	same_type	PLA Type 96 main battle tanks on public display, with visitors climbing on them. / Type 96 tanks with welded angular turrets and 125 mm guns on public display.
pla_mbt_ztz-99a	ztz99	same_type	ZTZ-99A main battle tank in digital camouflage on static display. / Clear side view of a ZTZ-99A tank in digital camouflage on display in Beijing.
pla_phl-03	phl03	same_type	PHL-03 12-tube 300 mm MRL on an 8x8 truck at a museum display. / PHL-03 300mm 12-tube rocket launcher on its 8x8 truck in digital camouflage, on museum display.
pla_sam_site_hq-11_small	hq11	same_type	HQ-11 TEL vehicle at Zhuhai 2024, the core vehicle of the HQ-11 system. / HQ-11 launcher-and-radar vehicle at Zhuhai 2024, a fair representative image for the HQ-11 system.
pla_sam_site_hq-19	hq19	same_family	Shows only one HQ-19 launcher vehicle, a component of the site rather than the whole battery. / One HQ-19 launcher truck, which is a part of the site rather than the whole site.
pla_sam_site_hq-22a	hq22	same_family	HQ-22 launcher truck only, standing in for a full HQ-22A battery site. / HQ-22 system TEL, the defining launcher of the HQ-22 SAM site, clearly shown on display.
pla_sam_site_hq-9	hq9	same_family	A single HQ-9 TEL with raised canisters, standing in for the whole SAM site. / A single HQ-9 launcher from the rear, not a whole battery site with radar.
pla_sam_site_hq-9_morden	hq9	same_family	A single HQ-9B-style TEL with raised canisters, standing in for the modern SAM site. / A single HQ-9 launcher from the rear, not a whole modern battery site.
pla_sam_site_hq_15	s300	same_family	Russian S-300P 5P85 TEL on MAZ-543 chassis; the variant cannot be confirmed and the photo shows only the launcher, not the site. / A Russian S-300P-family 5P85 launcher on the MAZ-543 chassis; the exact PMU variant and Chinese service cannot be confirmed.
pla_spaa_pgz-09	pgz09	same_type	PGZ-09 tracked twin-35mm SPAAG with front tracking-radar dish and folded search radar. / PGZ-09 twin 35mm tracked SPAAG on display at the Beijing military museum.
pla_td_ztl-11	ztl11	same_type	PLA ZTL-11 8x8 wheeled assault gun with 105mm gun in digital camouflage. / PLA 8x8 wheeled assault gun with 105 mm gun in digital camo, matching the ZTL-11.
plaaf_h-6j	h6j	same_type	Underside view of a solid-nosed H-6K/J-type bomber with six underwing pylons in PLA markings. / Underside of a modernised H-6 with D-30 turbofan nacelles, solid nose and six underwing pylons (H-6K/J airframe); the J subtype cannot be confirmed visually.
plaaf_h-6k_early	h6k	same_type	PLAAF H-6K (10294) with a black radome nose, enlarged intakes and underwing pylons, gear down. / PLAAF H-6K (10294) with turbofan intakes and a solid radar nose, on landing approach.
plaaf_h-6k_late	h6k	same_type	PLAAF H-6K (10294) with a black radome nose, enlarged intakes and underwing pylons, gear down. / PLAAF H-6K (10294) with turbofan intakes and a solid radar nose, on landing approach.
plaaf_h-6n	h6n	same_type	PLAAF H-6N in side view at altitude, with solid nose and refuelling probe visible; small in frame but recognisable. / PLAAF H-6N with nose refuelling probe in flight, side view, moderately small in frame.
plaaf_h6k	h6k	same_type	PLAAF H-6K bomber (10294) in flight with gear down, side view. / PLAAF H-6K bomber (10294) in flight, with a solid radome nose, enlarged engine intakes and six underwing pylons.
plaaf_j-10a	j10a	same_type	Single-seat PLAAF J-10A landing with drag chute deployed. / Single-seat PLAAF J-10A (50655) landing with its drag chute deployed, showing the early-type ventral intake.
plaaf_j-10c	j10c	same_type	J-10 in Bayi display-team livery with no nose pitot boom, consistent with a J-10C; display paint rather than operational camouflage. / Single-seat J-10C in the Bayi aerobatic team livery on the ramp at LIMA 2023.
plaaf_j-11	j11	same_family	Single-seat PLAAF J-11B Flanker in flight; same airframe as the J-11, with small fit differences. / Single-seat J-11B with a black radome and Chinese missiles; this is the later Chinese-built model, not the licence-built Su-27SK-standard J-11.
plaaf_j-11a	j11	same_family	Single-seat PLAAF J-11B Flanker in flight; same airframe as the J-11A, with small fit differences. / Single-seat J-11B photo; the J-11A is the same Flanker family with different radome, avionics and weapons.
plaaf_j-11b	j11	same_type	Single-seat PLAAF J-11B with a black radome and missiles, in flight. / PLAAF single-seat J-11B in grey with black radome, PL-8/PL-12 missiles and WS-10-style nozzles, on takeoff.
plaaf_j-11bg	j11	same_family	Single-seat PLAAF J-11B; the BG radar upgrade is not visible, and the airframe is identical. / Standard J-11B; the photo does not show the BG AESA-radar upgrade, so it is a family photo.
plaaf_j-11bgh	j11	same_family	Single-seat J-11B in PLAAF markings; the naval BGH has the same airframe with radar and operator differences. / PLAAF single-seat J-11B; the naval BGH AESA variant is not shown, so it is a family photo.
plaaf_j-11bh	j11	same_type	Single-seat J-11B in PLAAF markings; the naval BH has the same airframe, operated by a different service. / J-11B airframe; the J-11BH is the same aircraft in naval service, so only the operator differs.
plaaf_j-11bs	j11	same_family	Single-seat J-11B, while the J-11BS is the tandem two-seat trainer with a longer canopy. / Single-seat J-11B, while the J-11BS is the tandem two-seat version, so it is visibly a different variant.
plaaf_j-16	j16	same_type	PLAAF two-seat J-16 Flanker in dark grey, in flight. / PLAAF J-16 two-seat Flanker banking in flight.
plaaf_j-16d	j16d	same_type	J-16D electronic-warfare jet with wingtip jamming pods on static display at Zhuhai. / PLAAF J-16D on static display at Zhuhai with wingtip EW pods; the placard identifies it as J-16D.
plaaf_j-20a	j20	same_family	Early-production J-20 at an airshow in top-down banked view; the J-20A differs only in engines and spine detail. / PLAAF J-20 stealth fighter in a banking pass. It is an early production airframe; differences from the J-20A are minor.
plaaf_j-7e	j7	same_family	Early-model J-7 (M603) on outdoor display; lacks the J-7E double-delta wing. / Preserved early J-7 with a plain delta wing, not the double-delta J-7E.
plaaf_j-7ii	j7	same_family	Early-model J-7 (M603) on outdoor display, broadly similar to the J-7II. / Preserved early-generation J-7 close to the J-7II, but the exact J-7I/II sub-variant can't be confirmed from the photo.
plaaf_j-7iiia	j7	same_family	Early-model J-7 (M603) on outdoor display; lacks the J-7III's enlarged spine. / Preserved early J-7 without the J-7III/IIIA's enlarged dorsal spine and later canopy; family match only.
plaaf_j-8b	j8	wrong_subject	Early nose-intake J-8; the J-8B is a J-8II with side intakes and a solid radar nose. / Early nose-intake J-8 (Finback-A), not the side-intake, solid-nose J-8II/B Finback-B.
plaaf_j-8e	j8	same_family	Early nose-intake J-8 museum aircraft; the J-8E is an avionics upgrade of the same basic J-8 airframe. / Early nose-intake J-8 museum aircraft; the J-8E is the final upgrade of this same nose-intake airframe.
plaaf_j-8f	j8	wrong_subject	Early nose-intake J-8; the J-8F is a J-8II derivative with side intakes and a solid radar nose. / Early nose-intake J-8 (Finback-A), not the side-intake, radar-nosed J-8F Finback-B.
plaaf_j10c	j10c	same_type	J-10C in Bayi display-team livery parked on the apron (side view). / A J-10C in Bayi aerobatic-team livery, with the IRST fairing ahead of the windscreen visible.
plaaf_j16	j16	same_type	PLAAF J-16 two-seat Flanker in flight, clear planform view. / PLAAF J-16 two-seat Flanker in flight.
plaaf_j16d	j16d	same_type	J-16D electronic-warfare jet with wingtip pods on static display at Zhuhai. / J-16D electronic-warfare aircraft with wingtip jamming pods at the Zhuhai Airshow.
plaaf_j7	j7	same_family	Early-model J-7 (M603) on outdoor display; lacks the J-7G double-delta wing. / Preserved early J-7 (M603) with a plain delta wing; the J-7G has a double-delta wing and other updates.
plaaf_j8j	j8	wrong_subject	Early nose-intake J-8 (Finback-A) museum aircraft; the J-8J unit uses a side-intake, solid-nose Su-15T mesh and looks clearly different.
plaaf_jh7a	jh7a	same_type	PLAAF JH-7A (30790) in flight, clear side view. / PLAAF JH-7A (30790) in flight with a centreline tank.
plaaf_jz-8f	j8	wrong_subject	Museum early J-8 with a nose air intake and shock cone, while the JZ-8F is J-8II/F-derived with a solid nose and side intakes. / Museum early J-8 (Finback-A) with a nose intake and shock cone; the JZ-8F is the J-8II/F airframe with side intakes and a solid radar nose.
plaaf_kj-500	kj500	same_type	PLAAF KJ-500 AEW aircraft with its fixed dorsal radar disc, in flight. / PLAAF KJ-500 AEW aircraft on the Y-9 airframe, with fixed rotodome, in flight.
plaaf_kj2000	kj2000	same_type	PLAAF KJ-2000 AEW aircraft (30072) with its fixed radar dome, on approach. / PLAAF KJ-2000 (30072) Il-76-based AEW aircraft in flight with fixed rotodome.
plaaf_su-27ubk	su27	same_family	Single-seat Russian Su-27 taking off; the UBK is the two-seat trainer with a longer canopy. / Single-seat Russian Su-27 (blue 01) landing, not the tandem two-seat Su-27UBK.
plaaf_y-20a	y20	same_type	PLAAF Y-20 transport in flight with the early slim engine nacelles (Y-20A). / PLAAF Y-20 in flight with slim D-30-style nacelles, consistent with the Y-20A.
plaaf_y-20b	y20	same_family	PLAAF Y-20A in flight; same airframe as the Y-20B but with the earlier slimmer engines rather than the B's WS-20. / Y-20 with slim D-30-style nacelles (Y-20A), not the WS-20-engined Y-20B; same airframe family.
plaaf_y-20b_albm	y20	same_family	PLAAF Y-20A transport in flight; related airframe, not the experimental Y-20B configuration. / Standard Y-20 transport with D-30-style engines; neither the Y-20B engines nor any experimental missile fit is shown.
plaaf_y-9dz	y9	same_family	Plain PLAAF Y-9 transport (10156) on approach, without the DZ's ELINT fairings. / Plain PLAAF Y-9 transport (10156) in flight; lacks the Y-9DZ ELINT fairings and antennas.
plaaf_y-9jz	y9	same_family	Plain PLAAF Y-9 transport (10156) on approach, without the JZ's side antenna fairings. / Plain PLAAF Y-9 transport; Y-9JZ's large side ELINT fairings are absent.
plaaf_y-9lg	y9	same_family	Plain PLAAF Y-9 transport (10156) on approach, without the LG's large side arrays. / Plain PLAAF Y-9 transport; Y-9LG EW antenna fit is absent.
plaaf_yy-20a	yy20	same_type	YY-20 tanker trailing a hose to refuel a J-16, with a second J-16 nearby. / PLAAF YY-20 tanker with hose deployed refuelling a J-16, second J-16 alongside; tanker clearly recognisable.
plaf_j16a	j16	same_type	PLAAF J-16 two-seat Flanker in flight, clear planform view. / PLAAF J-16 two-seat Flanker in flight; block standard not visible.
plaf_j16a block3	j16	same_type	PLAAF J-16 two-seat Flanker in flight, clear planform view; the block designation can't be verified from the photo. / PLAAF J-16 two-seat Flanker in flight; block standard not visible.
plaf_j16d	j16d	same_type	J-16D electronic-warfare jet with wingtip pods on static display at Zhuhai. / J-16D electronic-warfare aircraft with wingtip jamming pods at the Zhuhai Airshow.
plan_j-15	j15	unusable	Magazine 3D-render infographic of the J-15T with callouts, not a photograph. / Scanned magazine spread of labelled 3D renders (J-15 catapult variant), not a photograph.
plan_j-15a	j15	unusable	Magazine 3D-render infographic of the J-15T with callouts, not a photograph. / Scanned magazine spread of labelled 3D renders (J-15 catapult variant), not a photograph.
plan_j-15d	j15	unusable	Magazine 3D-render infographic of the single-seat J-15T, not a photograph and not the two-seat EW J-15D. / Scanned magazine spread of renders of the J-15T catapult fighter, not a photograph and not the J-15D EW variant.
plan_j-15dt	j15	unusable	Chinese magazine infographic of 3D renders of a catapult J-15 with callouts, not a photograph. / Labelled magazine 3D-render spread of a J-15T fighter, not a photograph (and not the EW J-15DT).
plan_j-15t	j15	unusable	Chinese magazine infographic of 3D renders of a J-15T with text callouts, not a photograph. / Labelled magazine 3D-render spread of the catapult J-15T with Chinese callouts, not a photograph.
plan_j-35	j35	same_type	PLA Navy J-35 stealth fighter (serial 93, shark tail art) landing on a runway, clear side view. / PLA Navy J-35 (bort 93, shark tail art) landing on a runway, side view.
plan_j7k	j7	same_family	Early-model J-7 (M603) on outdoor display, a related but earlier variant. / Preserved early-model J-7 fighter; same MiG-21-derived family, but this exact variant can't be confirmed as the J-7K.
plan_j_15	j15	unusable	Magazine 3D-render infographic of J-15T catapult variant with Chinese labels, not a photograph. / Scanned Chinese magazine spread of labelled 3D renders (J-15 catapult variant), not a photograph.
plan_j_15t	j15	unusable	Annotated magazine 3D illustration of the J-15T, not a photograph. / Scanned magazine spread of labelled 3D renders of the J-15T; it is an illustration, not a photograph.
plan_ka-28	ka27	same_type	Ukrainian naval Ka-27 coaxial helicopter on a ship's flight deck; the Ka-28 is the export version of the same airframe. / Ukrainian naval Ka-27PL, front view on a ship's flight deck; the Ka-28 is its export version.
plan_ka-31	ka31	same_type	Ka-31 coaxial AEW helicopter (stowed underfuselage antenna) on static display. / Russian-marked Ka-31 AEW helicopter (032) on static display, with the folded belly radar antenna and the long-strut gear; the operator differs from the PLAN.
plan_ka_28	ka27	same_type	Ka-27 Helix (Ukrainian Navy) front view on a ship's flight deck; Ka-28 is the visually identical export Ka-27PL. / Ukrainian Navy Ka-27 head-on on a ship's flight deck; it looks externally the same as the Ka-28 export ASW helicopter.
plan_ka_28_mod	ka27	same_family	Ka-27 Helix front view on a flight deck; the improved Ka-28F variant cannot be confirmed from this photo. / Base Ukrainian Ka-27 on a ship deck; the modified Ka-28F (extra ESM/IR/laser sensors) is not shown.
plan_kj-600	kj600	same_type	KJ-600 AEW aircraft head-on on a carrier deck with a J-15 behind; low-res video frame but clear. / KJ-600 AEW aircraft parked on a carrier deck with a J-15 behind (video still).
plan_kj-600a	kj600	same_family	Video still of a standard KJ-600 on a carrier deck; the fictional KJ-600A upgrade is not shown. / Baseline KJ-600 on Fujian's deck; the fictional KJ-600A upgrade cannot be confirmed from the photo.
plan_kj500a	kj500	same_family	KJ-500 in flight with dorsal rotodome; no refuelling probe visible, so baseline KJ-500 rather than KJ-500A. / Baseline KJ-500 (Y-9 with fixed rotodome) without the refuelling probe that marks the KJ-500A.
plan_kj600	kj600	same_type	Video still of a KJ-600 parked on a carrier deck, head-on with its rotodome, J-15 alongside. / KJ-600 carrier AEW aircraft parked on Fujian's deck next to a J-15.
plan_ss_kilo	kilo	same_type	Kilo-class submarine running surfaced at speed; same class as the PLAN Kilos. / Kilo-class diesel submarine under way (Russian boat), the same class the PLAN operates.
plan_ss_ming	ming	same_type	Retired Type 035 Ming-class submarine moored as a museum ship, full profile. / Retired Type 035 Ming-class diesel submarine moored as a museum ship.
plan_ssbn_jin	jin	same_type	Type 094 Jin-class SSBN alongside a pier with its missile hatches open. / Type 094 Jin-class SSBN alongside a pier with its missile tube hatches open.
plan_ssbn_type_094	jin	same_type	Type 094 Jin-class SSBN alongside a pier with its missile hatches open. / Original Type 094 Jin SSBN with an unfaired sail and open missile hatches.
plan_ssbn_type_094a	jin	same_family	Early Type 094 Jin with the original sail; the 094A has a modified sail and hump. / Original Type 094 with the early sail, lacking the 094A's sail-root fairing.
plan_ssn_han	han	same_type	Preserved Type 091 Han-class SSN at a museum pier, showing its teardrop bow and the sail with diving planes. / Preserved Type 091 Han-class SSN at the Qingdao museum, showing the teardrop bow and sail with fairwater planes.
plan_ssn_han_rsa	han	same_type	Type 091 Han-class SSN museum boat at Qingdao, bow-on view of the sail and hull. / Type 091 Han SSN museum boat at Qingdao, bow-on view with sail planes.
plan_y-8fq	y8	wrong_subject	Basic PLAAF Y-8 transport with a glazed nose, while the Y-8FQ ASW aircraft has a solid radar nose and a MAD tail boom. / Plain PLAAF Y-8 transport with a glazed navigator nose; the Y-8FQ ASW aircraft has a solid nose, a chin radar and a MAD tail boom, so this is not interchangeable.
plan_y-9fq	y9	same_family	Plain PLAAF Y-9 transport (10156), without the FQ's MAD tail boom and chin radome. / Plain PLAAF Y-9 transport; no MAD tail boom or chin radar of the ASW Y-9FQ/Y-9Q.
plan_z-18f	z18	same_family	Two PLAN Z-18 ASW helicopters in flight, one trailing a dipping-sonar cable. / Two PLA Navy Z-18 helicopters with sponsons and a nose FLIR, but no clearly visible ASW chin radar or dipping-sonar fit, so the exact Z-18F variant isn't confirmed.
plan_z-18fa	z18	same_family	Two PLA Navy Z-18 naval helicopters with sponsons in formation; the ASW equipment that identifies the FA variant cannot be confirmed. / Two PLAN Navy Z-18s in a utility/transport fit. No big ASW chin radar or dipping-sonar fit is visible, so this is a family photo for the ASW variant.
plan_z-18j	z18	same_family	Two PLAN Z-18 ASW helicopters; same airframe without the AEW radar. / Naval Z-18 airframes with no AEW radar on the rear ramp, so this is the base family and not the Z-18J AEW configuration.
plan_z-18ja	z18	same_family	Two PLA Navy Z-18 helicopters; the JA's AEW radar is not visible, but it is the same airframe family. / Two PLAN Navy Z-18s without the large retractable AEW radar pod, so the airframe is related but the variant visibly differs.
plan_z-18y	z18	same_family	Two PLA Navy Z-18 helicopters in formation; the Y variant's equipment is not identifiable, but it is the same airframe family. / Two PLAN Navy Z-18 transport-configuration helicopters in flight, which matches the Z-18Y personnel transport.
plan_z-20f	z20	same_family	Army Z-20 utility helicopter (LH982236) at take-off; a related land-based variant, not the naval ASW Z-20F. / Land-based PLA Army Z-20, not the naval Z-20F ASW variant with its own nose/sensor fit; broadly the same airframe.
plan_z-9c	z9	same_type	PLAN naval Z-9 with its large black nose radome, on a ship's flight deck at an open day. / Grey PLAN naval Z-9 with large black nose radome on a ship flight deck, matching the Z-9C ASW helicopter.
plan_z-9ce	z9	same_type	Naval Z-9 with nose radome, front-quarter view on a ship's flight deck; Z-9CE is the export variant of the same airframe. / PLAN naval Z-9 (C/D style) with black nose radome on a ship deck; same airframe as the export Z-9CE.
plan_z-9d	z9	same_family	PLAN naval Z-9 with a nose search radar, on a flight deck; this is the same airframe the Z-9D uses. / Naval Z-9 with nose radome and no missiles fitted, so it is a Z-9C/D family photo rather than a confirmed Z-9D.
plan_z-9f	z9	same_family	PLAN naval Z-9C/D-type helicopter; the Z-9F has a new AESA radar and engine but looks broadly the same. / Naval Z-9 with nose radome; the photo does not show what makes a Z-9F different, so it is a family photo only.
plan_z-9f_(2020)	z9	same_family	PLAN naval Z-9C/D-type helicopter; it is a family reference for the later Z-9F with its AESA radar. / Naval Z-9 with nose radome; usable as a family photo, but it does not show the 2025 Z-9F fit.
planaf_z-20j	z20	same_family	Army Z-20 utility helicopter (LH982236) at take-off; a related land-based variant, not the naval Z-20J. / Land-based PLA Army Z-20 (LH-registered) in flight; the naval Z-20J differs in configuration but looks broadly the same.
pn_ffg-06	miguel_malvar	same_type	BRP Miguel Malvar (FFG-06) dockside, seen from above; Philippine Navy watermark in a corner. / Modern BRP Miguel Malvar (FFG-06) frigate dockside, aerial view.
pol_a330_mrtt	a330_mrtt	same_type	Grey A330 MRTT tanker head-on (RAAF KC-30A); same airframe, different operator. / A330 MRTT tanker seen head-on; the operator differs but the airframe is the same.
pol_f-16c-bl52plus	f16c	same_type	Underside view of a USAF F-16C; conformal tanks are not visible from this angle, otherwise the same type. / USAF F-16C without conformal tanks; Polish Block 52+ differs only in fit, same airframe type.
qeaf_m2k-5dda	mirage2000d	same_family	Pair of French Mirage 2000D two-seaters; related to the Qatari 2000-5DDA two-seater. / French Mirage 2000D two-seaters, not the Qatari 2000-5DDA, though it is a related two-seat Mirage 2000.
qeaf_m2k-5dda_late	mirage2000d	same_family	Pair of French Mirage 2000D two-seaters; related to the Qatari 2000-5DDA two-seater. / French Mirage 2000D two-seaters, not the Qatari 2000-5DDA, though it is a related two-seat Mirage 2000.
qeaf_m2k-5eda	mirage2000c	same_family	Head-on single-seat Mirage 2000-5 (5F sub-variant) under camo netting. / Ukrainian Mirage 2000-5F head-on; a related -5 airframe, but not the Qatari 2000-5EDA export subtype.
qeaf_m2k-5eda_late	mirage2000c	same_family	Head-on single-seat Mirage 2000-5 (5F sub-variant) under camo netting. / Ukrainian Mirage 2000-5F head-on; a related -5 airframe, but not the Qatari 2000-5EDA.
raac_lynx_ah7	lynx_ah7	same_type	British Army Lynx AH7 (XZ616) on skids in flight. / British Army Lynx AH.7 XZ616 on skids, in flight in green/grey camouflage.
raaf_canberra_bomber	canberra_bomber	same_type	Complete RAAF Canberra A84-235 (B.20) on static display. / Complete RAAF Canberra B.20 A84-235 on static display.
raaf_mq-4c_triton	mq4c	same_type	USN MQ-4C Triton 168457 landing with gear down; RAAF operates the same airframe. / US Navy MQ-4C Triton 168457 landing; same airframe as the RAAF Triton.
raf_canberra_bomber	canberra_bomber	same_type	Complete Canberra bomber (Australian-built B.20, B.2 equivalent); operator differs only. / RAAF Canberra B.20 (Australian-built B.2), same airframe as the RAF bomber; operator differs.
raf_ef2000_fgr4	typhoon	same_type	German Eurofighter Typhoon in special livery; same airframe, not RAF markings. / Eurofighter Typhoon, German special livery rather than RAF grey; same airframe.
raf_ef2000_fgr4_late	typhoon	same_type	German Eurofighter Typhoon in special livery; same airframe, not RAF markings. / Eurofighter Typhoon, German special livery rather than RAF grey; same airframe.
ran_a-4g_early	a4g	same_type	RAN A-4G Skyhawk 886 in flight over the coast, in early-era Navy markings. / RAN A-4G Skyhawk 886 in early-era gloss white/grey scheme, in flight.
ran_cv_centaur_84	centaur_cv	same_family	Monochrome photo of HMS Centaur in 1960s CATOBAR fit with Sea Vixens on deck; the unit is a Hermes-based STOVL ship, which has a ski-jump and a different island. / HMS Centaur underway in the 1960s with Sea Vixens and a Gannet; the unit is the fictional ski-jump STOVL Hermes in RAN service, a visibl
ran_cv_centaur_catobar	centaur_cv	same_family	HMS Centaur as a CATOBAR carrier, but this unit is based on Hermes, which carries the Type 984 radar not seen in the photo. / HMS Centaur underway with Sea Vixens and a Gannet; the unit is modelled on Hermes with a Type 984 radar, which this ship lacks.
ran_dd_anzac	daring_au	wrong_subject	Shows the Daring-class HMAS Vampire (D11), not a Battle-class destroyer. / The photo shows the Daring-class museum ship HMAS Vampire (D11), not a Battle-class destroyer such as HMAS Anzac.
ran_dd_anzac1968	daring_au	wrong_subject	Shows the Daring-class HMAS Vampire (D11), not a Battle-class destroyer. / The photo shows the Daring-class museum ship HMAS Vampire (D11), not a Battle-class destroyer such as HMAS Anzac.
ran_dd_daring	daring_au	same_type	Broadside of the Australian Daring-class museum ship HMAS Vampire (D11). / The Australian Daring-class destroyer HMAS Vampire (D11), seen broadside as a museum ship in Sydney.
ran_dd_daring1968	daring_au	same_type	Broadside of the Australian Daring-class museum ship HMAS Vampire (D11). / The Australian Daring-class destroyer HMAS Vampire (D11) as a museum ship, in its later-refit fit.
ran_ddg_hobart	hobart	same_type	RAN Hobart-class destroyer HMAS Sydney (39) underway, bow quarter, crew manning the rails. / HMAS Hobart (DDG 39) underway, bow-quarter view.
ran_ddg_perth_91	perth_ddg	same_type	Perth-class destroyers HMAS Perth (38) and Brisbane (41) underway; late-fit details are minor. / HMAS Perth (38) and Brisbane (41), Perth-class DDGs, at sea; fit era hard to confirm.
ran_ddg_perth_early	perth_ddg	same_type	Perth-class destroyers HMAS Perth (38) and Brisbane (41) underway, full broadsides. / HMAS Perth (38) and Brisbane (41), Perth-class DDGs with Ikara, at sea.
ran_fv_sidetrawler	trawler	wrong_subject	Modern civilian beam trawler White Horse beached in surf, not an armed naval sloop. / The photo shows a small unarmed Belgian beam trawler with its wheelhouse forward and outrigger booms, not an ocean-going side trawler or sloop.
ran_lhd_canberra	canberra	same_type	HMAS Canberra (L02) Canberra-class LHD moored at Garden Island, bow-quarter view. / HMAS Canberra (L02) LHD berthed in Sydney, bow-quarter view with ski-jump.
ran_majestic	sydney_cv	same_family	Archival photo of HMAS Sydney, a straight-deck Majestic-class carrier; the unit is the angled-deck HMAS Melbourne. / Archival photo of HMAS Sydney (R17), an axial-deck Majestic sister ship with a propeller air group, not the angled-deck Melbourne this unit models.
ran_majestic_59	sydney_cv	same_family	Archival photo of HMAS Sydney, a straight-deck Majestic-class carrier; the unit is the angled-deck HMAS Melbourne. / Archival photo of HMAS Sydney (R17), an axial-deck Majestic sister ship, not the angled-deck HMAS Melbourne this 1959 unit models.
ran_ms_antares	freighter	wrong_subject	Modern civilian general-cargo coaster Kristina, not an Antares-class ship. / Modern small civilian general-cargo coaster 'Kristina' on a canal; not the Antares-class ship.
ran_ms_austral	freighter	wrong_subject	Modern civilian general-cargo coaster Kristina, not an Austral-class ship. / Modern small civilian cargo coaster 'Kristina'; a different, unrelated merchant design from the Austral class.
ran_ms_bulk	bulk_carrier	same_family	Unarmed civilian geared bulk carrier; a generic hull reference for the armed variant. / Unarmed civilian bulk carrier; the photo does not show this unit's armed auxiliary-cruiser fit.
ran_ms_jeparit	freighter	wrong_subject	Modern civilian general-cargo coaster Kristina, not the Jeparit container ship class. / Modern small cargo coaster 'Kristina', not the Jeparit container ship.
ran_ms_mairangi_bay	container	wrong_subject	Generic Yang Ming Line container ship underway, not a Mairangi Bay-class vessel. / Modern Yang Ming Line container ship with name on hull, not the Mairangi Bay class.
ran_ms_roro_a	roro	wrong_subject	Soviet passenger cruise-ferry Lev Tolstoy with hammer-and-sickle funnel, not a Strait-class cargo RORO. / Soviet passenger cruise ferry Lev Tolstoy with lifeboats and stern door, not an Australian Strait-class cargo RORO.
ran_ms_super_p	container	wrong_subject	Generic Yang Ming Line container ship underway, not a Super P-class vessel. / Modern Yang Ming Line container ship with name on hull, not the Super P class.
ran_msa_act_1	container	wrong_subject	Generic Yang Ming Line container ship underway, not an ACT 1-class vessel. / Modern Yang Ming Line container ship with name on hull, not the ACT 1 class.
ran_pb_fremantle	fremantle_pb	same_type	RAN Fremantle-class patrol boat HMAS Cessnock (210) underway, full hull visible. / HMAS Cessnock (210), a Fremantle-class patrol boat under way, full hull visible.
ran_s2	s2_tracker	same_type	RAN S-2 Tracker (848) landing on HMAS Melbourne; the S-2G is a rebuilt S-2E airframe. / RAN S-2 Tracker (E/G airframe) landing on HMAS Melbourne; the S-2E and S-2G look the same externally.
ran_s2_late	s2_tracker	same_type	RAN S-2G Tracker (848) landing on HMAS Melbourne's deck. / RAN S-2G Tracker landing on the HMAS Melbourne flight deck.
ran_sea_gannet	gannet	same_type	Museum ASW-type Gannet (AS.6) front view with wings folded; AS.1 looks essentially the same. / Anti-submarine Fairey Gannet (AS series) with folded wings in a museum hangar.
ran_sea_gannet_aew	gannet	wrong_subject	Shows an ASW-type Gannet; the AEW.3 has a very different fuselage with a large ventral radome. / AS-series Gannet with three-seat canopy and no ventral radome, visibly unlike the AEW.3 airframe.
ran_sea_venom	sea_venom	unusable	Only a disassembled Sea Venom FAW.22 nose/cockpit pod with exposed engine; wings and twin booms absent. / Museum Sea Venom FAW.22 forward fuselage/nacelle only, wings and twin-boom tail absent; not a usable whole-aircraft view.
rn_buccaneer_s1	buccaneer	same_family	Museum Buccaneer S.2-series XT288 in RAF camouflage; the S.1 had smaller Gyron Junior intakes but looks broadly the same. / Museum Buccaneer S.2B XT288 with larger Spey intakes, not the Gyron-engined S.1.
rn_buccaneer_s2	buccaneer	same_type	Museum Buccaneer XT288 (built as an S.2, later S.2B) with wings folded; same airframe. / Museum Buccaneer S.2B XT288 with wings folded; S.2 airframe.
rn_buccaneer_s2b	buccaneer	same_type	Museum Buccaneer S.2B XT288 in RAF camouflage, full side view. / Buccaneer S.2B XT288 on static display, wings folded.
rn_cv_centaur	centaur_cv	same_family	HMS Centaur in CATOBAR fit; the STOVL unit is the 1980s ski-jump Hermes, a sister of the same class that looks different. / HMS Centaur as a 1960s angled-deck jet carrier; the STOVL unit is the ski-jump, Harrier-era Hermes.
rn_cv_centaur_catobar	centaur_cv	same_family	HMS Centaur underway as a 1960s angled-deck CATOBAR carrier with Sea Vixens, Gannet and Whirlwind on deck. / HMS Centaur in matching 1960s CATOBAR service with Sea Vixens; the unit is modelled on Hermes, whose island and Type 984 radar differ.
rn_cv_centaur_catobar_73	centaur_cv	same_family	HMS Centaur in 1960s CATOBAR fit; the 1970s unit is Hermes alone, with a different island and radar. / HMS Centaur in 1960s CATOBAR service; the unit is the 1970s Hermes, whose island and radar differ.
rn_cv_centaur_commando	centaur_cv	same_family	HMS Centaur as a fixed-wing carrier, not the helicopter/LCVP commando conversion of Albion/Bulwark. / HMS Centaur as a fixed-wing carrier with jets on deck, not a helicopter and landing-craft commando carrier conversion.
rn_cv_invincible	invincible_cv	same_type	Aerial quarter view of HMS Invincible (R05) at sea with Harriers and Sea Kings on deck. / HMS Invincible (R05) at sea, aerial quarter view with Harriers and Sea King on deck.
rn_cv_invincible_deckparks	invincible_cv	same_type	Aerial quarter view of HMS Invincible (R05) at sea with aircraft parked on deck. / HMS Invincible at sea with aircraft parked on deck.
rn_cv_invincible_refit	invincible_cv	same_type	Aerial quarter view of HMS Invincible (R05) at sea; refit fit differences are minor. / HMS Invincible at sea; refit differences are minor fit changes.
rn_cv_invincible_refit_deckparks	invincible_cv	same_type	Aerial quarter view of HMS Invincible (R05) at sea with aircraft parked on deck. / HMS Invincible at sea with deck-parked aircraft; refit differences are minor.
rn_dd_type42_batch2	type42	same_family	HMS Edinburgh (D97) dockside, a stretched Batch 3 Type 42 that looks broadly like the Batch 2. / HMS Edinburgh (D97), a stretched Batch 3 Type 42, dockside; related to but longer than Batch 2.
rn_dd_type42_refit	type42	same_family	HMS Edinburgh (D97) dockside, a stretched Batch 3 Type 42 that looks broadly like the refit ships. / HMS Edinburgh (D97), a stretched Batch 3 Type 42, dockside; same class family, different batch.
rn_ddg_county-class_batch_1_75	county_ddg	same_family	Hazy side profile of HMS Antrim (D18), a Batch 2 County, not Batch 1. / HMS Antrim (D18), a Batch 2 County with Exocet and single-bedstead radar, not a Batch 1 ship.
rn_ddg_county-class_batch_2_75	county_ddg	same_type	Side profile of Batch 2 County-class destroyer HMS Antrim (D18) with Wessex on deck. / HMS Antrim (D18), a Batch 2 County-class destroyer, full broadside with Wessex aft.
rn_ddg_county-class_batch_2_82	county_ddg	same_type	Side profile of Batch 2 County-class destroyer HMS Antrim (D18), 1980s fit. / HMS Antrim (D18), Batch 2 County-class destroyer; refit differences are minor.
rn_ff_type42	type42	same_family	HMS Edinburgh (D97) dockside, a stretched Batch 3 Type 42 that looks broadly like the Batch 1. / HMS Edinburgh (D97), a stretched Batch 3 Type 42 with later radar fit; not a Batch 1 hull.
rn_lynx	lynx	same_type	Royal Navy Lynx HAS.3 in dark blue, on museum display. / Royal Navy naval Lynx (wheeled, HAS.2/3 airframe) in dark blue on museum display.
rn_mbt_chieftain	chieftain	same_type	Chieftain MBT with Stillbrew turret armour driving at a public demonstration. / Chieftain MBT ('Charles Burnett III') with the uparmoured turret, driving in a public demonstration, full side view.
rn_mbt_mk13	centurion_au	same_family	Australian Centurion (Mk 5/1-type) on display; same tank family, but not a Mk 13 fit. / Centurion with the 20-pdr gun, not the Mk 13's 105 mm L7 with IR searchlight and ranging gun.
rn_mbt_mk5-1	centurion_au	same_type	Centurion Mk 5/1-type tank in Australian service at a museum, clearly visible. / 20-pdr armed Centurion (Mk 5/1 standard) in Australian markings; the operator differs but the type is the same.
rn_merlin_hm1	merlin	same_family	Royal Navy Merlin HM2 parked; externally almost the same as the earlier HM1. / Royal Navy Merlin HM2 on the ground, the upgraded successor of the HM1 and broadly the same at a glance.
rn_merlin_hm2	merlin	same_type	Royal Navy Merlin HM2 parked, full side view. / Royal Navy Merlin HM2 parked on a taxiway.
rn_nimrod_mr1	nimrod	same_family	Nimrod MR.2 with refuelling probe and wingtip pods in flight; the MR.1 lacks both but looks broadly the same. / Nimrod MR2P with refuelling probe and wingtip ESM pods in hemp/grey, visibly later than the MR.1; soft archival image with the tail cropped.
rn_nimrod_mr2	nimrod	same_type	Grainy archival shot of a Nimrod MR.2 in flight with refuelling probe and wingtip ESM pods. / Nimrod MR2(P) in flight with refuelling probe and wingtip pods; soft image with the tail partly cropped.
rn_sea_gannet	gannet	same_type	Museum ASW-type Gannet (AS.6, converted AS.4) front view with wings folded. / AS-series Fairey Gannet with folded wings; AS.4 is externally alike.
rn_sea_gannet_aew	gannet	wrong_subject	Shows an ASW-type Gannet; the AEW.3 has a very different fuselage with a large ventral radome. / AS-series Gannet without the large ventral radome and revised cockpit/fin of the AEW.3.
rn_sea_gannet_aew_7	gannet	wrong_subject	Shows an ASW-type Gannet, not an AEW radome-equipped variant. / AS-series Gannet, not the radome-equipped AEW airframe this unit represents.
rn_sea_gannet_ecm	gannet	same_type	Museum Gannet AS.6/ECM.6-type airframe, front view with wings folded. / Gannet AS.6 museum display with folded wings.
rn_sea_king_has6	seaking	same_family	US Navy SH-3 Sea King (HC-1) over an Apollo capsule; it lacks the HAS.6's dorsal radome. / US Navy SH-3 Sea King (HC-1) recovering an Apollo capsule; it lacks the HAS.6 dorsal radar radome, so it is a family photo only.
rn_sea_king_hc4	seaking	same_family	US Navy SH-3 Sea King with sponsons, while the HC.4 commando variant has fixed gear and no sponsons. / US Navy SH-3 with float sponsons; the HC.4 Commando has no sponsons and fixed gear, so it is family-level only.
rn_sea_lynx	lynx	same_type	Royal Navy naval Lynx HAS.2/3 in a museum, dark blue scheme. / Royal Navy Lynx HAS.3 museum exhibit, a close sub-variant of the HAS.2.
rn_sea_lynx_has3	lynx	same_type	Royal Navy Lynx HAS.3 on museum display. / Royal Navy Lynx HAS.3 on museum display.
rn_sea_lynx_mk8	lynx	same_family	Royal Navy Lynx HAS.3 in a museum; the HMA.8 adds a chin radar and nose turret. / Royal Navy Lynx HAS.3 with no Sea Owl turret or chin radar of the HMA.8.
rn_sea_vixen	sea_vixen	same_type	Preserved RN Sea Vixen 131 on static display, close nose view with rocket pods. / Royal Navy Sea Vixen FAW.2 '131' on static display, nose-on with rocket pods.
rn_swiftsure_class_ssn	swiftsure	same_type	Swiftsure-class SSN (HMS Superb) surfaced, low bow-quarter view; the fin and forward hull are visible through bow spray. / Surfaced RN SSN (captioned HMS Superb) with planeless sail, consistent with Swiftsure class; stern not visible.
rn_type22b12	type22	same_family	HMS Cumberland (F85), a Type 22 Batch 3 with a 4.5in gun, not a Batch 1 Exocet-bow ship. / HMS Cumberland F85, a Type 22 Batch 3 with 4.5in bow gun and long hull, not the short-hull Exocet-armed Batch 1.
rn_type22b2	type22	same_family	HMS Cumberland (F85), a Type 22 Batch 3 with a 4.5in gun and Harpoon, not a Batch 2. / HMS Cumberland F85, a Type 22 Batch 3 with a gun forward where the Batch 2 has Exocet; same stretched hull.
rn_wildcat	wildcat	same_type	Royal Navy AW159 Wildcat (ZZ515) in flight. / Royal Navy AW159 Wildcat HMA2 (ZZ515) in flight.
rnn_ffg_hol	holland	same_type	HNLMS Holland (P840) patrol vessel bow-on at speed, with its integrated mast clearly visible. / Dutch Holland-class OPV HNLMS Holland (P840), bow-on at sea with its integrated mast.
rnzaf_a-4k	a4k	same_type	Underside view of an RNZAF A-4K Skyhawk (kiwi roundel visible) on approach with gear down. / RNZAF A-4K Skyhawk seen from directly below with gear down and kiwi roundel.
rok_mk99	lynx	same_family	Royal Navy Lynx HAS.3 in a museum; the ROK Mk.99 is a Super Lynx derivative. / Royal Navy Lynx HAS.3 exhibit; the Korean Mk.99 Super Lynx has a different nose and radar.
rok_mk99_a	lynx	same_family	Royal Navy Lynx HAS.3 in a museum; the ROK Mk.99A is a Super Lynx derivative. / Royal Navy Lynx HAS.3 exhibit; the Korean Mk.99A Super Lynx has a different nose and radar.
rok_t-50_tha	t50_thai	same_type	Royal Thai Air Force T-50TH (40107) on the apron with canopy open and ground crew in front. / Royal Thai Air Force T-50TH (40107) on the apron with canopy open and crew around it.
rok_uh60	uh60	same_family	US Army UH-60 Black Hawk medevac (red cross) parked, front three-quarter view. / Close front view of a US Army HH-60M medevac Black Hawk with red crosses and nose FLIR, so a different variant and operator from the ROK UH-60P.
rs_a330_mrtt	a330_mrtt	same_type	Grey A330 MRTT tanker head-on (RAAF KC-30A); same airframe, different operator. / A330 MRTT tanker seen head-on; the operator differs but the airframe is the same.
rw_c340	c340	same_type	Civil Cessna 340 twin taxiing; correct airframe but unarmed civil configuration. / Civil Cessna 340 pressurized twin taxiing; same airframe as the armed mod unit, minus the weapons fit.
rw_sh-2f	sh2g	same_family	SH-2G Super Seasprite (T700 engines); the SH-2F is the earlier T58-powered version and looks broadly the same. / Shows the T700-engined SH-2G, not the T58-engined SH-2F; looks broadly the same.
rw_sh-3h	seaking	same_family	US Navy SH-3 Sea King helicopter in flight, clearly visible. / US Navy HC-1 SH-3 rescue Sea King; same airframe family as the SH-3H, but a different role fit.
s2	s2_tracker	same_type	S-2 Tracker landing on a carrier deck, head-on view. / Clear S-2 Tracker landing on a carrier deck.
sing_a330_mrtt	a330_mrtt	same_type	Grey A330 MRTT tanker head-on (RAAF KC-30A); same airframe, different operator. / A330 MRTT tanker seen head-on; the operator differs but the airframe is the same.
sp_a330_mrtt	a330_mrtt	same_type	Grey A330 MRTT tanker head-on (RAAF KC-30A); same airframe, different operator. / A330 MRTT tanker seen head-on; the operator differs but the airframe is the same.
sp_ec_665_had-e	tiger	same_family	Australian Tiger ARH, visually very close to the Spanish HAD-E (roof sight, chin gun). / Australian Tiger ARH with Australian markings; same Tiger family, not the Spanish HAD-E variant.
sp_nh90_mspt	nh90_tth	same_type	German Army NH90 TTH hovering; the Spanish HT-29 is the same TTH airframe. / German Army NH90 TTH; same basic TTH airframe as the Spanish HT-29 MSPT.
sp_nh90_tth	nh90_tth	same_type	German Army NH90 TTH hovering; the Spanish HT-29 Caiman is the same TTH airframe. / German Army NH90 TTH; same type as the Spanish HT-29 Caiman.
spa_a400m_airdroop-para	a400m	same_type	Head-on view of a grey Airbus A400M Atlas on the ramp. / Airbus A400M Atlas head-on on the apron.
spa_a400m_tankers	a400m	same_type	Head-on view of an A400M Atlas; same airframe as the tanker role. / Airbus A400M Atlas airframe head-on; the tanker role is a fit difference only.
spa_ab212	ab212	same_type	Grey naval AB-212 (Bell 212) with a cabin-roof radome, banking over the Basque coast; matches a Spanish Navy AB-212 ASW. / Grey naval AB-212 with the roof-mounted ASW radar dome, banking low over the sea off a cliff coast.
spa_ef2000	typhoon	same_type	German Eurofighter Typhoon in special livery; same airframe, not Spanish markings. / Eurofighter Typhoon in German special livery; same airframe as Spanish C.16.
spa_f-18a	fa18c	same_family	VFA-195 US Navy F/A-18C launching from a carrier; the A model looks broadly the same. / USN single-seat F/A-18C (VFA-192 markings) on a carrier catapult; the A model looks very similar.
spa_f104g	f104	same_type	Dutch F-104G Starfighter (D-8030) displayed on a grass mound. / Dutch F-104G (D-8030) displayed on a grass mound; same type, different operator.
spa_sh-60b	sh60b	same_type	USN SH-60B (714) with MAD bird at a Japanese rescue drill; same airframe, US markings. / US Navy SH-60B Seahawk (714) with MAD bird landing at a Japanese disaster drill; same type as Spanish SH-60B.
spa_sh-60b_block1	sh60b	same_type	USN SH-60B (714) with MAD bird at a Japanese rescue drill; same airframe, US markings. / US Navy SH-60B Seahawk landing; same airframe as Spanish SH-60B Block I.
spa_sh-60bv1	sh60b	same_type	USN SH-60B (714) with MAD bird at a Japanese rescue drill; same airframe, US markings. / US Navy SH-60B Seahawk landing; same airframe as Spanish SH-60B.
spa_sh-60bv1_block1	sh60b	same_type	USN SH-60B (714) with MAD bird at a Japanese rescue drill; same airframe, US markings. / US Navy SH-60B Seahawk landing; same airframe as Spanish SH-60B Block I.
swe_spaa_ito_90m	crotale	wrong_subject	Old monochrome photo of an original Crotale P4R acquisition-radar vehicle; it is not the Crotale NG launcher vehicle that ITO 90M uses. / Archival photo of an original Crotale acquisition-radar vehicle (P4R); ITO 90M is the Finnish Crotale NG on a Sisu XA-180, a different vehicle and system generati
tha_cvl_chakri_naruebet	chakri	same_type	HTMS Chakri Naruebet (911) in the foreground, with USS Kitty Hawk behind. / HTMS Chakri Naruebet (911) in the foreground, with USS Kitty Hawk behind.
tha_ff_053ht	chao_phraya	same_type	HTMS Chao Phraya (455) moored, full broadside, the twin-100mm-gun Type 053HT lead ship. / HTMS Chao Phraya (455), Type 053HT frigate, broadside alongside.
tha_ff_053ht_h	chao_phraya	same_family	Shows 455 Chao Phraya, the gun-armed sub-variant, not the helicopter-deck 053HT(H) sister ship; hull and superstructure are broadly the same. / Shows the gun-aft Chao Phraya (455), not the helicopter-deck 053HT(H) sub-variant.
tha_ffg_naresuan	naresuan	same_type	HTMS Naresuan (421) full broadside in Hong Kong harbour. / HTMS Naresuan (421) broadside in Hong Kong harbour.
thai_a330_mrtt	a330_mrtt	same_type	Grey A330 MRTT tanker head-on (RAAF KC-30A); same airframe, different operator. / A330 MRTT tanker seen head-on; the operator differs but the airframe is the same.
tuaf_f-16c	f16c	same_type	Underside view of a USAF F-16C carrying air-to-air missiles; same type, different operator. / USAF F-16C loaded with air-to-air missiles and bombs; Turkish F-16C is the same type.
tur_a400m_airdroop-para	a400m	same_type	Head-on view of a grey Airbus A400M Atlas on the ramp. / Airbus A400M Atlas head-on on the apron.
tur_a400m_tankers	a400m	same_type	Head-on view of an A400M Atlas; same airframe as the tanker role. / Airbus A400M Atlas airframe head-on; the tanker role is a fit difference only.
tw_m2k-5di	mirage2000d	same_family	Pair of French Mirage 2000D two-seaters; related to the Taiwanese 2000-5DI two-seater. / French Mirage 2000D two-seaters, not the Taiwanese 2000-5DI, though it is a related two-seat Mirage 2000.
tw_m2k-5ei	mirage2000c	same_family	Head-on single-seat Mirage 2000-5 (5F sub-variant) under camo netting. / Ukrainian Mirage 2000-5F head-on; a related -5 airframe, but not the Taiwanese 2000-5EI export subtype.
uae_a330_mrtt	a330_mrtt	same_type	Grey A330 MRTT tanker head-on (RAAF KC-30A); same airframe, different operator. / A330 MRTT tanker seen head-on; the operator differs but the airframe is the same.
uae_m2k-9	mirage2000	same_family	Qatari two-seat Mirage 2000-5 in flight; the single-seat 2000-9 is a close derivative. / Qatari two-seat Mirage 2000-5; the 2000-9 is a close derivative but a single-seater.
uae_m2k-9_dad	mirage2000	same_type	Qatari two-seat Mirage 2000-5 in flight, matching the two-seat 2000-9D configuration. / Qatari two-seat Mirage 2000-5; the two-seat 2000-9D derived from it looks the same.
uae_m2k_dad	mirage2000	same_family	Qatari two-seat Mirage 2000-5 in flight; the DAD is an earlier two-seat Mirage 2000. / Qatari two-seat Mirage 2000-5, a later standard than the original UAE 2000 DAD two-seater.
uae_m2k_ead	mirage2000	same_family	Qatari two-seat Mirage 2000-5 in flight; the single-seat EAD looks broadly the same. / Qatari two-seat Mirage 2000-5, not the single-seat original-standard 2000EAD.
uae_m2k_rad	mirage2000	same_family	Qatari two-seat Mirage 2000-5 in flight; the single-seat recce RAD looks broadly the same. / Qatari two-seat Mirage 2000-5, not the single-seat reconnaissance 2000RAD.
uk_a330_mrtt	a330_mrtt	same_type	Grey A330 MRTT tanker head-on (RAAF KC-30A); same airframe as Voyager, different operator. / A330 MRTT tanker seen head-on with underwing pods; same airframe as the Voyager.
uk_a400m_airdroop-para	a400m	same_type	Head-on view of a grey Airbus A400M Atlas on the ramp. / Airbus A400M Atlas head-on on the apron.
uk_a400m_tankers	a400m	same_type	Head-on view of an A400M Atlas; same airframe as the tanker role. / Airbus A400M Atlas airframe head-on; the tanker role is a fit difference only.
uk_ifv_fv510	warrior	same_type	British Warrior FV510 IFV with Rarden-armed turret and bolt-on side armour, front-quarter view. / British Warrior IFV with bolted appliqué side armour; same vehicle type, only fit differs.
uk_ifv_fv510ua	warrior	same_type	British Warrior FV510 fitted with add-on armour, consistent with an up-armoured fit. / Warrior IFV fitted with add-on appliqué armour, matching the up-armoured fit.
uk_mbt_fv4030_4	challenger1	same_type	Desert-tan Challenger 1 (Gulf fit with rear fuel drums) seen from the rear at a show, lower hull hidden by camo-net hedge. / Desert-tan Challenger 1 seen from the rear at a show; a camo-net hedge hides the lower hull.
ukr_m2k-5f	mirage2000c	same_type	Ukrainian Mirage 2000-5F head-on with Ukrainian-painted drop tanks. / Ukrainian Air Force Mirage 2000-5F head-on under a camouflage-net shelter, with blue/yellow drop tanks.
usa_a-10a	a10a	same_type	Clear side view of an Idaho ANG A-10 Thunderbolt II on approach; A and C look externally identical. / Idaho ANG A-10 Thunderbolt II on approach, gear down; A vs C not visually distinguishable.
usa_an_mpq-53_radar	patriot_radar	same_type	Patriot phased-array radar set (AN/MPQ-53/65 type) partly under camo netting, array clearly visible. / A Patriot AN/MPQ-53/65-family phased-array radar set in NATO camouflage under netting.
usa_an_mpq-65_radar	mpq65	same_type	Close-up of a Patriot phased-array radar trailer (JASDF), top of array cropped. / Close view of a Patriot phased-array radar set on its trailer.
usa_harpoon_launcher	harpoon	wrong_subject	Museum display of a single DATM-84A Harpoon missile on a stand, not a coastal defence launcher battery. / Museum display of a DATM-84A Harpoon training missile, not a coastal defense launcher battery.
usa_harpoon_launcher_rgm84c	harpoon	wrong_subject	Museum display of a single DATM-84A Harpoon missile on a stand, not a coastal defence launcher battery. / Museum display of a DATM-84A Harpoon training missile, not a coastal defense launcher battery.
usa_harpoon_launcher_rgm84d	harpoon	wrong_subject	Museum display of a single DATM-84A Harpoon missile on a stand, not a coastal defence launcher battery. / Museum display of a DATM-84A Harpoon training missile, not a coastal defense launcher battery.
usa_mbt_m1a1hc	m1a1	same_type	Complete USMC M1A1 Abrams in desert tan, front quarter view. / Complete desert-tan US M1A1 Abrams in Iraq, externally matching the M1A1HC.
usa_mim_104_radar_53	patriot_radar	same_type	Patriot phased-array radar set (AN/MPQ-53/65 type) partly under camo netting, array clearly visible. / A Patriot AN/MPQ-53/65-family phased-array radar set in NATO camouflage under netting.
usa_mim_104_radar_65	mpq65	same_type	Close-up of a Patriot phased-array radar trailer (JASDF), top of array cropped. / Close view of a JASDF Patriot phased-array radar set on its trailer (MPQ-53/65 family, externally alike).
usa_mim_104_radar_65a	mpq65	same_type	Close-up of a Patriot phased-array radar trailer (JASDF), top of array cropped. / Close view of a Patriot phased-array radar trailer; -65A is externally indistinguishable.
usa_mim_104a_tel	patriot	same_type	Patriot M901-type trailer launching station, raised and seen from the rear (JASDF example). / Japanese Patriot M901-type launching station carrying four single-round PAC-2-style canisters, the same external launcher as MIM-104A.
usa_mim_104b_tel	patriot	same_type	Patriot M901-type trailer launching station, raised and seen from the rear (JASDF example). / Patriot M901-type launcher with four single-missile canisters (same canister as PAC-1).
usa_mim_104c_tel	patriot	same_type	Patriot M901-type trailer launching station, raised and seen from the rear (JASDF example). / Patriot launcher with four PAC-2-style single-missile canisters.
usa_mim_104d_gem_tel	patriot	same_type	Patriot M901-type trailer launching station, raised and seen from the rear (JASDF example). / Patriot launcher with four PAC-2-style canisters, matching the GEM launcher.
usa_mim_104e_gem_c_tel	patriot	same_type	Patriot M901-type trailer launching station, raised and seen from the rear (JASDF example). / Patriot launcher with four PAC-2-style canisters, matching the GEM-C launcher.
usa_mim_104e_gem_t_tel	patriot	same_type	Patriot M901-type trailer launching station, raised and seen from the rear (JASDF example). / Patriot launcher with four PAC-2-style canisters, matching the GEM-T launcher.
usa_mim_104f_cri_tel	patriot	same_family	Patriot trailer launching station, raised and seen from the rear; the PAC-3 canister fit is a minor difference. / Patriot launcher loaded with large single-round PAC-2 canisters, not the four-cell PAC-3 canisters.
usa_mim_104f_mse_tel	patriot	same_family	Patriot trailer launching station, raised and seen from the rear; the PAC-3 MSE canister fit is a minor difference. / Patriot launcher with PAC-2-style canisters, not the PAC-3 MSE configuration.
usa_mlrs_m270a2	m270	wrong_subject	A wheeled resupply truck crane loading an MLRS rocket pod onto a trailer; the M270 launcher itself is not visibly shown. / HEMTT resupply truck and trailer craning an MLRS rocket pod; the tracked M270 launcher is not shown.
usa_mv75_army	v280	same_family	Bell V-280 Valor demonstrator N280BH in flight; it is the forerunner of the MV-75, not a production aircraft. / Bell V-280 Valor demonstrator N280BH in flight, the prototype the MV-75 was developed from, not a production MV-75.
usa_pac-1_launcher	patriot	same_type	Patriot M901-type trailer launching station, raised and seen from the rear. / Patriot M901-type launching station with four single-missile canisters.
usa_pac-2_1990_launcher	patriot	same_type	Patriot M901-type trailer launching station, raised and seen from the rear. / Patriot launcher with four PAC-2-style canisters.
usa_pac-2_2000_launcher	patriot	same_type	Patriot M901-type trailer launching station, raised and seen from the rear. / Patriot launcher with four PAC-2-style canisters.
usa_pac-3_launcher	patriot	same_family	Patriot trailer launching station, raised and seen from the rear; the PAC-3 canister fit is a minor difference. / Patriot launcher carrying PAC-2-style single-round canisters, not PAC-3 four-cell packs.
usa_sam_site_pac-1_small	patriot	same_family	A single Patriot launching station, not the whole battery site with its radar and control units. / A single Patriot launcher, not the whole site with radar and control elements.
usa_sam_site_pac-2_small	patriot	same_family	A single Patriot launching station, not the whole battery site with its radar and control units. / A single Patriot launcher with PAC-2-style canisters, representing one element of the site.
usa_sam_site_pac-3_small	patriot	same_family	A single Patriot launching station, not the whole battery site with its radar and control units. / A single Patriot launcher with PAC-2-style canisters; it is one site element and not PAC-3 loaded.
usa_slm_tads_hmmwv	hmmwv	wrong_subject	Ordinary up-armored HMMWV with gunner turret on a road; no radar/sensor system (and not a Defender II prototype). / Up-armoured HMMWV with gunner shield turret, no air-defence sensor fitted.
usa_slm_tel_hmmwv	hmmwv	wrong_subject	Ordinary up-armored HMMWV with gunner turret; no missile launcher fitted. / Up-armoured troop/gun HMMWV, no missile launcher; only the chassis matches.
usa_spaa_adats	adats	same_type	B&W close front view of the ADATS turret with its eight missile tubes and search radar; carrier hull not visible. / Black-and-white photo of the ADATS turret with eight missile tubes and a search radar; the carrier hull is out of frame.
usaf_a-10c_plus	a10c	same_type	Clear front-quarter photo of a USAF A-10 Thunderbolt II taxiing; the SEST fit can't be seen, but the airframe matches. / USAF A-10 Thunderbolt II with weapons loaded, taxiing; C+ pod fit differs only in equipment.
usaf_ac-130a	ac130h	same_family	Head-on AC-130H Spectre firing flares; a later gunship on the same C-130 airframe, so it works as a class photo for the AC-130A. / AC-130H Spectre firing flares, head-on; the AC-130A is an earlier gunship on the C-130A airframe.
usaf_ac-130a_83	ac130h	same_family	Head-on AC-130H Spectre firing flares; a related C-130 gunship that looks broadly the same as the 1983 AC-130A. / AC-130H Spectre firing flares; the AC-130A is a related earlier gunship variant.
usaf_ac-130h	ac130h	same_type	Head-on AC-130H Spectre gunship firing flares over the sea. / AC-130H Spectre gunship head-on firing flares, side guns visible.
usaf_ac-130j	ac130j	same_type	Grey AC-130J gunship taxiing head-on with its side-firing gun barrel visible. / Grey AC-130J Ghostrider taxiing, with the side-firing 30 mm gun and wing pod visible on the C-130J airframe.
usaf_b-2_spirit	b2	same_type	B-2 Spirit flying-wing bomber in flight, clear frontal view. / USAF B-2 Spirit flying wing, head-on in flight over the ocean.
usaf_b-52g	b52g	same_type	SIOP-camouflaged B-52G with slim J57 pods and wing-pylon ALCMs, seen from above. / B-52G in SIOP camouflage carrying AGM-86 ALCMs on wing pylons, above clouds.
usaf_e-3g	e3	same_type	USAF E-3 Sentry with rotodome in flight over sea; E-3G is externally the same airframe. / USAF E-3 Sentry in flight seen from above with the rotodome; the E-3G upgrade is internal, so the airframe matches.
usaf_f-117	f117	same_type	Formation of four USAF F-117 Nighthawks in flight above clouds. / Four USAF F-117 Nighthawks in echelon formation above the clouds.
usaf_f-16a	f16a	same_family	USAF F-16C (93 FS, FM tail code) in flight, a later variant than the F-16A. / USAF 93rd FS F-16C in flight, not an F-16A; same airframe family.
usaf_f-22	f22	same_type	F-22A Raptor in flight, clear top-front view. / USAF F-22A Raptor in flight, seen from above.
usaf_f-22_s5	f22	same_type	F-22A Raptor in flight; the S-5 software increment is not visibly different. / F-22A Raptor airframe; the S-5 increment is an internal upgrade with no visible external difference.
usaf_f-22_s6	f22	same_type	F-22A Raptor in flight; the S-6 software increment is not visibly different. / F-22A Raptor airframe; the S-6 increment is an internal upgrade with no visible external difference.
usaf_f_15c_2040c	f15c	same_family	Historical F-15C taking off past an E-3; base airframe of the 2040C concept. / Standard F-15C (Bitburg 'BT') taking off, without the 2040C's conformal tanks and upgrades.
usaf_kc-10a_extender	kc10	same_type	Underside view of a grey KC-10 widebody tanker in flight with its boom visible; the tail engine is hidden at this angle. / KC-10A seen from below in flight, with its refuelling boom stowed under the tail.
usaf_kc-46a_boom	kc46	same_type	A KC-46A is clearly visible lower right, but a KC-10 with its boom out is equally prominent upper left (another KC-46 is far behind). / A KC-46A is clearly visible lower right (another in the distance). A KC-10 trailing its boom is equally prominent upper left.
usaf_kc-46a_warp	kc46	same_type	A KC-46A is clearly visible lower right next to an equally prominent KC-10; no wing pods can be confirmed in the photo. / A KC-46A is clearly visible lower right next to a KC-10 with its boom deployed. The wing pods are hard to make out.
usaf_rc_135	rc135	same_family	RC-135V Rivet Joint with original TF33 engines taking off; the W is a near-identical sister subtype. / RC-135V (64-14842) with old TF33 engines taking off; the unit's thrust figures imply the re-engined CFM56/F108 aircraft.
usaf_stratotanker	kc135	same_family	USAF KC-135R with CFM56 turbofans taking off, not the J57-engined KC-135A. / USAF KC-135R taking off with large CFM56 turbofan nacelles; it isn't the J57-turbojet KC-135A, though the airframe is the same.
usaf_u-2	u2	same_type	Complete black U-2S with wing superpods in flight. / Black USAF U-2S with superpods and dorsal antenna in flight; complete airframe.
usaf_u-2_1960	u2	same_family	Modern enlarged U-2S with superpods, not the smaller 1960-era U-2A/C. / Modern enlarged U-2S with wing superpods, visibly different from a 1960-era U-2 (smaller, no pods).
usaf_yf-23_black_widow_ii	yf23	same_type	YF-23 prototype seen from the rear in afterburner climb. / Rear view of the YF-23 prototype in flight with afterburners lit, showing its V-tails and trough exhausts.
usmc_ah-1w	ah1w	same_type	USMC AH-1W Super Cobra in flight over sea, clear full view. / USMC AH-1W SuperCobra (two-blade rotor, nose sight turret) hovering over the sea.
usmc_ah-1w_late	ah1z	same_type	USMC AH-1Z Viper with four-blade rotor in flight, matching the unit label (the unit id says AH-1W late). / USMC AH-1Z Viper with four-blade rotor in flight; matches the unit's label (its id says AH-1W late).
usmc_ah_1w	ah1w	same_type	USMC AH-1W SuperCobra in flight over the sea with rocket pod and TOW launcher. / A USMC AH-1W SuperCobra with two-blade main rotor in flight over the sea.
usmc_ch-46e	ch46	same_type	USMC CH-46E Sea Knight landing on an amphibious ship's deck, with another CH-46 and a CH-53 behind it. / USMC CH-46E Sea Knight landing on an amphibious ship's deck, with another CH-46E and a CH-53E behind.
usmc_ch53_standalone	ch53e	same_type	Head-on USMC CH-53E Super Stallion with external tanks, parked on a ramp. / USMC CH-53E Super Stallion head-on, three engines visible.
usmc_kc-130j	c130j	same_type	USMC KC-130J with six-blade props and underwing refuelling pods taking off. / USMC KC-130J with six-blade props and refuelling pods, taking off.
usmc_kc-130t	c130j	same_family	USMC KC-130J (six-blade props); the KC-130T is the older four-blade Hercules tanker of the same family. / USMC KC-130J with six-blade props, visibly the newer J model rather than the four-blade KC-130T.
usmc_mv-22b	mv22	same_type	USMC MV-22B Osprey in HMX-1 green/white livery, rotors turning on the ramp. / USMC MV-22B Osprey in HMX-1 green/white executive livery, on the ground.
usmc_uh-1y	uh1y	same_type	USMC UH-1Y Venom with four-blade rotor parked on a ramp. / USMC UH-1Y Venom with four-blade rotor parked on a ramp.
usmc_vh-3d	vh3d	same_type	VH-3D Sea King 'Marine One' in green and white presidential livery, in flight. / VH-3D Sea King in the green-and-white Marine One livery in flight.
usn_ch-46d	ch46	same_family	Shows USMC CH-46E Sea Knights, which look the same at a glance as the Navy CH-46D. / USMC CH-46E Sea Knights on a flight deck. Closely related to the Navy CH-46D and broadly the same at a glance.
usn_cv_america_79	america_cv	same_type	USS America (CV-66), hull number 66 on the island, under way with a loaded air wing. / USS America (CV-66), hull number 66 on the island, turning with an air wing on deck.
usn_cv_forrestal_75	forrestal	same_type	Black-and-white aerial of USS Forrestal (CV-59, deck number 59) with an air wing on deck, likely 1960s. / Black-and-white aerial photo of USS Forrestal (CV-59) underway with air wing on deck.
usn_cv_kitty_hawk	kitty_hawk	same_type	Bow-on view of a Kitty Hawk-class carrier under way with an air wing on deck. / Bow-on view of a conventional US supercarrier with F-14s and Hornets, consistent with the Kitty Hawk class (hull number not visible).
usn_cvn_enterprise	enterprise	same_type	USS Enterprise (CVN-65) under way in her late-career configuration, with an air wing on deck. / USS Enterprise (CVN-65) underway, its distinctive island clearly visible.
usn_cvn_nimitz	nimitz	same_type	USS Nimitz (CVN-68) with loaded deck dominating the frame, replenishing alongside a supply ship and cruiser. / USS Nimitz (hull 68 visible on the island) with a loaded deck, refuelling alongside a supply ship and a Ticonderoga cruiser; the carrier is the dominant subject.
usn_cvn_nimitz_2000s	nimitz	same_type	USS Nimitz (CVN-68) replenishing alongside a supply ship and a cruiser. / USS Nimitz (CVN-68) with a loaded air wing during underway replenishment, alongside an AOE and a Ticonderoga cruiser; the carrier is the dominant subject.
usn_cvn_nimitz_2000s_adou	nimitz	same_type	USS Nimitz (CVN-68) replenishing alongside a supply ship and a cruiser. / USS Nimitz (CVN-68), a Nimitz-class carrier from the 2000s era, clearly shown in an aerial replenishment view.
usn_cvn_nimitz_2027s_adou	nimitz	same_type	USS Nimitz (CVN-68) in formation; same class, earlier fit than 2027. / USS Nimitz (CVN-68) hull and island clearly shown; same class, and the later refit is only a fit difference.
usn_dd_spruance	spruance	same_type	USS Spruance (DD-963) under way, full broadside view. / USS Spruance (DD-963) under way, the class lead ship.
usn_dd_spruance_vls_lamps-3	spruance	same_type	USS Spruance (DD-963) under way, full broadside view. / USS Spruance (DD-963) under way, the class lead ship.
usn_ddg-1000	zumwalt	same_type	USS Zumwalt (DDG-1000) at speed during a turn, aerial view. / USS Zumwalt (DDG-1000) underway, original gun-armed configuration.
usn_ddg-1000_cps	zumwalt	same_family	USS Zumwalt in her original fit with both AGS gun houses forward, before the CPS missile conversion; the hull is broadly the same. / Shows DDG-1000 with original AGS gun houses forward, not the CPS missile-module conversion.
usn_ddg_arleigh_flt1_062_2027	arleigh_burke	same_type	USS Arleigh Burke (DDG-51), the Flight I lead ship; same flight as DDG-62. / USS Arleigh Burke DDG-51, a Flight I ship like DDG-62; only the 2027 fit details differ.
usn_ddg_arleigh_flt3_2027	arleigh_burke	same_family	DDG-51 Flight I, not the Flight III SPY-6 and hangar configuration; same class. / DDG-51 Flight I, not the hangar-equipped SPY-6 Flight III.
usn_ddg_burke_f2_072	arleigh_burke	same_family	USS Arleigh Burke (DDG-51), the Flight I lead ship; Flight II looks almost identical. / USS Arleigh Burke DDG-51 (Flight I), almost identical to Flight II but an earlier hull.
usn_ddg_burke_f2_072_late	arleigh_burke	same_family	DDG-51, a Flight I hull without a hangar; a close match for this Flight II unit. / DDG-51 Flight I, an earlier hull broadly matching Flight II.
usn_ddg_burke_f2_075_late	arleigh_burke	same_family	DDG-51, a Flight I hull with Phalanx rather than SeaRAM; same class, earlier flight. / DDG-51 Flight I without SeaRAM, an earlier hull of the Flight II design.
usn_ddg_burke_f2a_079	arleigh_burke	same_family	DDG-51 Flight I without the Flight IIA hangars; same class silhouette. / DDG-51 Flight I with no helicopter hangars, visibly different from Flight IIA.
usn_ddg_burke_f2a_079_late	arleigh_burke	same_family	DDG-51 Flight I without the Flight IIA hangars or SeaRAM; same class. / DDG-51 Flight I with no hangars or SeaRAM, a different flight from IIA.
usn_ddg_burke_f2a_080	arleigh_burke	same_family	DDG-51 Flight I without the Flight IIA hangars; same class. / DDG-51 Flight I with no hangars, a different flight from IIA.
usn_ddg_burke_f2a_080_late	arleigh_burke	same_family	DDG-51 Flight I without the Flight IIA hangars or SeaRAM; same class. / DDG-51 Flight I with no hangars or SeaRAM, a different flight from IIA.
usn_ddg_burke_f2a_081	arleigh_burke	same_family	DDG-51 Flight I without the Flight IIA hangars; same class. / DDG-51 Flight I with no hangars, a different flight from IIA.
usn_ddg_burke_f2a_081_late	arleigh_burke	same_family	DDG-51 Flight I without the Flight IIA hangars; same class. / DDG-51 Flight I with no hangars, a different flight from IIA.
usn_ddg_burke_f2a_084_late	arleigh_burke	same_family	DDG-51 Flight I without the Flight IIA hangars or SeaRAM; same class. / DDG-51 Flight I with no hangars or SeaRAM, a different flight from IIA.
usn_ddg_burke_f2a_085	arleigh_burke	same_family	DDG-51 Flight I without the Flight IIA hangars; same class. / DDG-51 Flight I with no hangars, a different flight from IIA.
usn_ddg_burke_f2a_085_late	arleigh_burke	same_family	DDG-51 Flight I without the Flight IIA hangars; same class. / DDG-51 Flight I with no hangars, a different flight from IIA.
usn_ddg_burke_f2a_088_laser	arleigh_burke	same_family	DDG-51 Flight I without the Flight IIA hangars or the laser fit; same class. / DDG-51 Flight I with no hangars or laser fit, a different flight from IIA.
usn_ddg_burke_f2a_089	arleigh_burke	same_family	DDG-51 Flight I without the Flight IIA hangars; same class. / DDG-51 Flight I with no hangars, a different flight from IIA.
usn_ddg_burke_f2a_089_late	arleigh_burke	same_family	DDG-51 Flight I without the Flight IIA hangars; same class. / DDG-51 Flight I with no hangars, a different flight from IIA.
usn_ddg_burke_f2a_091	arleigh_burke	same_family	DDG-51 Flight I without the Flight IIA hangars; same class. / DDG-51 Flight I with no hangars, a different flight from IIA.
usn_ddg_burke_f2a_091_late	arleigh_burke	same_family	DDG-51 Flight I without the Flight IIA hangars; same class. / DDG-51 Flight I with no hangars, a different flight from IIA.
usn_ddg_burke_f2a_091_sewip	arleigh_burke	same_family	DDG-51 Flight I without the Flight IIA hangars or SEWIP; same class. / DDG-51 Flight I with no hangars or SEWIP, a different flight from IIA.
usn_ddg_burke_f2a_097	arleigh_burke	same_family	DDG-51 Flight I without the Flight IIA hangars; same class. / DDG-51 Flight I with no hangars, a different flight from IIA.
usn_ddg_burke_f2a_097_late	arleigh_burke	same_family	DDG-51 Flight I without the Flight IIA hangars; same class. / DDG-51 Flight I with no hangars, a different flight from IIA.
usn_ddg_burke_f2a_097_sewip	arleigh_burke	same_family	DDG-51 Flight I without the Flight IIA hangars or SEWIP; same class. / DDG-51 Flight I with no hangars or SEWIP, a different flight from IIA.
usn_ddg_burke_f2a_099	arleigh_burke	same_family	DDG-51 Flight I without the Flight IIA hangars; same class. / DDG-51 Flight I with no hangars, a different flight from IIA.
usn_ddg_burke_f2a_099_late	arleigh_burke	same_family	DDG-51 Flight I without the Flight IIA hangars; same class. / DDG-51 Flight I with no hangars, a different flight from IIA.
usn_ddg_burke_f2a_100_late	arleigh_burke	same_family	DDG-51 Flight I without the Flight IIA hangars; same class. / DDG-51 Flight I with no hangars, a different flight from IIA.
usn_ddg_burke_f2a_108	arleigh_burke	same_family	DDG-51 Flight I without the Flight IIA hangars; same class. / DDG-51 Flight I with no hangars, a different flight from IIA.
usn_ddg_burke_f2a_108_late	arleigh_burke	same_family	DDG-51 Flight I without the Flight IIA hangars; same class. / DDG-51 Flight I with no hangars, a different flight from IIA.
usn_ddg_burke_f2a_113	arleigh_burke	same_family	DDG-51 Flight I without the Flight IIA hangars; same class. / DDG-51 Flight I with no hangars, a different flight from IIA.
usn_ddg_burke_f2a_117	arleigh_burke	same_family	DDG-51 Flight I without the Flight IIA hangars or SeaRAM; same class. / DDG-51 Flight I with no hangars or SeaRAM, a different flight from IIA.
usn_ddg_burke_f2a_119	arleigh_burke	same_family	DDG-51 Flight I without the Flight IIA hangars; same class. / DDG-51 Flight I with no hangars, a different flight from IIA.
usn_ddg_burke_f3_125	arleigh_burke	same_family	DDG-51 Flight I with SPY-1 arrays, not the Flight III SPY-6 arrays and hangars; same class. / DDG-51 Flight I with SPY-1 arrays and no hangars, not the SPY-6 Flight III.
usn_ddg_burke_f3_concept	arleigh_burke	same_family	DDG-51 Flight I; Flight III concept features are not shown; same class. / DDG-51 Flight I, not the Flight III configuration.
usn_e-2d	e2d	same_type	US Navy E-2D Advanced Hawkeye in flight. / USN E-2D Advanced Hawkeye in flight.
usn_e_2c_group2_plus	e2c	same_type	Two USN E-2C Hawkeyes (CVW-5) in flight over Mt Fuji. / Two VAW-115 E-2C Hawkeyes in flight over Mount Fuji.
usn_ea-6b_late	ea6b	same_type	USN EA-6B Prowler 500 being directed on a carrier deck in front of the island. / USN EA-6B Prowler '500' taxiing on a carrier deck.
usn_ea_18g_rsa	ea18g	same_type	VAQ-136 EA-18G Growler launching from a carrier deck, wingtip pods visible. / VAQ-136 EA-18G Growler with wingtip pods launching from a carrier.
usn_ea_6b_96	ea6b	same_type	USN EA-6B Prowler 500 being directed on a carrier deck in front of the island. / USN EA-6B Prowler '500' taxiing on a carrier deck.
usn_ep-3e	ep3e	same_type	US Navy EP-3E Aries II with its dorsal canoe and ventral radomes, in flight. / White US Navy EP-3E Aries II (325) with dorsal canoe and ventral radomes, in flight.
usn_ep-3e_late	ep3e	same_type	US Navy EP-3E Aries II in flight; a late sub-variant would look the same. / Recent-era US Navy EP-3E Aries II in flight; late-standard EP-3Es share this airframe and antenna layout.
usn_es-3a	es3a	same_type	ES-3A Shadow from below, showing its dorsal fairing and underside antenna array. / US Navy ES-3A Shadow from below with dorsal fairing and underside antenna array.
usn_f-14b	f14b	same_type	F-14 Tomcat underside view with wings swept, carrying Phoenix and Sparrow missiles; A/B not distinguishable at a glance. / F-14 Tomcat seen from below with missiles loaded; the source caption says F-14B of VF-211 in 1989, but the variant cannot be confirmed by eye.
usn_f-14e	f14d	same_family	VF-101 F-14 Tomcat (labelled F-14D) taking off; the Super Tomcat 21 was an unbuilt derivative of this airframe. / Shows a standard F-14D Tomcat (VF-101), not the notional F-14E Super Tomcat 21.
usn_f-8a	f8_crusader	same_family	French F-8E(FN) Crusader in flight; related Crusader variant, not an F-8A. / French F-8E(FN), a later sub-variant than the early F-8A.
usn_f-8b	f8_crusader	same_family	French F-8E(FN) Crusader in flight; related Crusader variant, not an F-8B. / French F-8E(FN), a later sub-variant than the F-8B.
usn_f-8c	f8_crusader	same_family	French F-8E(FN) Crusader in flight; related Crusader variant, not an F-8C. / French F-8E(FN) Crusader, related but different variant from the F-8C.
usn_f-8d	f8_crusader	same_family	French F-8E(FN) Crusader in flight; related Crusader variant, not an F-8D. / French F-8E(FN) Crusader, related but different variant from the F-8D.
usn_f-8e	f8_crusader	same_family	French F-8E(FN) Crusader in flight; French-modified derivative of the F-8E in French markings. / French F-8E(FN) derivative (modified wing/tail) rather than a USN F-8E.
usn_f-8h	f8_crusader	same_family	French F-8E(FN) Crusader in flight; related Crusader variant, not an F-8H. / French F-8E(FN) Crusader, related but different variant from the F-8H.
usn_f-8j	f8_crusader	same_family	French F-8E(FN) Crusader in flight; related Crusader variant, not an F-8J. / French F-8E(FN) Crusader, related but different variant from the F-8J.
usn_f-8k	f8_crusader	same_family	French F-8E(FN) Crusader in flight; related Crusader variant, not an F-8K. / French F-8E(FN) Crusader, related but different variant from the F-8K.
usn_f-8l	f8_crusader	same_family	French F-8E(FN) Crusader in flight; related Crusader variant, not an F-8L. / French F-8E(FN) Crusader, related but different variant from the F-8L.
usn_f_14d	f14d	same_type	VF-101 'Grim Reapers' F-14 Tomcat in a low pass, side view, labelled F-14D. / F-14D Tomcat of VF-101 with twin chin sensor pod, taking off.
usn_f_35c	f35c	same_type	US Navy F-35C in flight carrying external test stores, including LRASM. / US Navy F-35C banking in flight with external stores and test markings.
usn_fa-18a+	fa18c	same_family	US Navy F/A-18C launching from a carrier; the A+ is a near-identical earlier legacy Hornet. / USN F/A-18C on a carrier catapult, a close relative of the upgraded F/A-18A+.
usn_fa-18c(n)	fa18c	same_type	US Navy single-seat F/A-18C Hornet launching from a carrier. / USN single-seat F/A-18C Hornet launching from a carrier.
usn_fa-18d	fa18d	same_type	Two-seat USMC F/A-18D Hornet in flight with tanks and missiles. / Two-seat USMC F/A-18D Hornet (WT tail code) in flight with two crew visible.
usn_fa_18c_rsa	fa18c	same_type	USN single-seat F/A-18 Hornet 300 with colourful tails on a carrier catapult. / USN single-seat legacy Hornet '300' on a carrier catapult.
usn_fa_18d_rsa	fa18d	same_type	Two-seat USMC F/A-18D Hornet in flight, side view, with two crew visible. / USMC two-seat F/A-18D legacy Hornet in flight.
usn_fa_18e_rsa	fa18e	same_type	USN F/A-18 Super Hornet on a carrier catapult, head-on, carrying drop tanks. / A single-seat F/A-18E Super Hornet on a carrier catapult, seen head-on.
usn_fa_18f_rsa	fa18f	same_type	Two-seat F/A-18F Super Hornet of VFA-2 in afterburner climb-out, rear three-quarter view. / Two-seat F/A-18F Super Hornet of VFA-2 climbing out in afterburner, seen from the rear.
usn_ffg_oliver_hazard_perry	perry	same_type	B&W aerial view of USS Oliver Hazard Perry (FFG-7, hull number 7) underway. / B&W aerial photo of USS Oliver Hazard Perry (FFG-7) underway, 1977.
usn_fury_escort	fury	same_family	Two Anduril YFQ-44A Fury prototypes (USAF markings) on the apron, the same airframe as the conceptual naval role variant. / Two USAF YFQ-44A Fury prototype test aircraft on apron; not the conceptual naval escort variant.
usn_fury_ew	fury	same_family	Two Anduril YFQ-44A Fury prototypes (USAF markings) on the apron, the same airframe as the conceptual naval role variant. / Two USAF YFQ-44A Fury prototype test aircraft on apron; not the conceptual naval EW variant.
usn_fury_interceptor	fury	same_family	Two Anduril YFQ-44A Fury prototypes (USAF markings) on the apron, the same airframe as the conceptual naval role variant. / Two USAF YFQ-44A Fury prototype test aircraft on apron; not the conceptual naval interceptor variant.
usn_fury_recon	fury	same_family	Two Anduril YFQ-44A Fury prototypes (USAF markings) on the apron, the same airframe as the conceptual naval role variant. / Two USAF YFQ-44A Fury prototype test aircraft on apron; not the conceptual naval recon variant.
usn_fury_sead	fury	same_family	Two Anduril YFQ-44A Fury prototypes (USAF markings) on the apron, the same airframe as the conceptual naval role variant. / Two USAF YFQ-44A Fury prototype test aircraft on apron; not the conceptual naval SEAD variant.
usn_fury_strike	fury	same_family	Two Anduril YFQ-44A Fury prototypes (USAF markings) on the apron, the same airframe as the conceptual naval role variant. / Two USAF YFQ-44A Fury prototype test aircraft on apron; not the conceptual naval strike variant.
usn_hh-60	sh60f	same_family	US Navy carrier-based Seahawk landing on a flight deck; the HH-60H is the combat-SAR sibling of the SH-60F. / USN carrier-air-wing Seahawk (SH-60F type) landing on a carrier; the HH-60H is its near-identical CSAR sibling.
usn_lha_tarawa	tarawa	same_type	Black-and-white broadside of USS Tarawa (LHA-1) underway with helicopters on deck. / Black-and-white photo of LHA-1 Tarawa (hull number 1 on the island) underway.
usn_mh-60r	mh60r	same_type	US Navy MH-60R Seahawk hovering over the sea, clear side view with chin FLIR. / US Navy MH-60R Seahawk hovering over the sea with nose FLIR and ESM fit visible.
usn_ms_c4_armed	freighter	wrong_subject	Modern civilian general-cargo coaster Kristina, not a WWII-era C4 cargo ship. / Modern small European cargo coaster with aft superstructure, not a WWII-era C4 cargo ship.
usn_orlan10705	orlan10	same_type	Orlan-10 UAV on its catapult launcher in snow, with a soldier kneeling beside it; the drone is clearly visible. / Orlan-10 UAV on its launch catapult in snow, with a Russian soldier beside it.
usn_p-3d	p3c	same_family	P-3 Orion seen from behind releasing flares; P-3C rather than the P-3D variant. / P-3 Orion in flight dispensing flares; the mod P-3D uses the P-3C airframe/model.
usn_p-8a	p8a	same_type	RAF Poseidon MRA1 (ZP803) in flight; the same P-8A airframe in a different operator's markings. / RAF Poseidon MRA1 (P-8A airframe, ZP803) in flight; operator differs but type is identical.
usn_p8_2027	p8a	same_type	RAF Poseidon MRA1 ZP803 in flight; same P-8A airframe, and future fit changes are not visible. / RAF Poseidon MRA1 ZP803 (a P-8A airframe) in flight; the 2027 fit is not visible but it is the same airframe.
usn_p_8a	p8a	same_type	RAF Poseidon MRA1 ZP803 in flight; same P-8A airframe, different operator. / RAF Poseidon MRA1 ZP803 (a P-8A airframe) in flight.
usn_rf-8a	f8_crusader	same_family	French F-8E(FN) fighter Crusader; recon RF-8A has a camera nose not shown. / French F-8E(FN) fighter, not the camera-nosed RF-8A reconnaissance variant.
usn_rf-8g	f8_crusader	same_family	French F-8E(FN) fighter Crusader; recon RF-8G has a camera nose not shown. / French F-8E(FN) fighter, not the camera-nosed RF-8G reconnaissance variant.
usn_rq7705	rq7	same_type	RQ-7 Shadow UAV on its launcher, being handled by US Army soldiers; fuselage and payload are clear, but people cover part of it and the wings run out of frame. / US Army soldiers handling an RQ-7 Shadow UAV on its launcher; fuselage and EO turret clearly visible.
usn_s-3b	s3b	same_type	US Navy S-3B Viking about to land on a carrier deck, gear down. / US Navy S-3B Viking landing on a carrier deck.
usn_sh-2g	sh2g	same_type	RNZN SH-2G(I) Super Seasprite landing on a carrier deck with UK F-35Bs behind; the operator differs but the airframe is the same. / SH-2G Super Seasprite with orange MAD bird hovering over a carrier deck with F-35Bs.
usn_sh-3j	seaking	same_family	US Navy HC-1 SH-3 Sea King hovering over an Apollo capsule recovery, with a carrier behind. / US Navy HC-1 SH-3 Sea King in rescue configuration recovering an Apollo capsule; not a specific later ASW sub-variant.
usn_sh-60b	sh60b	same_type	USN SH-60B Seahawk (714) landing, with rescue crews in the foreground. / US Navy SH-60B Seahawk (714) with MAD bird landing among rescue personnel.
usn_sh-60f	sh60f	same_type	US Navy carrier-based Seahawk landing on a carrier flight deck, seen from the rear quarter. / USN carrier-based SH-60F-style Seahawk landing on a carrier deck.
usn_sh_3h	seaking	same_family	US Navy SH-3 Sea King in flight during an Apollo recovery; rescue fit rather than ASW. / US Navy HC-1 SH-3 in rescue role (likely SH-3A/G), not the SH-3H ASW fit.
usn_ssbn_franklin_late	ben_franklin	same_type	Aerial view of a surfaced Franklin/Lafayette-type SSBN with sail planes, running at speed; the Trident C4 refit cannot be seen from outside. / Surfaced SSBN with a sail and sail planes underway at speed, matching the Benjamin Franklin/Lafayette hull form.
usn_ssbn_george_washington	george_washington	same_type	USS George Washington (SSBN-598) running surfaced, showing the sail and the missile compartment aft. / USS George Washington (SSBN-598) running surfaced.
usn_ssbn_ohio	ohio	same_family	Surfaced Ohio-class boat carrying two dry deck shelters, so it is the SSGN conversion of the same hull, not an SSBN fit. / Aerial view of an Ohio-class boat fitted with twin dry deck shelters, i.e. SSGN conversion rather than SSBN fit.
usn_ssgn_ohio	ohio	same_type	Surfaced Ohio-class SSGN carrying twin dry deck shelters, seen from the air. / Aerial view of an Ohio-class SSGN with twin dry deck shelters behind the sail.
usn_ssgn_ohio_2027	ohio	same_type	Surfaced Ohio-class SSGN carrying twin dry deck shelters, seen from the air. / Aerial view of an Ohio-class SSGN with twin dry deck shelters behind the sail.
usn_ssn_seawolf	seawolf	same_type	Sail and bow wave of USS Seawolf (SSN-21) on the surface. / USS Seawolf (SSN-21) underway on the surface, sail clearly visible.
usn_ssn_seawolf_2027	seawolf	same_type	Sail and bow wave of USS Seawolf (SSN-21) on the surface. / USS Seawolf (SSN-21), the lead boat of the class, underway on the surface.
usn_ssn_seawolf_carter	seawolf	same_family	Sail and bow wave of USS Seawolf (SSN-21), not the lengthened Jimmy Carter. / The sail of USS Seawolf (SSN-21), not the lengthened Jimmy Carter (SSN-23).
usn_ssn_seawolf_carter_rsa	seawolf	same_family	Sail and bow wave of USS Seawolf (SSN-21), not the lengthened Jimmy Carter. / The sail of USS Seawolf (SSN-21), not Jimmy Carter (SSN-23), whose extended multi-mission hull section is not shown.
usn_ssn_seawolf_rsa	seawolf	same_type	Sail and bow wave of USS Seawolf (SSN-21) on the surface. / USS Seawolf (SSN-21) underway on the surface, sail clearly visible.
wp_1l269_kra	krasukha	wrong_subject	KamAZ-mounted Krasukha-4-type EW vehicle with dish antennas, not the BAZ-chassis 1L269 Krasukha-2. / The photo shows a Krasukha-4 (1RL257) on a KamAZ-6350 chassis, not the visibly different BAZ-mounted Krasukha-2 (1L269).
wp_91n6_bigbird	bigbird	same_family	64N6E2 Big Bird radar on a twin-cab MAZ 8x8 chassis, the predecessor of the 91N6, which has a similar array on a different chassis. / S-300 64N6E-series Big Bird radar on a MAZ-7410 tractor-trailer, not the S-400 91N6 itself.
wp_96l6	96l6	same_type	Full 96L6-type all-altitude radar truck with raised planar array in a field. / Front view of a 96L6 radar on an MZKT 8x8 with the array raised, taken from a video frame.
wp_96l6e	96l6	same_type	Full 96L6-type radar truck with raised planar array; matches 96L6E vehicle. / Front view of a 96L6 radar on an MZKT 8x8 with the array raised; export E-version differences are not visible.
wp_a-50	a50	same_type	Parked (stored) Beriev A-50 Il-76-based AEW&C with rotodome and red-star tail, clearly visible. / Weathered, stored Beriev A-50 (Il-76 airframe with rotodome) parked in a grass field.
wp_a-50b	a50	same_type	A-50 airframe; only paint scheme differs from this unit. / A-50 airframe in standard grey; paint scheme difference only.
wp_a-50g	a50	same_type	A-50 airframe; only paint scheme differs from this unit. / A-50 airframe in standard grey; paint scheme difference only.
wp_a-50u	a50	same_family	Beriev A-50 airframe; A-50U is an avionics upgrade externally near-identical to the pictured A-50. / Derelict, unupgraded Beriev A-50 in storage; same airframe family, but not an A-50U.
wp_a-50ub	a50	same_type	A-50 airframe; A-50U paint variant is externally near-identical. / A-50 airframe in standard grey; A-50U paint variant differs only in livery.
wp_a-50ubr	a50	same_type	A-50 airframe; A-50U paint variant is externally near-identical. / A-50 airframe in standard grey; A-50U paint variant differs only in livery.
wp_a_50	a50	same_type	Complete A-50 (Il-76 with rotodome) parked on grass, clearly visible. / Weathered Russian A-50 (Il-76 with rotodome) parked in a field, complete airframe.
wp_a_50u	a50	same_type	A-50 airframe; A-50U upgrade is externally near-identical. / A-50 airframe; A-50U upgrade is externally near-identical.
wp_big_bird	bigbird	same_type	64N6E2 Big Bird radar vehicle (MAZ 8x8 with raised phased array), a sub-variant of the 64N6E. / 64N6E Big Bird phased-array radar on a MAZ-7410 tractor and semitrailer at a display.
wp_d-20	d20	same_type	Complete D-20 152mm gun-howitzer with a double-baffle muzzle brake and shield at an outdoor museum. / Complete D-20 152 mm gun-howitzer with a wavy-top shield and double-baffle muzzle brake on outdoor display.
wp_ifv_bmp-1	bmp1	same_type	Museum BMP-1 in three-quarter view, with the small conical turret and 73 mm gun. / A BMP-1 infantry fighting vehicle on a museum plinth, seen in three-quarter view.
wp_ifv_bmp-2	bmp2	same_type	Ukrainian BMP-2 in a field, rear three-quarter view, turret partly covered by foliage but 30 mm gun visible. / Ukrainian BMP-2 in a field from the rear quarter, 30 mm gun visible, with branches covering the turret.
wp_il-76md	il76	same_type	Il-76MD (RA-78791) in Aeroflot livery, parked on grass. / Il-76MD (RA-78791) in Aeroflot livery parked on grass.
wp_il-76mdg	il76	same_type	Il-76MD (RA-78791) in white Aeroflot livery, not the grey scheme. / Il-76MD in white Aeroflot livery; same type, grey paint differs.
wp_il-78	il78	same_family	Head-on Il-76-family airlifter landing; the Il-78 tanker pods are not clearly visible. / White Il-76-family transport on approach (front view) with no refuelling pods visible, so the tanker is not confirmed.
wp_il_76md	il76	same_type	Il-76MD (marked on the nose) in Aeroflot livery, parked on grass. / Il-76MD (nose marked IL-76MD) in Aeroflot livery parked on grass.
wp_iskander	iskander	same_family	9P78-1 Iskander-M ballistic-missile launcher; the Iskander-K cruise-missile launcher is a closely related variant on the same chassis. / Iskander-M ballistic-missile launcher shown, not specifically the Iskander-K cruise-missile launcher.
wp_iskander_m	iskander	same_type	9P78-1 Iskander-M 8x8 transporter-launcher seen from above at a parade. / Iskander-M 9P78-1 8x8 transporter-launcher on parade, missiles enclosed.
wp_iskander_m_clu	iskander	same_type	9P78-1 Iskander-M transporter-launcher; the warhead variant is not visible but the launcher is the same. / Iskander-M 9P78-1 launcher vehicle; the warhead variant is not visible.
wp_iskander_m_nuke	iskander	same_type	9P78-1 Iskander-M transporter-launcher; the warhead variant is not visible but the launcher is the same. / Iskander-M 9P78-1 launcher vehicle; the warhead variant is not visible.
wp_k300p_tel	bastion	same_type	Bastion-P launcher on MZKT-7930 8x8 chassis at a display line, with other launchers behind. / Bastion-P launcher vehicle on MZKT-7930 in travel configuration, S-400 launchers behind.
wp_ka-27rdl	ka27	same_family	Ka-27PL ASW helicopter on a deck; it lacks the large ventral radar antenna of the radar-picket variant. / Ukrainian Ka-27PL ASW helicopter with no AEW radar antenna, only the same coaxial airframe family.
wp_mi-24p	mi24p	same_type	Camouflaged Mi-24P with the twin-barrel 30mm cannon fixed on the starboard nose. / Russian Mi-24P Hind with the fixed twin-barrel GSh-30K cannon on the nose side and no chin turret.
wp_mi-24v	mi24v	same_type	Czech Mi-24V/Mi-35 (3368) with four-barrel chin turret, in flight. / Czech Mi-24V Hind (3368) in flight with four-barrel 12.7 mm chin turret.
wp_mi-24vp	mi24v	same_family	Czech Mi-24V/Mi-35 with four-barrel YakB turret; the VP's twin-barrel GSh-23 is not shown. / Czech Mi-24V with visible four-barrel 12.7 mm gun, not the Mi-24VP's twin-barrel 23 mm turret.
wp_mi-8ew	mi8	same_family	UN-marked Mi-8AMT (Mi-17-type, port tail rotor) landing; it has no EW antenna arrays. / White UN civilian Mi-8AMT (nose stencil reads Mi-8AMT) with no EW antenna arrays.
wp_mi-8t	mi8	same_family	UN-marked Mi-8AMT (Mi-17-type, port tail rotor) landing; the Mi-8T is the earlier variant of this family. / UN Mi-8AMT (Mi-17-type, tail rotor on the port side), a later variant than the Mi-8T.
wp_mi-8tv	mi8	same_family	UN-marked unarmed Mi-8AMT landing; same family as the armed Mi-8TV, without its weapon outriggers. / Unarmed UN Mi-8AMT with no weapon outriggers, unlike the armed Mi-8TV.
wp_mig-29a	mig29	same_family	MiG-29SMT with dorsal hump on static display; broadly the same as the base MiG-29 9.12. / Russian MiG-29SMT (RF-90858) with the humped dorsal spine at an airshow; same family, but visibly different from the flat-spined MiG-29A.
wp_mig-29k	mig29k	same_family	Russian Navy production MiG-29K (9.41) '31' at an airshow, canopy covered; a later derivative of the 1980s 9.31 MiG-29K. / Modern Russian Navy MiG-29K/KR (blue 31) at MAKS. This unit is the 1980s 9.31 MiG-29K, an earlier related design.
wp_mig-29k_941	mig29k	same_type	Russian Navy production MiG-29K (9.41) '31' at an airshow, canopy covered by a tarp. / Modern Russian Navy MiG-29K (9.41 family, blue 31) on static display with its canopy covered.
wp_mig-29k_947	mig29k	same_family	Russian Navy MiG-29K-family jet '31' with its canopy covered, so it cannot be confirmed as the two-seat 9.47 KUB. / Russian Navy MiG-29K with its canopy covered. The unit's squadrons are the two-seat MiG-29KUB (9.47), and the photo does not show the two-seat cockpit.
wp_mig-29m2_967	mig29	same_family	Single-seat MiG-29SMT; MiG-29M2 is a two-seat redesigned variant of the same family. / Single-seat MiG-29SMT; related Fulcrum, but the MiG-29M2 is a two-seat new-generation variant with a different canopy and spine.
wp_mig-29m_915	mig29	same_family	MiG-29SMT; MiG-29M differs in spine/intake details but looks broadly the same. / MiG-29SMT with the humped spine; related Fulcrum, but not the original 9.15 MiG-29M airframe.
wp_mig-29m_961	mig29	same_family	MiG-29SMT; MiG-29M differs in spine/intake details but looks broadly the same. / MiG-29SMT; related Fulcrum, but not the new-generation 9.61 MiG-29M.
wp_mig-29smt_918	mig29	same_type	MiG-29SMT with dorsal hump, number 25, on static display. / Russian MiG-29SMT (RF-90858, blue 25) with the enlarged dorsal spine, on static display.
wp_mig-31	mig31	same_type	Underside view of a Russian MiG-31 interceptor in afterburner. / Russian MiG-31 (blue 99) seen from below with afterburners lit.
wp_mig-31bm	mig31	same_type	Underside view of a Russian MiG-31 in afterburner; the BM upgrade cannot be seen from outside, same airframe. / Russian MiG-31 (blue 99) from below; BM upgrade not visually distinct but same airframe.
wp_mig-31k	mig31k	same_type	Grey Russian MiG-31 (blue 36) on the airshow ramp without a Kinzhal fitted; it is the same airframe as the K. / Russian MiG-31 '36 blue' on static display, with a Kinzhal-type missile on the centreline.
wp_mig-35	mig35	same_family	Distant MiG-29-family fighter from below in a smoke-trailing turn; MiG-35D variant not identifiable. / Head-on display shot of a Fulcrum-family jet trailing wingtip smoke (source caption: MiG-35D); MiG-35 details are barely visible.
wp_mpk_grisha_mu	grisha	same_type	Grisha-class corvette (hull 332) underway, with Osa-M launcher lid and RBU forward and a single gun aft. / Russian Grisha-class corvette 332 underway; its single stern gun and modern Pacific Fleet service fit the Grisha V, though detail is low.
wp_ms_andizhan_armed	freighter	wrong_subject	Modern gearless coaster 'Kristina', not an armed Andizhan-class freighter. / Unarmed modern gearless civilian coaster; the unit is an armed Soviet 1950s Andizhan-class freighter.
wp_ms_poltava_armed	freighter	wrong_subject	Modern civilian general-cargo coaster Kristina, not a Soviet Poltava-class freighter. / Modern small civilian cargo coaster, not a Soviet Poltava-class freighter.
wp_mzkt_96l6	96l6	same_type	96L6 radar on heavy 8x8 truck chassis with array raised, clearly visible. / Front view of a 96L6 radar on an MZKT 8x8 chassis with the array raised.
wp_mzkt_bigbird	bigbird	same_family	64N6E2 radar on a twin-cab MAZ chassis, not the MZKT-carried 91N6E; similar array, different vehicle. / 64N6E-series Big Bird on a MAZ-7410 tractor-trailer, not the 91N6E S-400 radar vehicle.
wp_mzkt_gravestone	gravestone	same_type	92N6 Grave Stone engagement radar on MZKT 8x8 truck at a display, S-400 TEL partly in frame at left. / 92N6A Grave Stone radar on an MZKT 8x8 chassis at a display, with part of an S-400 TEL at the left edge.
wp_nebou	nebo_u	same_type	Nebo-U VHF radar array erected on its 8x8 carrier truck. / 55Zh6U Nebo-U VHF Yagi-array radar raised on its 8x8 carrier vehicle.
wp_pkr_moskva	moskva_lph	same_type	Black-and-white aerial of Moskva-class helicopter cruiser Leningrad (841); a US P-3 flying past covers part of the superstructure. / Black-and-white photo of Moskva-class helicopter cruiser 841 underway, with a US P-3 overflying.
wp_projekt61m	kashin	same_family	Aerial view of Kashin-class Provorny in her Project 61E trials fit (Front Dome directors), not the Project 01090/61M configuration; the hull is broadly the same. / Shows Provorny (Project 61E test ship with Front Dome illuminators), not the Project 01090 Smetlivy fit.
wp_provorny	kashin	same_type	Aerial stern-quarter view of Kashin-class 'Provorny' (name readable on the hull) in her Project 61E fit. / Aerial stern view of Provorny (name on hull), the Project 61E Kashin conversion with several Front Dome radomes.
wp_ptg_tarantul_mr	tarantul	same_type	Tarantul III corvette 953, moored, with Moskit launchers and twin AK-630s. / Tarantul III (pennant 953) with Moskit tubes, Band Stand radome and twin AK-630s aft, moored at Sevastopol.
wp_ptg_tarantul_r60	tarantul	same_family	Standard Tarantul III with AK-630s; R-60 has Palash CIWS instead. / Tarantul III with twin AK-630s aft; the R-60 unit is modelled with Palash CIWS instead, a visibly different aft fit.
wp_ptg_tarantul_r71	tarantul	same_family	Standard Tarantul III with AK-630s; R-71 (Project 12417) has the Kortik module instead. / Standard Tarantul III with AK-630s, not R-71 with its Kortik CIWS module.
wp_r-330zh	zhitel	same_type	R-330Zh Zhitel KamAZ truck and antenna trailer deployed with raised masts in a field. / R-330Zh Zhitel KamAZ command truck and mast-antenna trailer deployed in a field.
wp_sa-21_40n6_tel	s400	same_type	S-400 launcher with four large missile canisters raised, at Army-2022. / S-400 5P85TE2-type launcher with raised large missile canisters on a BAZ tractor, Army-2022.
wp_sa-21_48n6e3_tel	s400	same_type	S-400 launcher with four large 48N6-type canisters raised, at Army-2022. / S-400 TEL with raised 48N6-type canisters on a BAZ tractor, Army-2022.
wp_sa-21_9m96e2_tel	s400	same_family	S-400 launcher carrying four large canisters, not the clustered small 9M96 canisters; the vehicle is broadly the same. / S-400 TEL loaded with large single-missile 48N6-type canisters, not 9M96 quad packs.
wp_sa-21_9m96e_tel	s400	same_family	S-400 launcher carrying four large canisters, not the clustered small 9M96 canisters; the vehicle is broadly the same. / S-400 TEL loaded with large single-missile 48N6-type canisters, not 9M96 quad packs.
wp_sa-21_flaplid	s400	wrong_subject	Shows an S-400 missile launcher, not the engagement radar (Flap Lid/Grave Stone) this unit represents. / Photo shows an S-400 missile launcher, not the Flap Lid radar.
wp_sam_site_sa-21	s400	same_family	Shows only the S-400 launcher, one component of the SAM site; acceptable as a representative system photo. / Single S-400 TEL shown as a stand-in for the whole battery/site.
wp_sam_site_sa_20a	s300	same_family	Russian S-300P 5P85 TEL on MAZ-543 chassis; the variant cannot be confirmed and the photo shows only the launcher, not the site. / A Russian S-300P-family 5P85 launcher on the MAZ-543 chassis; it cannot be confirmed as PM-1/PMU-1 rather than PS.
wp_sam_site_sa_20b	s300	same_family	Russian S-300P 5P85 TEL on MAZ-543 chassis; the variant cannot be confirmed and the photo shows only the launcher, not the site. / A Russian S-300P-family 5P85 launcher on the MAZ-543 chassis; it cannot be confirmed as PM-2/PMU-2.
wp_sam_site_sa_21	s400	same_family	Shows only the S-400 launcher, one component of the SA-21 site; acceptable as a representative system photo. / Single S-400 TEL shown as a stand-in for the whole battery/site.
wp_scud_9k72	scud	same_type	MAZ-543 TEL with an R-17 Scud-B missile raised, on display. / MAZ-543 TEL with R-17 Scud-B missile raised to launch position.
wp_skr_armed_partizan	freighter	wrong_subject	Modern civilian general-cargo coaster Kristina, not a Yuniy Partizan-class freighter. / Modern small civilian cargo coaster 'Kristina', not a Soviet Yuniy Partizan-class vessel.
wp_spaa_sa-19	tunguska	same_type	2K22 Tunguska tracked SPAAG with guns and missile tubes at the St Petersburg artillery museum. / 2K22 Tunguska gun and missile SPAAG at the St Petersburg Artillery Museum.
wp_spaa_sa-19a	tunguska	same_family	2K22 Tunguska with eight-missile fit at a museum; M sub-variant differences are minor. / 2K22 Tunguska museum vehicle; the photo does not show whether it is the Tunguska-M.
wp_spaa_zsu-23-4	shilka	same_type	Black-and-white parade photo of a ZSU-23-4 Shilka with quad 23mm guns and radar. / Black-and-white parade photo of an early ZSU-23-4 Shilka with quad 23mm guns and radar.
wp_spaa_zsu-23-4m4	shilka	same_family	Early ZSU-23-4 Shilka parade photo; not the modernised M4 fit. / Early-production ZSU-23-4 Shilka, without the M4's missile launchers and upgraded fit.
wp_ss_improved_kilo	kilo	same_type	Kilo-class (Project 636-type) submarine running surfaced at speed. / Kilo/Improved Kilo-class submarine surfaced and under way.
wp_ssn_akula	akula	same_type	Surfaced Akula-class SSN with characteristic fin and towed-array pod on the rudder. / Surfaced Akula-class SSN showing its sail and the towed-array pod on the fin.
wp_ssn_sierra1	sierra	same_type	Surfaced Soviet Sierra-class SSN underway, with the rudder-top pod visible astern. / Black-and-white aerial of a surfaced Sierra-class SSN with a short rounded sail, limber holes and a towed-array pod on the rudder, which fits the Sierra I.
wp_ssn_sierra2	sierra	same_family	Surfaced Sierra-class SSN, apparently a Sierra I with the shorter rounded sail. / Sierra-class SSN whose short rounded sail looks like the Sierra I, not the longer blocky Sierra II sail.
wp_su-24m2	su24	same_family	Russian Su-24 Fencer '42' at an airshow; subtype not identifiable and no M2-specific features shown. / Su-24 (likely Su-24M/MR) with red star, number 42, on airshow static display; subtype not M2-specific.
wp_su-24mp	su24	same_family	Russian Su-24 Fencer '42' at an airshow; looks like a generic strike Fencer with no MP ELINT antennas visible. / Su-24 (likely Su-24M/MR) on static display; no Su-24MP ELINT-specific features identifiable.
wp_su-24sm3	su24	same_family	Russian Su-24-series bomber (number 42) at an older airshow; the sub-variant cannot be confirmed as an SM3, but it looks broadly the same. / Su-24 (no refuelling probe visible, so likely an earlier sub-variant) on static display, not clearly the M-based SM-series upgrade.
wp_su-25	su25	same_type	Single-seat camouflaged Su-25 with four drop tanks, on approach. / Single-seat Su-25 in green/brown camouflage with drop tanks, landing.
wp_su-25sm3	su25	same_family	Single-seat Su-25 airframe; the SM3 avionics upgrade is not visually distinct at a glance. / Standard-looking Su-25 single-seater; nothing visible confirms the SM3 upgrade (e.g. Vitebsk EW pods), so it is a family photo.
wp_su-27	su27	same_type	Russian single-seat Su-27 (blue 01) landing with its airbrake deployed. / Russian single-seat Su-27 'Blue 01' on landing with airbrake out.
wp_su-27sm	su27	same_type	Russian single-seat Su-27 (blue 01) landing; the SM upgrade is externally near-identical. / Russian single-seat Su-27; Su-27SM upgrade is externally near-identical.
wp_su-30m	su30	same_family	Russian Air Force Su-30SM with canards taxiing; the generic Su-30M looks broadly the same. / Russian VKS Su-30SM (canards, two seats, probe), a later variant than a plain Su-30M.
wp_su-30mkk	su30	same_family	Russian Su-30SM with canards taxiing; it is not the canard-less Chinese Su-30MKK, though it looks broadly similar. / Russian VVS Su-30SM with canards (bort 55), a visibly different Flanker two-seater from the canard-less Su-30MKK.
wp_su-30sm	su30	same_type	Russian Air Force two-seat Su-30SM with canards taxiing. / Russian VKS Su-30SM two-seater with canards taxiing.
wp_su-30sm2	su30	same_type	Russian Air Force Su-30SM taxiing; the SM2 upgrade is externally near-identical. / Su-30SM airframe; the SM2 upgrade looks the same from outside.
wp_su-33	su33	same_type	Su-33 with canards taking off from the Kuznetsov's ski-jump. / Russian Navy Su-33 in blue naval camouflage with canards, taking off from the Kuznetsov's deck (rear view).
wp_su-35s	su35	same_type	Su-35S '07' parked at the Paris Air Show with its canopy open. / Su-35 (red 07) without canards, on static display at the Paris Air Show.
wp_su-57	su57	same_type	Su-57 in digital camouflage banking in flight, seen from below. / Su-57 in digital camouflage seen from below in a high-g turn.
wp_su_33	su33	same_type	Su-33 with canards, taking off from Admiral Kuznetsov's ski jump, rear view. / Su-33 with canards in naval blue camo, taking off from the Kuznetsov's ski-jump deck.
wp_su_47	su47	same_type	Black Su-47 Berkut forward-swept-wing demonstrator ('01') on static display. / The black Su-47 Berkut demonstrator '01' with forward-swept wings, shown at an air show.
wp_td_2s25	sprut	same_family	Appears to be the 2S25M Sprut-SDM1 (BMD-4M-based hull, commander's panoramic sight) at an exhibition, not the original 2S25. / Sprut-type 125mm tank destroyer at a show; its panoramic-sight turret suggests the modernised 2S25M Sprut-SDM1, not the baseline 2S25.
wp_tu-160	tu160	same_type	Head-on Tu-160 bomber, wings spread, flying over Moscow. / White Tu-160 bomber flying head-on over Moscow.
wp_tu-16n	tu16	same_family	Soviet red-star Tu-16 glazed-nose bomber at low level with a US destroyer behind; the airframe matches but the Tu-16N tanker fit is not shown. / Soviet Tu-16 (red star) flying past a Spruance-class destroyer. The Tu-16N tanker's wingtip refuelling gear is not visible, so this is a Tu-16 family photo
wp_tu-95_bearg	tu95	same_family	Russian Tu-95MS 'Dubna' bomber in flight; the Tu-95K-22 Bear-G has the same airframe but a large chin radar. / Russian Tu-95MS 'Dubna' (Bear-H) in flight; same Bear family as the Tu-95K-22 Bear-G, but a different nose and radar fit.
wp_tu-95ma	tu95	same_family	Tu-95MS bomber in flight; the photo can't confirm the Tu-95MA fit, but the airframe is broadly the same. / Photo is a Tu-95MS (Bear-H, solid nose, no gun turrets); the mod's Tu-95MA is the older Bear-A style airframe with glazed nose and three AM-23 turrets.
wp_tu-95ms	tu95	same_type	Russian Air Force Tu-95MS 'Dubna' (20) in flight, full side view. / Tu-95MS 'Dubna' (Bear-H) of the Russian Air Force in flight.
wp_tu95ms	tu95	same_type	Russian Air Force Tu-95MS 'Dubna' (20) in flight, full side view. / Tu-95MS 'Dubna' (Bear-H) of the Russian Air Force in flight.
yns_su-33	su33	same_type	Su-33 with canards, taking off from Admiral Kuznetsov's ski jump, rear view. / Su-33 naval Flanker with canards, launching from a carrier deck.

# Fielded units with no picture, reviewed 5 Oct 2026 (two passes + tie-break)
ran_ffh_anzac	anzac	same_type	Anzac-class frigate HMAS Anzac (150) with ASMD mast, alongside at a shipyard, partly behind a tug but clearly visible. / HMAS Anzac (150), an Anzac-class frigate with the upgraded CEAFAR radar mast, in a Henderson shipyard; the lower hull is partly hidden by a tug.
ran_ssg_collins	collins	same_type	Distant, backlit surfaced diesel submarine with sail-mounted planes consistent with a Collins-class boat; small but recognisable. / Surfaced submarine with dive planes on its fin, matching a Collins-class boat; small and backlit but recognisable.
ran_aor_supply	supply_au	same_type	HMAS Supply (A195), Supply-class replenishment ship, berthed between Anzac-class frigates. / HMAS Supply (A195), a Supply-class replenishment ship, berthed between Hobart-class destroyers.
ran_lsd_choules	choules	same_type	HMAS Choules (L100) Bay-class LSD at Garden Island, seen over a building and foliage but clearly shown. / HMAS Choules (L100), a Bay-class landing ship, alongside in Sydney; partly framed by a crane and foreground building but clearly visible.
rn_aor_tide	tide	same_type	RFA Tidespring (A136), Tide-class tanker, replenishing a JMSDF destroyer (156) alongside. / RFA Tidespring (A136), a Tide-class tanker, replenishing JMSDF destroyer 156, which sits in the foreground.
plan_aor_type901	type901	same_type	Type 901 fast combat support ship Hulunhu (965) underway, clear broadside aerial view. / Clear broadside aerial view of hull 965 Hulunhu, a Type 901 fast combat support ship.
plan_aor_type903a	type903	same_family	Fuchi-class (Type 903) replenishment ship Qiandaohu (886) leading a formation; the 903A sub-variant looks nearly identical. / Shows hull 886 Qiandaohu, the original Type 903 lead ship, so it is the base Type 903 rather than the enlarged 903A, which looks almost the same.
usn_taoe_supply	supply_us	same_type	Supply-class fast combat support ship, hull number 6 (USS Supply, AOE-6), under way. / USNS Supply (T-AOE-6), the Supply-class fast combat support ship, hull number 6, under way.
usn_tao_kaiser	kaiser	same_type	Stern-quarter view of USNS Henry J. Kaiser (T-AO-187) replenishment oiler under way; the name is on the stern. / USNS Henry J. Kaiser (T-AO-187), the class lead ship, seen from the stern quarter (name on the transom).
usn_take_lewis_clark	lewis_clark	same_type	Lewis and Clark-class T-AKE dry cargo/ammunition ship at anchor, with a small patrol boat in the foreground. / Lewis and Clark-class T-AKE dry cargo and ammunition ship at anchor, with a small patrol boat in the foreground.
jmsdf_aoe_mashuu	mashu	same_type	Full broadside of JS Mashu (AOE-425) alongside a pier, replenishment rigs visible. / JS Mashu (AOE-425), a Mashu-class replenishment ship moored broadside with its replenishment kingposts visible.
usn_ssn_virginia_2027	virginia_ssn	same_type	Virginia-class attack submarine on the surface with crew on deck; sail fillet and hull clearly visible. / Virginia-class attack submarine surfaced with 'PROJ' trial markings, sail and crew on deck.
usn_ddg_arleigh_flt1_054_2027	arleigh_burke	same_type	USS Arleigh Burke (DDG-51), a Flight I destroyer, under way. / USS Arleigh Burke (DDG 51), the Flight I lead ship, under way.
usn_ddg_arleigh_flt2_072_2027	arleigh_burke	same_family	Shows Flight I DDG-51, which looks virtually the same as Flight II; sub-variant difference only. / USS Arleigh Burke (DDG 51), a Flight I ship with no hangar; it looks nearly the same as Flight II but is a different flight.
usn_ddg_arleigh_flt2A_119_2027	arleigh_burke	same_family	Shows Flight I DDG-51, which lacks the Flight IIA's aft helicopter hangars; same class, earlier flight. / USS Arleigh Burke (DDG 51), a Flight I ship visibly without the Flight IIA helicopter hangars; same class family, different flight.
rn_type23_refit	type23	same_type	Type 23 frigate HMS Richmond (F239) alongside, full broadside. / HMS Richmond (F239), a Type 23 frigate alongside in post-refit configuration with an Artisan radar on the mainmast.
plan_em_sovremenny	sovremenny	same_type	Russian Project 956 Sovremenny destroyer, pennant 610 (Nastoychivy), under way; same class, but Russian rather than Chinese. / Russian Project 956 Sovremenny-class destroyer Nastoychivy (610) under way; same hull class as the Hangzhou class, different operator.
plan_ddg_luda_typ_051d	type051	same_family	Grainy black-and-white photo of an early Type 051 Luda destroyer (pennant 223) with twin 130mm guns, two funnels and triple box launchers. / Black-and-white photo of an early-configuration Type 051 Luda destroyer (pennant 223) with twin 130 mm guns, two funnels and HY-2 box launchers; it is the base Luda, not specifically the 051D upgrade.
plan_ddg_luda_typ_051dt	type051	same_family	Early Type 051 Luda in original fit (triple box launchers), not the upgraded 051DT missile fit; same hull class. / Original-fit Type 051 Luda with HY-2 box launchers; the 051DT's later YJ-83 and HQ-7 fit is not shown, so this is the same hull but a different configuration.
ran_ffg_adelaide_shorthull	adelaide	same_type	Head-on view of Adelaide-class frigate HMAS Sydney (FFG 03); the class is clear but the hull length (short or long) cannot be seen. / Bow-on photo of HMAS Sydney (FFG 03), an Adelaide-class frigate and one of the original short-hull ships; the bow view hides the hull length, so it reads as the same class.
plan_type_001	kuznetsov	same_family	Russian carrier Admiral Kuznetsov (113), Liaoning's sister ship with the same hull and ski-jump; the island and weapons differ. / Russian carrier Admiral Kuznetsov (hull 113) at sea in 1991; it is Liaoning's sister ship, but the Chinese ship's rebuilt island and sensors differ visibly, so this is a class photo only.
E7A_Wedgetail	e7_raaf	same_type	RAAF E-7A Wedgetail taxiing, seen from the front, with the MESA radar fin clearly visible. / RAAF E-7A Wedgetail with its MESA radar fin, taxiing head-on.
S-70B-2_Seahawk	sh60b	same_family	USN SH-60B Seahawk (714) at a display; the S-70B-2 is the export version of this airframe, so only the operator and fit differ. / US Navy SH-60B (modex 714) landing at a disaster drill in Japan; it is the parent airframe of the S-70B-2, but a different operator and sub-variant (avionics and radar fit), with rescue crews filling the foreground.
raaf_f-35a	f35a_raaf	same_type	RAAF F-35A taxiing past a hardened shelter, seen from the front. / RAAF F-35A taxiing head-on in front of a shelter at Tindal.
wp_ss-26_tel	iskander	same_type	Iskander-M 9P78-1 8x8 launcher (SS-26 TEL) seen from above at a parade, missiles enclosed. / Clear overhead view of a 9P78-1 Iskander-M 8x8 launcher with its missile bay closed, which is the SS-26 TEL.
airbase_rnzaf_ohakea	ohakea	same_type	Aerial view of a military airfield with crossing runways and a hangar area in farmland beside a braided river, matching Ohakea (the reference note's C-17 description is out of date). / Clear high-altitude aerial view of the Ohakea runways, taxiways and base facilities among Manawatu farmland, with the Rangitikei River in view (a Commons photo titled RNZAF Base Ohakea from the air).
airbase_raaf_east_sale	east_sale	same_type	Aerial view of an airfield apron with a large construction site, control tower and helipad, matching the East Sale redevelopment; the reference note's gate-guardian description does not match this image. / Aerial view of a military airfield with a tower, a helipad and a big hangar and apron build under way, which fits the East Sale works but cannot be confirmed by eye; the credit record (no named creator, and a description of a gate guardian and sign) does not match this image and needs updating.
airbase_raaf_williamtown	williamtown	same_type	Aerial view through an airliner window of the Williamtown runway, base buildings and dispersal shelters beside the Stockton Bight coast; the wing and window edge are visible. / Aerial view from an airliner window of the shared Williamtown/Newcastle airfield, showing the runway, the hardened-shelter loop and Stockton Bight behind it (the credits record a 2014 Commons photo of Newcastle Airport).
FOB	fob	same_type	Photo shows a military forward operating base camp of modular shelters below a hillside, a fair generic FOB reference. / Real military base camp of prefab huts and tents in mountainous terrain, which suits the generic Forward Operating Base unit (source and credit are not recorded).
wp_an_tpy_2	tpy2	same_family	Archival photo of the early THAAD ground-based radar trailer (the AN/TPY-2 predecessor) being set up in the desert by soldiers. / Early MDA prototype of the TPY-2/THAAD radar trailers in the desert; it looks visibly different from the production AN/TPY-2 array, so it works only as a lineage photo.
thaad_tel	thaad	same_type	Photo shows a THAAD interceptor launching from its truck-mounted launcher, which is partly hidden by smoke. / THAAD interceptor launching from its truck-mounted launcher in a 2005 test; the HEMTT launcher is partly hidden by smoke, but the system is recognisable.
wp_ss_kilo	kilo	same_type	Photo shows a surfaced Kilo-class (Project 636) diesel submarine underway, with the hull and sail clearly visible. / Surfaced Russian Kilo-class diesel submarine underway (appears to be an Improved Kilo, Project 636), with the class hull and sail clearly shown.
wp_bpk_udaloy	udaloy	same_type	Broadside photo of Udaloy-class destroyer 548 Admiral Panteleyev off Honolulu. / Udaloy-class destroyer Admiral Panteleyev (548) in full broadside off Honolulu.
wp_vt_boris_chilikin	boris_chilikin	same_type	Aerial view of the Boris Chilikin-class replenishment oiler Dnestr, with the full hull and replenishment gantries visible. / Aerial view of the Soviet/Russian replenishment oiler Dnestr, a Boris Chilikin-class ship, with its gantry RAS rigs and aft superstructure clearly visible.
