# Player.log - last 2814 of 2814 line(s), captured 2026-09-27T14:40:39.
# Unity writes this fresh each launch; -prev is the session before.

Mono path[0] = 'C:/Program Files (x86)/Steam/steamapps/common/Sea Power/Sea Power_Data/Managed'
Mono config path = 'C:/Program Files (x86)/Steam/steamapps/common/Sea Power/MonoBleedingEdge/etc'
Input System module state changed to: Initialized.
[Physics::Module] Initialized fallback backend.
[Physics::Module] Id: 0xdecafbad
Initialize engine version: 6000.0.67f1 (78a1c2bbeb6a)
[Subsystems] Discovering subsystems at path C:/Program Files (x86)/Steam/steamapps/common/Sea Power/Sea Power_Data/UnitySubsystems
kGfxThreadingModeSplitJobs is not supported on Direct3D 11. Reverting to kGfxThreadingModeClientWorkerJobs instead.
GfxDevice: creating device client; kGfxThreadingModeClientWorkerJobs
Direct3D:
    Version:  Direct3D 11.0 [level 11.1]
    Renderer: NVIDIA GeForce RTX 2070 SUPER (ID=0x1e84)
    Vendor:   NVIDIA
    VRAM:     7989 MB
    Driver:   32.0.16.1074
Begin MonoManager ReloadAssembly
- Loaded All Assemblies, in  0.195 seconds
- Finished resetting the current domain, in  0.002 seconds
[Physics::Module] Selected backend.
[Physics::Module] Name: PhysX
[Physics::Module] Id: 0xf2b8ea05
[Physics::Module] SDK Version: 4.1.2
[Physics::Module] Integration Version: 1.0.0
[Physics::Module] Threading Mode: Multi-Threaded
FileManager.GetSearchDirectories() is skipping 3508978375 as itemState=k_EItemStateNone indicates the mod is not installed, or has a pending download.
FileManager.GetSearchDirectories() is skipping 3426791311 as itemState=k_EItemStateNone indicates the mod is not installed, or has a pending download.
FileManager.Directories contains Mods
FileManager.GetSearchDirectories() is skipping 3508978375 as itemState=k_EItemStateNone indicates the mod is not installed, or has a pending download.
FileManager.GetSearchDirectories() is skipping 3426791311 as itemState=k_EItemStateNone indicates the mod is not installed, or has a pending download.
FileManager.Directories contains Mods
[SonarAudioLoader] Harmony patches applied. Global sonar mappings: 108, torpedo mappings: 42, noisemaker/decoy mappings: 21, weapon-system mappings: 6.
[EnhancedDecoyMod] API selected: clock=time:Single; launch=Single; cooldown=Single; name=field; plot=Single
[EnhancedDecoyMod] Inventory selected: release preloaded clouds; validated patches=30
[EnhancedDecoyMod] Enabled v0.5.1. Release/global and beta ship-container AirDecoy activation selected by available INI capabilities. Decoy visuals deferred until script runtime is ready and a round is requested. Surface Chaff salvos use all ready launchers of the same ammunition type; ReactionRange selects the automatic band; manual ammo selection enabled. One live AirDecoy deployment per ship; optional timed swarm with one shared radar target. Native missile assets/effects and own-side map tracks. ARH AirDecoy prototype; active deployments are NOT restored by save/load.
[EnhancedUIMod] Loaded v0.1.1; waiting for the game's Noesis initialization.
[HighAltitudeSkyFix] Patched SeaPower.RenderPosition.updateCameraAndSkyPosition; _skyBox field type=UnityEngine.GameObject.
[HighAltitudeSkyFix] Patched SeaPower.CloudsManager.init for extended cloud coverage.
[HighAltitudeSkyFix] Diagnostic patch attached: SeaPower.DynamicSky.OnLateUpdate.
[HighAltitudeSkyFix] Diagnostic patch attached: SeaPower.DynamicSky.updateGraphics.
[HighAltitudeSkyFix] Diagnostic patch attached: SeaPower.DynamicSky.updateSkyParameters.
[HighAltitudeSkyFix] Diagnostic patch attached: SeaPower.DynamicSky.updateLightParameters.
[HighAltitudeSkyFix] DynamicSky.UpdateSky is absent in this game build; DynamicSky.OnLateUpdate/updateGraphics are the actual update path.
[HighAltitudeSkyFix] Independent diagnostic controller started.
[HighAltitudeSkyFix] Loaded. Above the game's atmosphere boundary, the finite Skybox mesh will follow the active camera at a geometry-derived safe vertical offset. Transition starts at 400.000 Unity units / 88189 ft; fallback offset=95000 ft; high-altitude far clip=10000 Unity units; cloud radius=8 chunks.
[MissileControlMod] MultiStageMissiles v1.7.1.0 adapter enabled
[MissileControlMod] Enabled v0.1.14; Lo-Lo profiles and range labels; validated release steering API; clock=time:Single; launch=Single; booster=Single
[MissileControlSurfaces] v1.1.1 loaded; automatic local fore/aft fin mixing and optional MultiStage support are ready.
[MultiStageMissiles] Independent INI effect spawning is ready (opt-in per ammunition).
[MultiStageMissiles] Native chaff and torpedo daughter release adapters are ready.
[MultiStageMissiles] INI effect audio enabled: [Audio] and [Audio1]..[Audio8].
[MultiStageMissiles] Harmony patches applied; generic visual staging is available for 1-16 stages. Time API: GameTime.time (Single), WeaponBase._launchTime (Single).; altitude route=release simulator
[OptimalTargetDist] Harmony patches applied.
[ProfileImage1024] Harmony patch applied. Profile and plan images now use a 1024 px width without variant suffixes.
[SATCOM] Harmony patches applied. MidCourseCorrection=4 is SATCOM.
[SubModelStabilization] Loaded; configured vessel SubModels will be stabilized in LateUpdate.
[WeaponLauncherEffects] Loaded; mapped launcher effects are active.
Harmony.Loadoutmanager active
[AutomaticSAR] Loaded. Time source: GameTime.CurrentMissionSessionTime (property).
[ACC CV16 Ski-Jump Fix] v1.7.0 mass-aware ski-jump pitch/contact patch applied; runway wait=True.
[ACC CV16 Ski-Jump Fix] Fixed-wing deflector binding patch applied.
[J36 Config] lights=True afterburner=True vectorFlight=True highSpeedDrag=True centralNozzle=True
[J36 Systems] initializing modular patches
[MV-22 Deck Operations] 1.1.30 loaded; carrier elevator engine-stop repair, Wasp recovery repair and deck diagnostics active.
<RI> Initializing input.

Using Windows.Gaming.Input
<RI> Input initialized.

[3D WebView] Using Vuplex 3D WebView for Windows v4.15.2 
UnloadTime: 1.952300 ms
FileManager.GetSearchDirectories() is skipping 3508978375 as itemState=k_EItemStateNone indicates the mod is not installed, or has a pending download.
FileManager.GetSearchDirectories() is skipping 3426791311 as itemState=k_EItemStateNone indicates the mod is not installed, or has a pending download.
FileManager.Directories contains Mods
[3D WebView] System info (used by Vuplex support):
Unity version: 6000.0.67f1
Development build: False
OS version: Windows 11  (10.0.26200)
Device model: MS-7D91 (Micro-Star International Co., Ltd.)
Graphics API: Direct3D11
Rendering threading mode: LegacyJobified
Render pipeline: default
SRP Batcher: False
[Singleton<SeaPower.FileManager>] There should never be more than one Singleton of type SeaPower.FileManager in the scene, but 2 were found. The first instance found will be used, and all others will be destroyed.
0.8.2-23444+s358 (C) Triassic Games 2024-2026
Global logging level set to: <b>Info</b>
Noesis logging level set to: <b>Trace</b>
launchangles installed
salute installed
deckstate installed
FileManager.OnStart(Game) Subscribed Items = [(3806466625, k_EItemStateSubscribed, k_EItemStateInstalled), (3789208859, k_EItemStateSubscribed, k_EItemStateInstalled), (3774105087, k_EItemStateSubscribed, k_EItemStateInstalled), (3440622312, k_EItemStateSubscribed, k_EItemStateInstalled), (3789793270, k_EItemStateSubscribed, k_EItemStateInstalled), (3796113927, k_EItemStateSubscribed, k_EItemStateInstalled), (3769142422, k_EItemStateSubscribed, k_EItemStateInstalled), (3755769170, k_EItemStateSubscribed, k_EItemStateInstalled), (3801363152, k_EItemStateSubscribed, k_EItemStateInstalled), (3799742828, k_EItemStateSubscribed, k_EItemStateInstalled), (3789188689, k_EItemStateSubscribed, k_EItemStateInstalled), (3801549552, k_EItemStateSubscribed, k_EItemStateInstalled), (3796349767, k_EItemStateSubscribed, k_EItemStateInstalled), (3637954857, k_EItemStateSubscribed, k_EItemStateInstalled), (3784474738, k_EItemStateSubscribed, k_EItemStateInstalled), (3553116604, k_EItemStateSubscribed, k_EItemStateInstalled), (3605013271, k_EItemStateSubscribed, k_EItemStateInstalled), (3413868677, k_EItemStateSubscribed, k_EItemStateInstalled), (3502273861, k_EItemStateSubscribed, k_EItemStateInstalled), (3558173926, k_EItemStateSubscribed, k_EItemStateInstalled), (3406985435, k_EItemStateSubscribed, k_EItemStateInstalled), (3600788156, k_EItemStateSubscribed, k_EItemStateInstalled), (3408662804, k_EItemStateSubscribed, k_EItemStateInstalled), (3456859157, k_EItemStateSubscribed, k_EItemStateInstalled), (3461519690, k_EItemStateSubscribed, k_EItemStateInstalled), (3384079999, k_EItemStateSubscribed, k_EItemStateInstalled), (3392434750, k_EItemStateSubscribed, k_EItemStateInstalled), (3681873198, k_EItemStateSubscribed, k_EItemStateInstalled), (3606134711, k_EItemStateSubscribed, k_EItemStateInstalled), (3551676319, k_EItemStateSubscribed, k_EItemStateInstalled), (3373356293, k_EItemStateSubscribed, k_EItemStateInstalled), (3378409795, k_EItemStateSubscribed, k_EItemStateInstalled), (3432668460, k_EItemStateSubscribed, k_EItemStateInstalled), (3411341227, k_EItemStateSubscribed, k_EItemStateInstalled), (3417446309, k_EItemStateSubscribed, k_EItemStateInstalled), (3403993583, k_EItemStateSubscribed, k_EItemStateInstalled), (3430106996, k_EItemStateSubscribed, k_EItemStateInstalled), (3768036424, k_EItemStateSubscribed, k_EItemStateInstalled), (3499239964, k_EItemStateSubscribed, k_EItemStateInstalled), (3514484654, k_EItemStateSubscribed, k_EItemStateInstalled), (3741944366, k_EItemStateSubscribed, k_EItemStateInstalled), (3497601759, k_EItemStateSubscribed, k_EItemStateInstalled), (3488139470, k_EItemStateSubscribed, k_EItemStateInstalled), (3781062859, k_EItemStateSubscribed, k_EItemStateInstalled), (3478767194, k_EItemStateSubscribed, k_EItemStateInstalled), (3448845252, k_EItemStateSubscribed, k_EItemStateInstalled), (3403661005, k_EItemStateSubscribed, k_EItemStateInstalled), (3394781441, k_EItemStateSubscribed, k_EItemStateInstalled), (3592460366, k_EItemStateSubscribed, k_EItemStateInstalled), (3414146266, k_EItemStateSubscribed, k_EItemStateInstalled), (3459682829, k_EItemStateSubscribed, k_EItemStateInstalled), (3470643173, k_EItemStateSubscribed, k_EItemStateInstalled), (3695809489, k_EItemStateSubscribed, k_EItemStateInstalled), (3505420313, k_EItemStateSubscribed, k_EItemStateInstalled), (3597650470, k_EItemStateSubscribed, k_EItemStateInstalled), (3780118683, k_EItemStateSubscribed, k_EItemStateInstalled), (3776340577, k_EItemStateSubscribed, k_EItemStateInstalled), (3716049886, k_EItemStateSubscribed, k_EItemStateInstalled), (3715323261, k_EItemStateSubscribed, k_EItemStateInstalled), (3673908868, k_EItemStateSubscribed, k_EItemStateInstalled), (3659742367, k_EItemStateSubscribed, k_EItemStateInstalled), (3587091564, k_EItemStateSubscribed, k_EItemStateInstalled), (3465256032, k_EItemStateSubscribed, k_EItemStateInstalled), (3458148344, k_EItemStateSubscribed, k_EItemStateInstalled), (3451166840, k_EItemStateSubscribed, k_EItemStateInstalled), (3416372890, k_EItemStateSubscribed, k_EItemStateInstalled), (3395022688, k_EItemStateSubscribed, k_EItemStateInstalled), (3629269283, k_EItemStateSubscribed, k_EItemStateInstalled), (3729579342, k_EItemStateSubscribed, k_EItemStateInstalled), (3486502935, k_EItemStateSubscribed, k_EItemStateInstalled), (3468959181, k_EItemStateSubscribed, k_EItemStateInstalled), (3526982088, k_EItemStateSubscribed, k_EItemStateInstalled), (3506979898, k_EItemStateSubscribed, k_EItemStateInstalled), (3481228992, k_EItemStateSubscribed, k_EItemStateInstalled), (3433577445, k_EItemStateSubscribed, k_EItemStateInstalled), (3417801942, k_EItemStateSubscribed, k_EItemStateInstalled), (3631042692, k_EItemStateSubscribed, k_EItemStateInstalled), (3587877691, k_EItemStateSubscribed, k_EItemStateInstalled), (3508275114, k_EItemStateSubscribed, k_EItemStateInstalled), (3642656500, k_EItemStateSubscribed, k_EItemStateInstalled), (3444379330, k_EItemStateSubscribed, k_EItemStateInstalled), (3455931957, k_EItemStateSubscribed, k_EItemStateInstalled), (3575847216, k_EItemStateSubscribed, k_EItemStateInstalled), (3736147136, k_EItemStateSubscribed, k_EItemStateInstalled), (3567228449, k_EItemStateSubscribed, k_EItemStateInstalled), (3504168760, k_EItemStateSubscribed, k_EItemStateInstalled), (3567256221, k_EItemStateSubscribed, k_EItemStateInstalled), (3717610332, k_EItemStateSubscribed, k_EItemStateInstalled), (3524112296, k_EItemStateSubscribed, k_EItemStateInstalled), (3762023575, k_EItemStateSubscribed, k_EItemStateInstalled), (3774859959, k_EItemStateSubscribed, k_EItemStateInstalled), (3630495619, k_EItemStateSubscribed, k_EItemStateInstalled), (3731208477, k_EItemStateSubscribed, k_EItemStateInstalled), (3607989779, k_EItemStateSubscribed, k_EItemStateInstalled), (3602046770, k_EItemStateSubscribed, k_EItemStateInstalled), (3508978375, k_EItemStateNone), (3590477166, k_EItemStateSubscribed, k_EItemStateInstalled), (3373960386, k_EItemStateSubscribed, k_EItemStateInstalled), (3461091581, k_EItemStateSubscribed, k_EItemStateInstalled), (3461044389, k_EItemStateSubscribed, k_EItemStateInstalled), (3432592449, k_EItemStateSubscribed, k_EItemStateInstalled), (3426791311, k_EItemStateNone), (3430135740, k_EItemStateSubscribed, k_EItemStateInstalled), (3606774881, k_EItemStateSubscribed, k_EItemStateInstalled), (3782020901, k_EItemStateSubscribed, k_EItemStateInstalled), (3438479626, k_EItemStateSubscribed, k_EItemStateInstalled), (3599752717, k_EItemStateSubscribed, k_EItemStateInstalled), (3513571010, k_EItemStateSubscribed, k_EItemStateInstalled), (3437105712, k_EItemStateSubscribed, k_EItemStateInstalled), (3636386513, k_EItemStateSubscribed, k_EItemStateInstalled), (3425450153, k_EItemStateSubscribed, k_EItemStateInstalled), (3559495372, k_EItemStateSubscribed, k_EItemStateInstalled), (3434072450, k_EItemStateSubscribed, k_EItemStateInstalled), (3601891050, k_EItemStateSubscribed, k_EItemStateInstalled), (3503670861, k_EItemStateSubscribed, k_EItemStateInstalled), (3737267013, k_EItemStateSubscribed, k_EItemStateInstalled), (3629144864, k_EItemStateSubscribed, k_EItemStateInstalled), (3390330875, k_EItemStateSubscribed, k_EItemStateInstalled), (3594891803, k_EItemStateSubscribed, k_EItemStateInstalled), (3468260539, k_EItemStateSubscribed, k_EItemStateInstalled), (3433957933, k_EItemStateSubscribed, k_EItemStateInstalled), (3480965706, k_EItemStateSubscribed, k_EItemStateInstalled), (3509329205, k_EItemStateSubscribed, k_EItemStateInstalled), (3760871384, k_EItemStateSubscribed, k_EItemStateInstalled), (3652097318, k_EItemStateSubscribed, k_EItemStateInstalled), (3503594612, k_EItemStateSubscribed, k_EItemStateInstalled), (3591563716, k_EItemStateSubscribed, k_EItemStateInstalled), (3673250557, k_EItemStateSubscribed, k_EItemStateInstalled), (3663564190, k_EItemStateSubscribed, k_EItemStateInstalled), (3670643788, k_EItemStateSubscribed, k_EItemStateInstalled), (3683253079, k_EItemStateSubscribed, k_EItemStateInstalled), (3746453639, k_EItemStateSubscribed, k_EItemStateInstalled), (3436170138, k_EItemStateSubscribed, k_EItemStateInstalled), (3729578404, k_EItemStateSubscribed, k_EItemStateInstalled), (3722749887, k_EItemStateSubscribed, k_EItemStateInstalled), (3744475027, k_EItemStateSubscribed, k_EItemStateInstalled), (3774572038, k_EItemStateSubscribed, k_EItemStateInstalled), (3380210757, k_EItemStateSubscribed, k_EItemStateInstalled), (3733719765, k_EItemStateSubscribed, k_EItemStateInstalled), (3774746803, k_EItemStateSubscribed, k_EItemStateInstalled), (3758320372, k_EItemStateSubscribed, k_EItemStateInstalled), (3775128499, k_EItemStateSubscribed, k_EItemStateInstalled), (3740293822, k_EItemStateSubscribed, k_EItemStateInstalled), (3418252667, k_EItemStateSubscribed, k_EItemStateInstalled)]
FileManager.GetSearchDirectories() is skipping 3508978375 as itemState=k_EItemStateNone indicates the mod is not installed, or has a pending download.
FileManager.GetSearchDirectories() is skipping 3426791311 as itemState=k_EItemStateNone indicates the mod is not installed, or has a pending download.
FileManager.Directories contains Mods
[EnhancedUIMod] Noesis is initialized; automatic weapon rows activated.
FileManager.CheckFileValidity(): Game passed file validity checks!
FileManager.CheckForUpdates(): Skipping mod 3508978375 - not accessible (result: k_EResultAccessDenied, banned: False, visibility: k_ERemoteStoragePublishedFileVisibilityPublic).
FileManager.CheckForUpdates(): Skipping mod 3426791311 - not accessible (result: k_EResultAccessDenied, banned: False, visibility: k_ERemoteStoragePublishedFileVisibilityPublic).
FileManager.CheckForUpdates(): The following files require update []
LoadMaterialFromFile(effects/weapons/materials/solidrocket_white.ini): SetColor(_TintColor, {*}FFDBD0FF)
LoadMaterialFromFile(effects/weapons/materials/solidrocket_white.ini): SetFloat(_InvFade, 1)
LoadMaterialFromFile(effects/weapons/materials/missile_smoke_lit.ini): SetFloat(_Threshold, 1)
LoadMaterialFromFile(effects/weapons/materials/missile_smoke_lit.ini): SetFloat(_Min, 1)
LoadMaterialFromFile(effects/weapons/materials/missile_smoke_lit.ini): SetFloat(_AdditivePass, 1)
LoadMaterialFromFile(effects/weapons/materials/missile_smoke_lit.ini): SetColor(_ColorLit, {*}BEBEBE80)
LoadMaterialFromFile(effects/weapons/materials/missile_smoke_lit.ini): SetColor(_ColorUnlit, {*}80808080)
LoadMaterialFromFile(effects/weapons/materials/missile_smoke_lit.ini): SetFloat(_minBright, 0.25)
LoadMaterialFromFile(effects/weapons/materials/missile_smoke_lit.ini): SetFloat(_Multiplier, 1)
LoadMaterialFromFile(effects/weapons/materials/missile_smoke_lit.ini): SetColor(_TintColor, {*}FFFFFF00)
LoadMaterialFromFile(effects/weapons/materials/missile_smoke_lit.ini): SetFloat(_IsUnderwater, 0)
LoadMaterialFromFile(effects/weapons/materials/missile_smoke_lit.ini): SetColor(_C1, {*}808080FF)
LoadMaterialFromFile(effects/weapons/materials/missile_smoke_lit.ini): SetColor(_C2, {*}808080FF)
LoadMaterialFromFile(effects/weapons/materials/missile_smoke_lit.ini): SetFloat(_FogFadeFactor, -0.5)
LoadMaterialFromFile(effects/weapons/materials/missile_smoke_lit.ini): SetFloat(_Cutoff, 0.5)
[EnhancedDecoyMod] Configuration accepted: usn_mk234_nulka_adap
LoadMaterialFromFile(effects/weapons/emitters/solidrocket_aam_small/exhaust_additive.ini): SetColor(_TintColor, {*}FFFFFFFF)
LoadMaterialFromFile(effects/weapons/emitters/solidrocket_aam_small/exhaust_additive.ini): SetFloat(_InvFade, 1)
LoadMaterialFromFile(effects/weapons/emitters/solidrocket_aam_small/exhaust_heat_material.ini): SetFloat(_BumpAmt, 120)
LoadMaterialFromFile(effects/weapons/emitters/solidrocket_aam_small/exhaust_heat_material.ini): SetFloat(_UseMainAlpha, 1)
LoadMaterialFromFile(effects/weapons/emitters/solidrocket_aam_small/exhaust_heat_material.ini): SetFloat(_UseSeparateCutOut, 0)
LoadMaterialFromFile(effects/weapons/emitters/solidrocket_aam_small/exhaust_heat_material.ini): SetFloat(_Cutoff, 0)
LoadMaterialFromFile(effects/weapons/emitters/solidrocket_aam_small/exhaust_heat_material.ini): SetFloat(_InvFade, 0)
[IniEffectAudio] Configured ..\..\..\..\workshop\content\1286220\3784474738\effects\explosions\emitters\nuclear_100kt_surface\nuclear_100kt_surface.ini: layers=1; first clip=audio/environment/NuclearExplosion_20s.wav; prefab=-4702
[MultiStageMissiles] usn_w76_mk4: independent spawning enabled for 6 direct INI effect prefab(s).
[IniEffectAudio] Configured ..\..\..\..\workshop\content\1286220\3784474738\effects\explosions\emitters\nuclear_500kt_surface\nuclear_500kt_surface.ini: layers=1; first clip=/audio/environment/NuclearExplosion_20s.wav; prefab=-4814
[MultiStageMissiles] usn_w88_mk5: independent spawning enabled for 6 direct INI effect prefab(s).
[IniEffectAudio] Configured ..\..\..\..\workshop\content\1286220\3784474738\effects\explosions\emitters\nuclear_350kt_surface\nuclear_350kt_surface.ini: layers=1; first clip=audio/environment/NuclearExplosion_20s.wav; prefab=-4896
[MultiStageMissiles] wp_ss-n-12_350kt: independent spawning enabled for 7 direct INI effect prefab(s).
[MultiStageMissiles] wp_ss-n-19_500kt: independent spawning enabled for 8 direct INI effect prefab(s).
LoadMaterialFromFile(effects/weapons/emitters/solidrocket_aam_medium/exhaust_additive.ini): SetColor(_TintColor, {*}FFFFFFFF)
LoadMaterialFromFile(effects/weapons/emitters/solidrocket_aam_medium/exhaust_additive.ini): SetFloat(_InvFade, 1)
LoadMaterialFromFile(effects/weapons/emitters/solidrocket_aam_medium/exhaust_heat_material.ini): SetFloat(_BumpAmt, 120)
LoadMaterialFromFile(effects/weapons/emitters/solidrocket_aam_medium/exhaust_heat_material.ini): SetFloat(_UseMainAlpha, 1)
LoadMaterialFromFile(effects/weapons/emitters/solidrocket_aam_medium/exhaust_heat_material.ini): SetFloat(_UseSeparateCutOut, 0)
LoadMaterialFromFile(effects/weapons/emitters/solidrocket_aam_medium/exhaust_heat_material.ini): SetFloat(_Cutoff, 0)
LoadMaterialFromFile(effects/weapons/emitters/solidrocket_aam_medium/exhaust_heat_material.ini): SetFloat(_InvFade, 0)
LoadMaterialFromFile(effects/weapons/emitters/solidrocket_large/large_hot_smoke_additive.ini): SetColor(_TintColor, {*}FFFFFFFF)
LoadMaterialFromFile(effects/weapons/emitters/solidrocket_large/large_hot_smoke_additive.ini): SetFloat(_InvFade, 1)
LoadMaterialFromFile(effects/weapons/emitters/solidrocket_large/large_smoke_lit.ini): SetFloat(_Threshold, 1)
LoadMaterialFromFile(effects/weapons/emitters/solidrocket_large/large_smoke_lit.ini): SetFloat(_Min, 1)
LoadMaterialFromFile(effects/weapons/emitters/solidrocket_large/large_smoke_lit.ini): SetFloat(_AdditivePass, 1)
LoadMaterialFromFile(effects/weapons/emitters/solidrocket_large/large_smoke_lit.ini): SetColor(_ColorLit, {*}B9B5AE80)
LoadMaterialFromFile(effects/weapons/emitters/solidrocket_large/large_smoke_lit.ini): SetColor(_ColorUnlit, {*}62615E80)
LoadMaterialFromFile(effects/weapons/emitters/solidrocket_large/large_smoke_lit.ini): SetFloat(_minBright, 0.13)
LoadMaterialFromFile(effects/weapons/emitters/solidrocket_large/large_smoke_lit.ini): SetFloat(_Multiplier, 1)
LoadMaterialFromFile(effects/weapons/emitters/solidrocket_large/large_smoke_lit.ini): SetColor(_TintColor, {*}FFFFFF00)
LoadMaterialFromFile(effects/weapons/emitters/solidrocket_large/large_smoke_lit.ini): SetFloat(_IsUnderwater, 0)
LoadMaterialFromFile(effects/weapons/emitters/solidrocket_large/large_smoke_lit.ini): SetColor(_C1, {*}808080FF)
LoadMaterialFromFile(effects/weapons/emitters/solidrocket_large/large_smoke_lit.ini): SetColor(_C2, {*}808080FF)
LoadMaterialFromFile(effects/weapons/emitters/solidrocket_large/large_smoke_lit.ini): SetFloat(_FogFadeFactor, -0.5)
LoadMaterialFromFile(effects/weapons/emitters/solidrocket_large/large_smoke_lit.ini): SetFloat(_Cutoff, 0.5)
LoadMaterialFromFile(effects/weapons/emitters/solidrocket_large/large_smoke_alpha.ini): SetColor(_TintColor, {*}FFFFFF80)
LoadMaterialFromFile(effects/weapons/emitters/solidrocket_large/large_smoke_alpha.ini): SetFloat(_InvFade, 1)
LoadMaterialFromFile(effects/weapons/materials/control_thruster_large_smoke.ini): SetColor(_TintColor, {*}FFFFFF80)
LoadMaterialFromFile(effects/weapons/materials/control_thruster_large_smoke.ini): SetFloat(_InvFade, 1)
LoadMaterialFromFile(effects/weapons/emitters/ramjet_large/ramjet_flame_material.ini): SetColor(_TintColor, {*}FFFFFFFF)
LoadMaterialFromFile(effects/weapons/emitters/ramjet_large/ramjet_flame_material.ini): SetFloat(_InvFade, 1)
LoadMaterialFromFile(effects/weapons/emitters/ramjet_large/ramjet_heat_material.ini): SetFloat(_BumpAmt, 18)
LoadMaterialFromFile(effects/weapons/emitters/ramjet_large/ramjet_heat_material.ini): SetFloat(_UseMainAlpha, 1)
LoadMaterialFromFile(effects/weapons/emitters/ramjet_large/ramjet_heat_material.ini): SetFloat(_UseSeparateCutOut, 0)
LoadMaterialFromFile(effects/weapons/emitters/ramjet_large/ramjet_heat_material.ini): SetFloat(_Cutoff, 0)
LoadMaterialFromFile(effects/weapons/emitters/ramjet_large/ramjet_heat_material.ini): SetFloat(_InvFade, 0)
LoadMaterialFromFile(effects/weapons/emitters/ramjet_large/ramjet_haze_material.ini): SetColor(_TintColor, {*}80808080)
LoadMaterialFromFile(effects/weapons/emitters/ramjet_large/ramjet_haze_material.ini): SetFloat(_InvFade, 1)
LoadMaterialFromFile(effects/weapons/emitters/ramjet_large/ramjet_trail_material.ini): SetFloat(_Threshold, 1)
LoadMaterialFromFile(effects/weapons/emitters/ramjet_large/ramjet_trail_material.ini): SetFloat(_Min, 1)
LoadMaterialFromFile(effects/weapons/emitters/ramjet_large/ramjet_trail_material.ini): SetFloat(_AdditivePass, 1)
LoadMaterialFromFile(effects/weapons/emitters/ramjet_large/ramjet_trail_material.ini): SetColor(_ColorLit, {*}BEBEBE80)
LoadMaterialFromFile(effects/weapons/emitters/ramjet_large/ramjet_trail_material.ini): SetColor(_ColorUnlit, {*}80808080)
LoadMaterialFromFile(effects/weapons/emitters/ramjet_large/ramjet_trail_material.ini): SetFloat(_minBright, 0.25)
LoadMaterialFromFile(effects/weapons/emitters/ramjet_large/ramjet_trail_material.ini): SetFloat(_Multiplier, 1)
LoadMaterialFromFile(effects/weapons/emitters/ramjet_large/ramjet_trail_material.ini): SetColor(_TintColor, {*}FFFFFF00)
LoadMaterialFromFile(effects/weapons/emitters/ramjet_large/ramjet_trail_material.ini): SetFloat(_IsUnderwater, 0)
LoadMaterialFromFile(effects/weapons/emitters/ramjet_large/ramjet_trail_material.ini): SetColor(_C1, {*}808080FF)
LoadMaterialFromFile(effects/weapons/emitters/ramjet_large/ramjet_trail_material.ini): SetColor(_C2, {*}808080FF)
LoadMaterialFromFile(effects/weapons/emitters/ramjet_large/ramjet_trail_material.ini): SetFloat(_FogFadeFactor, -0.5)
LoadMaterialFromFile(effects/weapons/emitters/ramjet_large/ramjet_trail_material.ini): SetFloat(_Cutoff, 0.5)
LoadMaterialFromFile(effects/weapons/emitters/solidrocket_verylarge/large_smoke_lit.ini): SetFloat(_Threshold, 1)
LoadMaterialFromFile(effects/weapons/emitters/solidrocket_verylarge/large_smoke_lit.ini): SetFloat(_Min, 1)
LoadMaterialFromFile(effects/weapons/emitters/solidrocket_verylarge/large_smoke_lit.ini): SetFloat(_AdditivePass, 1)
LoadMaterialFromFile(effects/weapons/emitters/solidrocket_verylarge/large_smoke_lit.ini): SetColor(_ColorLit, {*}BEBEBE80)
LoadMaterialFromFile(effects/weapons/emitters/solidrocket_verylarge/large_smoke_lit.ini): SetColor(_ColorUnlit, {*}64646480)
LoadMaterialFromFile(effects/weapons/emitters/solidrocket_verylarge/large_smoke_lit.ini): SetFloat(_minBright, 0.12)
LoadMaterialFromFile(effects/weapons/emitters/solidrocket_verylarge/large_smoke_lit.ini): SetFloat(_Multiplier, 1)
LoadMaterialFromFile(effects/weapons/emitters/solidrocket_verylarge/large_smoke_lit.ini): SetColor(_TintColor, {*}FFFFFF00)
LoadMaterialFromFile(effects/weapons/emitters/solidrocket_verylarge/large_smoke_lit.ini): SetFloat(_IsUnderwater, 0)
LoadMaterialFromFile(effects/weapons/emitters/solidrocket_verylarge/large_smoke_lit.ini): SetColor(_C1, {*}808080FF)
LoadMaterialFromFile(effects/weapons/emitters/solidrocket_verylarge/large_smoke_lit.ini): SetColor(_C2, {*}808080FF)
LoadMaterialFromFile(effects/weapons/emitters/solidrocket_verylarge/large_smoke_lit.ini): SetFloat(_FogFadeFactor, -0.5)
LoadMaterialFromFile(effects/weapons/emitters/solidrocket_verylarge/large_smoke_lit.ini): SetFloat(_Cutoff, 0.5)
LoadMaterialFromFile(effects/weapons/emitters/solidrocket_verylarge/launch_cloud_material.ini): SetFloat(_Threshold, 1)
LoadMaterialFromFile(effects/weapons/emitters/solidrocket_verylarge/launch_cloud_material.ini): SetFloat(_Min, 1)
LoadMaterialFromFile(effects/weapons/emitters/solidrocket_verylarge/launch_cloud_material.ini): SetFloat(_AdditivePass, 0)
LoadMaterialFromFile(effects/weapons/emitters/solidrocket_verylarge/launch_cloud_material.ini): SetColor(_ColorLit, {*}BEBEBE80)
LoadMaterialFromFile(effects/weapons/emitters/solidrocket_verylarge/launch_cloud_material.ini): SetColor(_ColorUnlit, {*}585A5C80)
LoadMaterialFromFile(effects/weapons/emitters/solidrocket_verylarge/launch_cloud_material.ini): SetFloat(_minBright, 0.10)
LoadMaterialFromFile(effects/weapons/emitters/solidrocket_verylarge/launch_cloud_material.ini): SetFloat(_Multiplier, 1)
LoadMaterialFromFile(effects/weapons/emitters/solidrocket_verylarge/launch_cloud_material.ini): SetColor(_TintColor, {*}FFFFFF00)
LoadMaterialFromFile(effects/weapons/emitters/solidrocket_verylarge/launch_cloud_material.ini): SetFloat(_IsUnderwater, 0)
LoadMaterialFromFile(effects/weapons/emitters/solidrocket_verylarge/launch_cloud_material.ini): SetColor(_C1, {*}808080FF)
LoadMaterialFromFile(effects/weapons/emitters/solidrocket_verylarge/launch_cloud_material.ini): SetColor(_C2, {*}808080FF)
LoadMaterialFromFile(effects/weapons/emitters/solidrocket_verylarge/launch_cloud_material.ini): SetFloat(_FogFadeFactor, -0.5)
LoadMaterialFromFile(effects/weapons/emitters/solidrocket_verylarge/launch_cloud_material.ini): SetFloat(_Cutoff, 0.5)
LoadMaterialFromFile(effects/weapons/emitters/solidrocket_upperstage/plume_additive.ini): SetColor(_TintColor, {*}FFFFFFFF)
LoadMaterialFromFile(effects/weapons/emitters/solidrocket_upperstage/plume_additive.ini): SetFloat(_InvFade, 1)
LoadMaterialFromFile(effects/weapons/emitters/solidrocket_upperstage/residual_alpha.ini): SetColor(_TintColor, {*}FFFFFF80)
LoadMaterialFromFile(effects/weapons/emitters/solidrocket_upperstage/residual_alpha.ini): SetFloat(_InvFade, 1)
[MultiStageMissiles] KH-55: independent spawning enabled for 8 direct INI effect prefab(s).
[MultiStageMissiles] KH-55SM: independent spawning enabled for 7 direct INI effect prefab(s).
Unexpected timestamp values detected. This can occur in H.264 videos not encoded with the baseline profile. Timestamps will be skewed to correct the playback for C:\Program Files (x86)\Steam\steamapps\common\Sea Power\Sea Power_Data\sharedassets1.resource
[2101 - HTTPRequestCompleted] - 16 -- 1 -- True -- k_EHTTPStatusCode200OK -- 3807
FileManager.GetSearchDirectories() is skipping 3508978375 as itemState=k_EItemStateNone indicates the mod is not installed, or has a pending download.
FileManager.GetSearchDirectories() is skipping 3426791311 as itemState=k_EItemStateNone indicates the mod is not installed, or has a pending download.
FileManager.Directories contains Mods
FileManager.GetSearchDirectories() is skipping 3508978375 as itemState=k_EItemStateNone indicates the mod is not installed, or has a pending download.
FileManager.GetSearchDirectories() is skipping 3426791311 as itemState=k_EItemStateNone indicates the mod is not installed, or has a pending download.
FileManager.Directories contains Mods
FileManager.GetSearchDirectories() is skipping 3508978375 as itemState=k_EItemStateNone indicates the mod is not installed, or has a pending download.
FileManager.GetSearchDirectories() is skipping 3426791311 as itemState=k_EItemStateNone indicates the mod is not installed, or has a pending download.
FileManager.Directories contains Mods
FileManager.GetSearchDirectories() is skipping 3508978375 as itemState=k_EItemStateNone indicates the mod is not installed, or has a pending download.
FileManager.GetSearchDirectories() is skipping 3426791311 as itemState=k_EItemStateNone indicates the mod is not installed, or has a pending download.
FileManager.Directories contains Mods
FileManager.GetSearchDirectories() is skipping 3508978375 as itemState=k_EItemStateNone indicates the mod is not installed, or has a pending download.
FileManager.GetSearchDirectories() is skipping 3426791311 as itemState=k_EItemStateNone indicates the mod is not installed, or has a pending download.
FileManager.Directories contains Mods
FileManager.GetSearchDirectories() is skipping 3508978375 as itemState=k_EItemStateNone indicates the mod is not installed, or has a pending download.
FileManager.GetSearchDirectories() is skipping 3426791311 as itemState=k_EItemStateNone indicates the mod is not installed, or has a pending download.
FileManager.Directories contains Mods
FileManager.GetSearchDirectories() is skipping 3508978375 as itemState=k_EItemStateNone indicates the mod is not installed, or has a pending download.
FileManager.GetSearchDirectories() is skipping 3426791311 as itemState=k_EItemStateNone indicates the mod is not installed, or has a pending download.
FileManager.Directories contains Mods
FileManager.GetSearchDirectories() is skipping 3508978375 as itemState=k_EItemStateNone indicates the mod is not installed, or has a pending download.
FileManager.GetSearchDirectories() is skipping 3426791311 as itemState=k_EItemStateNone indicates the mod is not installed, or has a pending download.
FileManager.Directories contains Mods
FileManager.GetSearchDirectories() is skipping 3508978375 as itemState=k_EItemStateNone indicates the mod is not installed, or has a pending download.
FileManager.GetSearchDirectories() is skipping 3426791311 as itemState=k_EItemStateNone indicates the mod is not installed, or has a pending download.
FileManager.Directories contains Mods
FileManager.GetSearchDirectories() is skipping 3508978375 as itemState=k_EItemStateNone indicates the mod is not installed, or has a pending download.
FileManager.GetSearchDirectories() is skipping 3426791311 as itemState=k_EItemStateNone indicates the mod is not installed, or has a pending download.
FileManager.Directories contains Mods
FileManager.GetSearchDirectories() is skipping 3508978375 as itemState=k_EItemStateNone indicates the mod is not installed, or has a pending download.
FileManager.GetSearchDirectories() is skipping 3426791311 as itemState=k_EItemStateNone indicates the mod is not installed, or has a pending download.
FileManager.Directories contains Mods
FileManager.GetSearchDirectories() is skipping 3508978375 as itemState=k_EItemStateNone indicates the mod is not installed, or has a pending download.
FileManager.GetSearchDirectories() is skipping 3426791311 as itemState=k_EItemStateNone indicates the mod is not installed, or has a pending download.
FileManager.Directories contains Mods
FileManager.GetSearchDirectories() is skipping 3508978375 as itemState=k_EItemStateNone indicates the mod is not installed, or has a pending download.
FileManager.GetSearchDirectories() is skipping 3426791311 as itemState=k_EItemStateNone indicates the mod is not installed, or has a pending download.
FileManager.Directories contains Mods
FileManager.GetSearchDirectories() is skipping 3508978375 as itemState=k_EItemStateNone indicates the mod is not installed, or has a pending download.
FileManager.GetSearchDirectories() is skipping 3426791311 as itemState=k_EItemStateNone indicates the mod is not installed, or has a pending download.
FileManager.Directories contains Mods
FileManager.GetSearchDirectories() is skipping 3508978375 as itemState=k_EItemStateNone indicates the mod is not installed, or has a pending download.
FileManager.GetSearchDirectories() is skipping 3426791311 as itemState=k_EItemStateNone indicates the mod is not installed, or has a pending download.
FileManager.Directories contains Mods
FileManager.GetSearchDirectories() is skipping 3508978375 as itemState=k_EItemStateNone indicates the mod is not installed, or has a pending download.
FileManager.GetSearchDirectories() is skipping 3426791311 as itemState=k_EItemStateNone indicates the mod is not installed, or has a pending download.
FileManager.Directories contains Mods
FileManager.GetSearchDirectories() is skipping 3508978375 as itemState=k_EItemStateNone indicates the mod is not installed, or has a pending download.
FileManager.GetSearchDirectories() is skipping 3426791311 as itemState=k_EItemStateNone indicates the mod is not installed, or has a pending download.
FileManager.Directories contains Mods
FileManager.GetSearchDirectories() is skipping 3508978375 as itemState=k_EItemStateNone indicates the mod is not installed, or has a pending download.
FileManager.GetSearchDirectories() is skipping 3426791311 as itemState=k_EItemStateNone indicates the mod is not installed, or has a pending download.
FileManager.Directories contains Mods
FileManager.GetSearchDirectories() is skipping 3508978375 as itemState=k_EItemStateNone indicates the mod is not installed, or has a pending download.
FileManager.GetSearchDirectories() is skipping 3426791311 as itemState=k_EItemStateNone indicates the mod is not installed, or has a pending download.
FileManager.Directories contains Mods
FileManager.GetSearchDirectories() is skipping 3508978375 as itemState=k_EItemStateNone indicates the mod is not installed, or has a pending download.
FileManager.GetSearchDirectories() is skipping 3426791311 as itemState=k_EItemStateNone indicates the mod is not installed, or has a pending download.
FileManager.Directories contains Mods
FileManager.GetSearchDirectories() is skipping 3508978375 as itemState=k_EItemStateNone indicates the mod is not installed, or has a pending download.
FileManager.GetSearchDirectories() is skipping 3426791311 as itemState=k_EItemStateNone indicates the mod is not installed, or has a pending download.
FileManager.Directories contains Mods
FileManager.GetSearchDirectories() is skipping 3508978375 as itemState=k_EItemStateNone indicates the mod is not installed, or has a pending download.
FileManager.GetSearchDirectories() is skipping 3426791311 as itemState=k_EItemStateNone indicates the mod is not installed, or has a pending download.
FileManager.Directories contains Mods
FileManager.GetSearchDirectories() is skipping 3508978375 as itemState=k_EItemStateNone indicates the mod is not installed, or has a pending download.
FileManager.GetSearchDirectories() is skipping 3426791311 as itemState=k_EItemStateNone indicates the mod is not installed, or has a pending download.
FileManager.Directories contains Mods
The referenced script on this Behaviour (Game Object 'InputManager') is missing!
Global logging level set to: <b>Info</b>
Noesis logging level set to: <b>Trace</b>
DontDestroyOnLoad only works for root GameObjects or components on root GameObjects.
[Singleton<SeaPower.TerrainManager>] There should never be more than one Singleton of type SeaPower.TerrainManager in the scene, but 2 were found. The first instance found will be used, and all others will be destroyed.
[Singleton<SeaPower.FileManager>] There should never be more than one Singleton of type SeaPower.FileManager in the scene, but 2 were found. The first instance found will be used, and all others will be destroyed.
[Singleton<SeaPower.UnityLog>] There should never be more than one Singleton of type SeaPower.UnityLog in the scene, but 2 were found. The first instance found will be used, and all others will be destroyed.
Initialization Warning: Pool 'Effects' contains a PrefabPool with no prefab reference. Skipping.
Initialization Warning: Pool 'Effects' contains a PrefabPool with no prefab reference. Skipping.
Added pool 'Effects'
DontDestroyOnLoad only works for root GameObjects or components on root GameObjects.
Clearing persistant loadout data, 0 elements removed, 0 of which are unlaunched loadouts
[SkyDebug] RenderPosition.updateCameraAndSkyPosition hit.
[HighAltitudeSkyFix] Cloud culling radius extended from 4 to 8 chunks (maximum pool 289 chunks). Mission cloud type and density are unchanged.
FileManager.GetSearchDirectories() is skipping 3508978375 as itemState=k_EItemStateNone indicates the mod is not installed, or has a pending download.
FileManager.GetSearchDirectories() is skipping 3426791311 as itemState=k_EItemStateNone indicates the mod is not installed, or has a pending download.
FileManager.Directories contains Mods
[SkyDebug] Active DynamicSky found independently; runtime type=SeaPower.DynamicSky, name=Environment.
[SkyDebug] Skybox found independently: runtime type=UnityEngine.GameObject, name=Skybox, activeSelf=True, position=(0.00, 0.00, 0.00), localPosition=(0.00, 0.00, 0.00), localScale=(2.00, 2.00, 2.00), rendererType=UnityEngine.MeshRenderer, rendererEnabled=True, rendererBounds=Center: (0.00, 239.73, 0.00), Extents: (1085.17, 239.73, 1085.17), material=skysphere_mat (Instance), shader=Nils/Environment/Sky_Animated, mesh=SkySpereGeo, meshBounds=Center: (0.00, 119.86, 0.00), Extents: (542.58, 119.86, 542.58), vertices=1427, star/celestial children=<none>.
[SkyDebug] Altitude snapshot (sea/normal altitude): camera=Main Camera, cameraPosition=(151.57, 1.36, -154.88), altitude=300 ft, cameraClearFlags=SolidColor, skyboxPosition=(0.00, 0.00, 0.00), cameraToSkyboxTransform=216.714, cameraAboveSkybox=300 ft, rendererBounds=Center: (0.00, 239.73, 0.00), Extents: (1085.17, 239.73, 1085.17), cameraInsideAabb=True, cameraToBoundsCenter=322.152, RenderSettings.skybox=<null>.
Compressed GraphicsFormat RGBA Compressed DXT5|BC3 UNorm requires a texture size that is a multiple of 4
Compressed GraphicsFormat RGBA Compressed DXT5|BC3 UNorm requires a texture size that is a multiple of 4
LoadMaterialFromFile(weapons/usn_agm-84/plan_yj83_mat.ini): SetColor(_Color, {*}808080ff)
LoadMaterialFromFile(weapons/usn_agm-84/plan_yj83_mat.ini): SetColor(_SpecColor, {*}ffffffff)
LoadMaterialFromFile(weapons/usn_agm-84/plan_yj83_mat.ini): SetFloat(_SpecInt, 1.0)
LoadMaterialFromFile(weapons/usn_agm-84/plan_yj83_mat.ini): SetFloat(_Shininess, 6.5)
LoadMaterialFromFile(weapons/usn_agm-84/plan_yj83_mat.ini): SetFloat(_Fresnel, 0.75)
LoadMaterialFromFile(assets/europack/materials/usn_mk46/usn_mk54_mat.ini): SetColor(_Color, {*}808080ff)
LoadMaterialFromFile(assets/europack/materials/usn_mk46/usn_mk54_mat.ini): SetColor(_SpecColor, {*}ffffffff)
LoadMaterialFromFile(assets/europack/materials/usn_mk46/usn_mk54_mat.ini): SetFloat(_SpecInt, 1.0)
LoadMaterialFromFile(assets/europack/materials/usn_mk46/usn_mk54_mat.ini): SetFloat(_Shininess, 8.5)
LoadMaterialFromFile(assets/europack/materials/usn_mk46/usn_mk54_mat.ini): SetFloat(_Fresnel, 0.75)
[HighAltitudeSkyFix] Skybox vertical geometry measured: top=105707 ft, atmosphere boundary=88189 ft, retained camera-above-skybox offset=96948 ft.
[SkyDebug] DynamicSky.updateSkyParameters hit; runtime type=SeaPower.DynamicSky.
[SkyDebug] DynamicSky.updateLightParameters hit; runtime type=SeaPower.DynamicSky.
[SkyDebug] DynamicSky.updateGraphics hit; runtime type=SeaPower.DynamicSky.
[SkyDebug] DynamicSky.OnLateUpdate hit; runtime type=SeaPower.DynamicSky.
[EnhancedUIMod] Attached to main HUD weapon list.
Unloading 8 Unused Serialized files (Serialized files now loaded: 7)
Unloading 207 unused Assets to reduce memory usage. Loaded Objects now: 67346.
Total: 187.523500 ms (FindLiveObjects: 4.752000 ms CreateObjectMapping: 1.944600 ms MarkObjects: 180.275000 ms  DeleteObjects: 0.551600 ms)

Unloading 1 Unused Serialized files (Serialized files now loaded: 7)
Unloading 3 unused Assets to reduce memory usage. Loaded Objects now: 67399.
Total: 140.055900 ms (FindLiveObjects: 2.917200 ms CreateObjectMapping: 1.066700 ms MarkObjects: 135.984800 ms  DeleteObjects: 0.087000 ms)

Unloading 0 Unused Serialized files (Serialized files now loaded: 7)
Unloading 0 unused Assets to reduce memory usage. Loaded Objects now: 67415.
Total: 144.276300 ms (FindLiveObjects: 2.984600 ms CreateObjectMapping: 1.135700 ms MarkObjects: 140.087800 ms  DeleteObjects: 0.067700 ms)

Unloading 0 Unused Serialized files (Serialized files now loaded: 7)
Unloading 0 unused Assets to reduce memory usage. Loaded Objects now: 67422.
Total: 148.175500 ms (FindLiveObjects: 2.717900 ms CreateObjectMapping: 1.072300 ms MarkObjects: 144.318400 ms  DeleteObjects: 0.066500 ms)

[EnhancedUIMod] Attached to main HUD weapon list.
[MissileControlMod] Configuration: usn_rim-162h; launch=True; TVC=False; effect definitions=1
[EnhancedUIMod] Attached to main HUD weapon list.
[EnhancedUIMod] Attached to main HUD weapon list.
[EnhancedUIMod] Attached to main HUD weapon list.
[EnhancedUIMod] Attached to main HUD weapon list.
[EnhancedUIMod] Attached to main HUD weapon list.
[EnhancedUIMod] Attached to main HUD weapon list.
[EnhancedUIMod] Attached to main HUD weapon list.
[EnhancedUIMod] Attached to main HUD weapon list.
SpawnPool Effects: aswtorpedo_cavitation_particle(Clone) not found in SpawnPool
[EnhancedUIMod] Attached to main HUD weapon list.
[EnhancedUIMod] Attached to main HUD weapon list.
[EnhancedUIMod] Attached to main HUD weapon list.
FileManager.GetSearchDirectories() is skipping 3508978375 as itemState=k_EItemStateNone indicates the mod is not installed, or has a pending download.
FileManager.GetSearchDirectories() is skipping 3426791311 as itemState=k_EItemStateNone indicates the mod is not installed, or has a pending download.
FileManager.Directories contains Mods
FileManager.GetSearchDirectories() is skipping 3508978375 as itemState=k_EItemStateNone indicates the mod is not installed, or has a pending download.
FileManager.GetSearchDirectories() is skipping 3426791311 as itemState=k_EItemStateNone indicates the mod is not installed, or has a pending download.
FileManager.Directories contains Mods
[EnhancedUIMod] Attached to main HUD weapon list.
[EnhancedUIMod] Attached to main HUD weapon list.
[EnhancedUIMod] Attached to main HUD weapon list.
AllowLaunchFunc!
AllowLaunchFunc!
[EnhancedUIMod] Attached to main HUD weapon list.
Can not play a disabled audio source
[EnhancedUIMod] Attached to main HUD weapon list.
[EnhancedUIMod] Attached to main HUD weapon list.
SpawnPool Effects: aswtorpedo_cavitation_particle(Clone) not found in SpawnPool
[EnhancedUIMod] Attached to main HUD weapon list.
[EnhancedUIMod] Attached to main HUD weapon list.
[EnhancedUIMod] Attached to main HUD weapon list.
[EnhancedUIMod] Attached to main HUD weapon list.
1-usn_mh-60r recieving 1 waypoints from RecoveryPoint1
[EnhancedUIMod] Attached to main HUD weapon list.
[EnhancedUIMod] Attached to main HUD weapon list.
Can not play a disabled audio source
Can not play a disabled audio source
Can not play a disabled audio source
Can not play a disabled audio source
Can not play a disabled audio source
Can not play a disabled audio source
Can not play a disabled audio source
Can not play a disabled audio source
Can not play a disabled audio source
Can not play a disabled audio source
Can not play a disabled audio source
Can not play a disabled audio source
Can not play a disabled audio source
[EnhancedUIMod] Attached to main HUD weapon list.
[EnhancedUIMod] Attached to main HUD weapon list.
[EnhancedUIMod] Attached to main HUD weapon list.
1-usn_mh-60r recieving 1 waypoints from RecoveryPoint1
[EnhancedUIMod] Attached to main HUD weapon list.
SeaPower.LinearCampaign.InstanceExists() = True
[3D WebView] [StandaloneWebView.TerminateBrowserProcess] Terminating the browser process.
Unloading 1 Unused Serialized files (Serialized files now loaded: 7)
Unloading 9735 unused Assets to reduce memory usage. Loaded Objects now: 15275.
Total: 271.627700 ms (FindLiveObjects: 2.206200 ms CreateObjectMapping: 1.670700 ms MarkObjects: 209.531800 ms  DeleteObjects: 58.218600 ms)

FileManager.GetSearchDirectories() is skipping 3508978375 as itemState=k_EItemStateNone indicates the mod is not installed, or has a pending download.
FileManager.GetSearchDirectories() is skipping 3426791311 as itemState=k_EItemStateNone indicates the mod is not installed, or has a pending download.
FileManager.Directories contains Mods
FileManager.GetSearchDirectories() is skipping 3508978375 as itemState=k_EItemStateNone indicates the mod is not installed, or has a pending download.
FileManager.GetSearchDirectories() is skipping 3426791311 as itemState=k_EItemStateNone indicates the mod is not installed, or has a pending download.
FileManager.Directories contains Mods
FileManager.GetSearchDirectories() is skipping 3508978375 as itemState=k_EItemStateNone indicates the mod is not installed, or has a pending download.
FileManager.GetSearchDirectories() is skipping 3426791311 as itemState=k_EItemStateNone indicates the mod is not installed, or has a pending download.
FileManager.Directories contains Mods
FileManager.GetSearchDirectories() is skipping 3508978375 as itemState=k_EItemStateNone indicates the mod is not installed, or has a pending download.
FileManager.GetSearchDirectories() is skipping 3426791311 as itemState=k_EItemStateNone indicates the mod is not installed, or has a pending download.
FileManager.Directories contains Mods
The referenced script on this Behaviour (Game Object 'InputManager') is missing!
Global logging level set to: <b>Info</b>
Noesis logging level set to: <b>Trace</b>
DontDestroyOnLoad only works for root GameObjects or components on root GameObjects.
[Singleton<SeaPower.TerrainManager>] There should never be more than one Singleton of type SeaPower.TerrainManager in the scene, but 2 were found. The first instance found will be used, and all others will be destroyed.
[Singleton<SeaPower.Environment>] There should never be more than one Singleton of type SeaPower.Environment in the scene, but 2 were found. The first instance found will be used, and all others will be destroyed.
[Singleton<SeaPower.FileManager>] There should never be more than one Singleton of type SeaPower.FileManager in the scene, but 2 were found. The first instance found will be used, and all others will be destroyed.
[Singleton<SeaPower.UnityLog>] There should never be more than one Singleton of type SeaPower.UnityLog in the scene, but 2 were found. The first instance found will be used, and all others will be destroyed.
Initialization Warning: Pool 'Effects' contains a PrefabPool with no prefab reference. Skipping.
Initialization Warning: Pool 'Effects' contains a PrefabPool with no prefab reference. Skipping.
Added pool 'Effects'
DontDestroyOnLoad only works for root GameObjects or components on root GameObjects.
Clearing persistant loadout data, 0 elements removed, 0 of which are unlaunched loadouts
FileManager.GetSearchDirectories() is skipping 3508978375 as itemState=k_EItemStateNone indicates the mod is not installed, or has a pending download.
FileManager.GetSearchDirectories() is skipping 3426791311 as itemState=k_EItemStateNone indicates the mod is not installed, or has a pending download.
FileManager.Directories contains Mods
Unloading 6 Unused Serialized files (Serialized files now loaded: 7)
Unloading 60 unused Assets to reduce memory usage. Loaded Objects now: 17234.
Total: 184.141400 ms (FindLiveObjects: 1.597100 ms CreateObjectMapping: 0.502900 ms MarkObjects: 181.613200 ms  DeleteObjects: 0.427800 ms)

Unloading 0 Unused Serialized files (Serialized files now loaded: 7)
Unloading 3 unused Assets to reduce memory usage. Loaded Objects now: 22569.
Total: 174.779500 ms (FindLiveObjects: 1.138100 ms CreateObjectMapping: 0.568800 ms MarkObjects: 173.001400 ms  DeleteObjects: 0.070800 ms)

Unloading 1 Unused Serialized files (Serialized files now loaded: 7)
Compressed GraphicsFormat RGBA Compressed DXT5|BC3 UNorm requires a texture size that is a multiple of 4
Compressed GraphicsFormat RGBA Compressed DXT5|BC3 UNorm requires a texture size that is a multiple of 4
LoadMaterialFromFile(effects/weapons/materials/solidrocket_white.ini): SetColor(_TintColor, {*}FFDBD0FF)
LoadMaterialFromFile(effects/weapons/materials/solidrocket_white.ini): SetFloat(_InvFade, 1)
LoadMaterialFromFile(effects/weapons/materials/missile_smoke_lit.ini): SetFloat(_Threshold, 1)
LoadMaterialFromFile(effects/weapons/materials/missile_smoke_lit.ini): SetFloat(_Min, 1)
LoadMaterialFromFile(effects/weapons/materials/missile_smoke_lit.ini): SetFloat(_AdditivePass, 1)
LoadMaterialFromFile(effects/weapons/materials/missile_smoke_lit.ini): SetColor(_ColorLit, {*}BEBEBE80)
LoadMaterialFromFile(effects/weapons/materials/missile_smoke_lit.ini): SetColor(_ColorUnlit, {*}80808080)
LoadMaterialFromFile(effects/weapons/materials/missile_smoke_lit.ini): SetFloat(_minBright, 0.25)
LoadMaterialFromFile(effects/weapons/materials/missile_smoke_lit.ini): SetFloat(_Multiplier, 1)
LoadMaterialFromFile(effects/weapons/materials/missile_smoke_lit.ini): SetColor(_TintColor, {*}FFFFFF00)
LoadMaterialFromFile(effects/weapons/materials/missile_smoke_lit.ini): SetFloat(_IsUnderwater, 0)
LoadMaterialFromFile(effects/weapons/materials/missile_smoke_lit.ini): SetColor(_C1, {*}808080FF)
LoadMaterialFromFile(effects/weapons/materials/missile_smoke_lit.ini): SetColor(_C2, {*}808080FF)
LoadMaterialFromFile(effects/weapons/materials/missile_smoke_lit.ini): SetFloat(_FogFadeFactor, -0.5)
LoadMaterialFromFile(effects/weapons/materials/missile_smoke_lit.ini): SetFloat(_Cutoff, 0.5)
Unloading 6 unused Assets to reduce memory usage. Loaded Objects now: 25201.
Total: 174.503900 ms (FindLiveObjects: 1.077800 ms CreateObjectMapping: 0.702700 ms MarkObjects: 172.506900 ms  DeleteObjects: 0.216200 ms)

Unloading 1 Unused Serialized files (Serialized files now loaded: 7)
Unloading 12 unused Assets to reduce memory usage. Loaded Objects now: 25677.
Total: 172.747000 ms (FindLiveObjects: 0.974800 ms CreateObjectMapping: 0.709800 ms MarkObjects: 170.991400 ms  DeleteObjects: 0.070500 ms)

LoadMaterialFromFile(assets/europack/materials/usn_mk46/usn_mk54_mat.ini): SetColor(_Color, {*}808080ff)
LoadMaterialFromFile(assets/europack/materials/usn_mk46/usn_mk54_mat.ini): SetColor(_SpecColor, {*}ffffffff)
LoadMaterialFromFile(assets/europack/materials/usn_mk46/usn_mk54_mat.ini): SetFloat(_SpecInt, 1.0)
LoadMaterialFromFile(assets/europack/materials/usn_mk46/usn_mk54_mat.ini): SetFloat(_Shininess, 8.5)
LoadMaterialFromFile(assets/europack/materials/usn_mk46/usn_mk54_mat.ini): SetFloat(_Fresnel, 0.75)
[EnhancedUIMod] Attached to main HUD weapon list.
[EnhancedUIMod] Attached to main HUD weapon list.
AllowLaunchFunc!
[EnhancedUIMod] Attached to main HUD weapon list.
[EnhancedUIMod] Attached to main HUD weapon list.
AllowLaunchFunc!
[EnhancedUIMod] Attached to main HUD weapon list.
[EnhancedUIMod] Attached to main HUD weapon list.
[EnhancedUIMod] Attached to main HUD weapon list.
[EnhancedUIMod] Attached to main HUD weapon list.
[EnhancedUIMod] Attached to main HUD weapon list.
[EnhancedUIMod] Attached to main HUD weapon list.
[EnhancedUIMod] Attached to main HUD weapon list.
[EnhancedUIMod] Attached to main HUD weapon list.
[EnhancedUIMod] Attached to main HUD weapon list.
Launching Blindfire Torpedo! Search Depth set to None resolving to -0.907142 (-200 ft) AimPoint = -0.907141983509064 (-200.000002700137 ft) based on: default depth = -0.907142 (-200 ft), layer depth = 100 (22047.27 ft), max depth = 8.617849 (1900 ft)
[EnhancedUIMod] Attached to main HUD weapon list.
[EnhancedUIMod] Attached to main HUD weapon list.
[EnhancedUIMod] Attached to main HUD weapon list.
[EnhancedUIMod] Attached to main HUD weapon list.
[EnhancedUIMod] Attached to main HUD weapon list.
[EnhancedUIMod] Attached to main HUD weapon list.
[EnhancedUIMod] Attached to main HUD weapon list.
[EnhancedUIMod] Attached to main HUD weapon list.
SpawnPool Effects: aswtorpedo_cavitation_particle(Clone) not found in SpawnPool
[EnhancedUIMod] Attached to main HUD weapon list.
[EnhancedUIMod] Attached to main HUD weapon list.
[EnhancedUIMod] Attached to main HUD weapon list.
[AutomaticSAR] [1005] Tiger 2: Automatic SAR started.
[AutomaticSAR] 1-usn_mh-60r assigned to life raft 66-all_life_raft.
[AutomaticSAR] [1003] MH-60R 816 Squadron RAN: Automatic SAR started.
[AutomaticSAR] 1-usn_mh-60r assigned to life raft 66-all_life_raft.
SpawnPool Effects: aswtorpedo_cavitation_particle(Clone) not found in SpawnPool
1-usn_mh-60r recieving 1 waypoints from RecoveryPoint1
[AutomaticSAR] [1005] Tiger 2: Automatic SAR complete: SAR capacity reached. Returning to base.
[AutomaticSAR] 1-usn_mh-60r is full but has no home base.
[AutomaticSAR] [1003] MH-60R 816 Squadron RAN: Automatic SAR started.
[AutomaticSAR] 1-usn_mh-60r assigned to life raft 66-all_life_raft.
[AutomaticSAR] 1-usn_mh-60r is full but has no home base.
1-usn_mh-60r recieving 1 waypoints from RecoveryPoint1
[AutomaticSAR] [1003] MH-60R 816 Squadron RAN: Automatic SAR started.
[AutomaticSAR] 1-usn_mh-60r assigned to life raft 66-all_life_raft.
[AutomaticSAR] 1-usn_mh-60r is full but has no home base.
[EnhancedUIMod] Attached to main HUD weapon list.
[EnhancedUIMod] Attached to main HUD weapon list.
[AutomaticSAR] [1016] Tiger 1: Automatic SAR started.
[AutomaticSAR] 2-usn_mh-60r assigned to life raft 66-all_life_raft.
[AutomaticSAR] [1016] Tiger 1: Automatic SAR complete: all inrange distress beacons have been processed.
2-usn_mh-60r recieving 1 waypoints from RecoveryPoint1
[3D WebView] [StandaloneWebView.TerminateBrowserProcess] Terminating the browser process.
Unloading 1 Unused Serialized files (Serialized files now loaded: 7)
[3D WebView] Unable to deliver a message from the native plugin to a webview GameObject because there is no longer a GameObject named 'WebView-77758562-ce5c-4f97-a1af-b6c9da1a47eb'. This can sometimes happen directly after destroying a webview. In that case, it is benign and this message can be ignored.
Unloading 7430 unused Assets to reduce memory usage. Loaded Objects now: 16014.
Total: 270.342500 ms (FindLiveObjects: 1.942500 ms CreateObjectMapping: 1.552700 ms MarkObjects: 208.604700 ms  DeleteObjects: 58.241800 ms)

The referenced script on this Behaviour (Game Object 'InputManager') is missing!
Global logging level set to: <b>Info</b>
Noesis logging level set to: <b>Trace</b>
DontDestroyOnLoad only works for root GameObjects or components on root GameObjects.
[Singleton<SeaPower.TerrainManager>] There should never be more than one Singleton of type SeaPower.TerrainManager in the scene, but 2 were found. The first instance found will be used, and all others will be destroyed.
[Singleton<SeaPower.Environment>] There should never be more than one Singleton of type SeaPower.Environment in the scene, but 2 were found. The first instance found will be used, and all others will be destroyed.
[Singleton<SeaPower.FileManager>] There should never be more than one Singleton of type SeaPower.FileManager in the scene, but 2 were found. The first instance found will be used, and all others will be destroyed.
[Singleton<SeaPower.UnityLog>] There should never be more than one Singleton of type SeaPower.UnityLog in the scene, but 2 were found. The first instance found will be used, and all others will be destroyed.
Initialization Warning: Pool 'Effects' contains a PrefabPool with no prefab reference. Skipping.
Initialization Warning: Pool 'Effects' contains a PrefabPool with no prefab reference. Skipping.
Added pool 'Effects'
DontDestroyOnLoad only works for root GameObjects or components on root GameObjects.
Clearing persistant loadout data, 0 elements removed, 0 of which are unlaunched loadouts
FileManager.GetSearchDirectories() is skipping 3508978375 as itemState=k_EItemStateNone indicates the mod is not installed, or has a pending download.
FileManager.GetSearchDirectories() is skipping 3426791311 as itemState=k_EItemStateNone indicates the mod is not installed, or has a pending download.
FileManager.Directories contains Mods
Unloading 6 Unused Serialized files (Serialized files now loaded: 7)
Unloading 55 unused Assets to reduce memory usage. Loaded Objects now: 18011.
Total: 184.531000 ms (FindLiveObjects: 0.833400 ms CreateObjectMapping: 0.491700 ms MarkObjects: 182.813200 ms  DeleteObjects: 0.392400 ms)

Unloading 0 Unused Serialized files (Serialized files now loaded: 7)
Unloading 2 unused Assets to reduce memory usage. Loaded Objects now: 23348.
Total: 199.941900 ms (FindLiveObjects: 1.265000 ms CreateObjectMapping: 0.963700 ms MarkObjects: 197.637200 ms  DeleteObjects: 0.075700 ms)

Unloading 1 Unused Serialized files (Serialized files now loaded: 7)
Compressed GraphicsFormat RGBA Compressed DXT5|BC3 UNorm requires a texture size that is a multiple of 4
Compressed GraphicsFormat RGBA Compressed DXT5|BC3 UNorm requires a texture size that is a multiple of 4
LoadMaterialFromFile(effects/weapons/materials/solidrocket_white.ini): SetColor(_TintColor, {*}FFDBD0FF)
LoadMaterialFromFile(effects/weapons/materials/solidrocket_white.ini): SetFloat(_InvFade, 1)
LoadMaterialFromFile(effects/weapons/materials/missile_smoke_lit.ini): SetFloat(_Threshold, 1)
LoadMaterialFromFile(effects/weapons/materials/missile_smoke_lit.ini): SetFloat(_Min, 1)
LoadMaterialFromFile(effects/weapons/materials/missile_smoke_lit.ini): SetFloat(_AdditivePass, 1)
LoadMaterialFromFile(effects/weapons/materials/missile_smoke_lit.ini): SetColor(_ColorLit, {*}BEBEBE80)
LoadMaterialFromFile(effects/weapons/materials/missile_smoke_lit.ini): SetColor(_ColorUnlit, {*}80808080)
LoadMaterialFromFile(effects/weapons/materials/missile_smoke_lit.ini): SetFloat(_minBright, 0.25)
LoadMaterialFromFile(effects/weapons/materials/missile_smoke_lit.ini): SetFloat(_Multiplier, 1)
LoadMaterialFromFile(effects/weapons/materials/missile_smoke_lit.ini): SetColor(_TintColor, {*}FFFFFF00)
LoadMaterialFromFile(effects/weapons/materials/missile_smoke_lit.ini): SetFloat(_IsUnderwater, 0)
LoadMaterialFromFile(effects/weapons/materials/missile_smoke_lit.ini): SetColor(_C1, {*}808080FF)
LoadMaterialFromFile(effects/weapons/materials/missile_smoke_lit.ini): SetColor(_C2, {*}808080FF)
LoadMaterialFromFile(effects/weapons/materials/missile_smoke_lit.ini): SetFloat(_FogFadeFactor, -0.5)
LoadMaterialFromFile(effects/weapons/materials/missile_smoke_lit.ini): SetFloat(_Cutoff, 0.5)
Unloading 6 unused Assets to reduce memory usage. Loaded Objects now: 25975.
Total: 195.611000 ms (FindLiveObjects: 0.986300 ms CreateObjectMapping: 0.648000 ms MarkObjects: 193.906600 ms  DeleteObjects: 0.069900 ms)

Unloading 1 Unused Serialized files (Serialized files now loaded: 7)
Unloading 12 unused Assets to reduce memory usage. Loaded Objects now: 26255.
Total: 191.210200 ms (FindLiveObjects: 0.946700 ms CreateObjectMapping: 0.664400 ms MarkObjects: 189.532400 ms  DeleteObjects: 0.066500 ms)

LoadMaterialFromFile(assets/europack/materials/usn_mk46/usn_mk54_mat.ini): SetColor(_Color, {*}808080ff)
LoadMaterialFromFile(assets/europack/materials/usn_mk46/usn_mk54_mat.ini): SetColor(_SpecColor, {*}ffffffff)
LoadMaterialFromFile(assets/europack/materials/usn_mk46/usn_mk54_mat.ini): SetFloat(_SpecInt, 1.0)
LoadMaterialFromFile(assets/europack/materials/usn_mk46/usn_mk54_mat.ini): SetFloat(_Shininess, 8.5)
LoadMaterialFromFile(assets/europack/materials/usn_mk46/usn_mk54_mat.ini): SetFloat(_Fresnel, 0.75)
[EnhancedUIMod] Attached to main HUD weapon list.
[EnhancedUIMod] Attached to main HUD weapon list.
[EnhancedUIMod] Attached to main HUD weapon list.
[3D WebView] [StandaloneWebView.TerminateBrowserProcess] Terminating the browser process.
Unloading 1 Unused Serialized files (Serialized files now loaded: 7)
Unloading 6802 unused Assets to reduce memory usage. Loaded Objects now: 16181.
Total: 282.078600 ms (FindLiveObjects: 2.571900 ms CreateObjectMapping: 2.159000 ms MarkObjects: 216.622800 ms  DeleteObjects: 60.724400 ms)

The referenced script on this Behaviour (Game Object 'InputManager') is missing!
Global logging level set to: <b>Info</b>
Noesis logging level set to: <b>Trace</b>
DontDestroyOnLoad only works for root GameObjects or components on root GameObjects.
[Singleton<SeaPower.TerrainManager>] There should never be more than one Singleton of type SeaPower.TerrainManager in the scene, but 2 were found. The first instance found will be used, and all others will be destroyed.
[Singleton<SeaPower.Environment>] There should never be more than one Singleton of type SeaPower.Environment in the scene, but 2 were found. The first instance found will be used, and all others will be destroyed.
[Singleton<SeaPower.FileManager>] There should never be more than one Singleton of type SeaPower.FileManager in the scene, but 2 were found. The first instance found will be used, and all others will be destroyed.
[Singleton<SeaPower.UnityLog>] There should never be more than one Singleton of type SeaPower.UnityLog in the scene, but 2 were found. The first instance found will be used, and all others will be destroyed.
Initialization Warning: Pool 'Effects' contains a PrefabPool with no prefab reference. Skipping.
Initialization Warning: Pool 'Effects' contains a PrefabPool with no prefab reference. Skipping.
Added pool 'Effects'
DontDestroyOnLoad only works for root GameObjects or components on root GameObjects.
Clearing persistant loadout data, 0 elements removed, 0 of which are unlaunched loadouts
FileManager.GetSearchDirectories() is skipping 3508978375 as itemState=k_EItemStateNone indicates the mod is not installed, or has a pending download.
FileManager.GetSearchDirectories() is skipping 3426791311 as itemState=k_EItemStateNone indicates the mod is not installed, or has a pending download.
FileManager.Directories contains Mods
Unloading 6 Unused Serialized files (Serialized files now loaded: 7)
Unloading 55 unused Assets to reduce memory usage. Loaded Objects now: 18178.
Total: 195.078400 ms (FindLiveObjects: 1.127400 ms CreateObjectMapping: 0.524200 ms MarkObjects: 193.030300 ms  DeleteObjects: 0.396100 ms)

Unloading 0 Unused Serialized files (Serialized files now loaded: 7)
Unloading 1 unused Assets to reduce memory usage. Loaded Objects now: 23516.
Total: 205.423000 ms (FindLiveObjects: 1.247100 ms CreateObjectMapping: 0.756600 ms MarkObjects: 203.366000 ms  DeleteObjects: 0.053100 ms)

Unloading 1 Unused Serialized files (Serialized files now loaded: 7)
Compressed GraphicsFormat RGBA Compressed DXT5|BC3 UNorm requires a texture size that is a multiple of 4
Compressed GraphicsFormat RGBA Compressed DXT5|BC3 UNorm requires a texture size that is a multiple of 4
LoadMaterialFromFile(effects/weapons/materials/solidrocket_white.ini): SetColor(_TintColor, {*}FFDBD0FF)
LoadMaterialFromFile(effects/weapons/materials/solidrocket_white.ini): SetFloat(_InvFade, 1)
LoadMaterialFromFile(effects/weapons/materials/missile_smoke_lit.ini): SetFloat(_Threshold, 1)
LoadMaterialFromFile(effects/weapons/materials/missile_smoke_lit.ini): SetFloat(_Min, 1)
LoadMaterialFromFile(effects/weapons/materials/missile_smoke_lit.ini): SetFloat(_AdditivePass, 1)
LoadMaterialFromFile(effects/weapons/materials/missile_smoke_lit.ini): SetColor(_ColorLit, {*}BEBEBE80)
LoadMaterialFromFile(effects/weapons/materials/missile_smoke_lit.ini): SetColor(_ColorUnlit, {*}80808080)
LoadMaterialFromFile(effects/weapons/materials/missile_smoke_lit.ini): SetFloat(_minBright, 0.25)
LoadMaterialFromFile(effects/weapons/materials/missile_smoke_lit.ini): SetFloat(_Multiplier, 1)
LoadMaterialFromFile(effects/weapons/materials/missile_smoke_lit.ini): SetColor(_TintColor, {*}FFFFFF00)
LoadMaterialFromFile(effects/weapons/materials/missile_smoke_lit.ini): SetFloat(_IsUnderwater, 0)
LoadMaterialFromFile(effects/weapons/materials/missile_smoke_lit.ini): SetColor(_C1, {*}808080FF)
LoadMaterialFromFile(effects/weapons/materials/missile_smoke_lit.ini): SetColor(_C2, {*}808080FF)
LoadMaterialFromFile(effects/weapons/materials/missile_smoke_lit.ini): SetFloat(_FogFadeFactor, -0.5)
LoadMaterialFromFile(effects/weapons/materials/missile_smoke_lit.ini): SetFloat(_Cutoff, 0.5)
Unloading 7 unused Assets to reduce memory usage. Loaded Objects now: 26142.
Total: 196.387800 ms (FindLiveObjects: 1.513900 ms CreateObjectMapping: 1.060600 ms MarkObjects: 193.724100 ms  DeleteObjects: 0.088800 ms)

Unloading 1 Unused Serialized files (Serialized files now loaded: 7)
Unloading 12 unused Assets to reduce memory usage. Loaded Objects now: 26422.
Total: 193.220400 ms (FindLiveObjects: 1.007000 ms CreateObjectMapping: 0.691300 ms MarkObjects: 191.453000 ms  DeleteObjects: 0.068800 ms)

LoadMaterialFromFile(assets/europack/materials/usn_mk46/usn_mk54_mat.ini): SetColor(_Color, {*}808080ff)
LoadMaterialFromFile(assets/europack/materials/usn_mk46/usn_mk54_mat.ini): SetColor(_SpecColor, {*}ffffffff)
LoadMaterialFromFile(assets/europack/materials/usn_mk46/usn_mk54_mat.ini): SetFloat(_SpecInt, 1.0)
LoadMaterialFromFile(assets/europack/materials/usn_mk46/usn_mk54_mat.ini): SetFloat(_Shininess, 8.5)
LoadMaterialFromFile(assets/europack/materials/usn_mk46/usn_mk54_mat.ini): SetFloat(_Fresnel, 0.75)
[EnhancedUIMod] Attached to main HUD weapon list.
[EnhancedUIMod] Attached to main HUD weapon list.
[EnhancedUIMod] Attached to main HUD weapon list.
[EnhancedUIMod] Attached to main HUD weapon list.
[EnhancedUIMod] Attached to main HUD weapon list.
[EnhancedUIMod] Attached to main HUD weapon list.
[EnhancedUIMod] Attached to main HUD weapon list.
[EnhancedUIMod] Attached to main HUD weapon list.
SpawnPool Effects: aswtorpedo_cavitation_particle(Clone) not found in SpawnPool
[EnhancedUIMod] Attached to main HUD weapon list.
AllowLaunchFunc!
[AutomaticSAR] [1005] Tiger 1: Automatic SAR started.
[AutomaticSAR] 1-usn_mh-60r assigned to life raft 77-all_life_raft.
FileManager.GetSearchDirectories() is skipping 3508978375 as itemState=k_EItemStateNone indicates the mod is not installed, or has a pending download.
FileManager.GetSearchDirectories() is skipping 3426791311 as itemState=k_EItemStateNone indicates the mod is not installed, or has a pending download.
FileManager.Directories contains Mods
[3D WebView] [StandaloneWebView.TerminateBrowserProcess] Terminating the browser process.
Unloading 1 Unused Serialized files (Serialized files now loaded: 7)
[3D WebView] Unable to deliver a message from the native plugin to a webview GameObject because there is no longer a GameObject named 'WebView-a03a329d-f993-4b1b-b11b-a3e836025704'. This can sometimes happen directly after destroying a webview. In that case, it is benign and this message can be ignored.
Unloading 6703 unused Assets to reduce memory usage. Loaded Objects now: 16353.
Total: 279.136100 ms (FindLiveObjects: 1.598700 ms CreateObjectMapping: 1.540900 ms MarkObjects: 223.082600 ms  DeleteObjects: 52.913600 ms)

The referenced script on this Behaviour (Game Object 'InputManager') is missing!
Global logging level set to: <b>Info</b>
Noesis logging level set to: <b>Trace</b>
DontDestroyOnLoad only works for root GameObjects or components on root GameObjects.
[Singleton<SeaPower.TerrainManager>] There should never be more than one Singleton of type SeaPower.TerrainManager in the scene, but 2 were found. The first instance found will be used, and all others will be destroyed.
[Singleton<SeaPower.Environment>] There should never be more than one Singleton of type SeaPower.Environment in the scene, but 2 were found. The first instance found will be used, and all others will be destroyed.
[Singleton<SeaPower.FileManager>] There should never be more than one Singleton of type SeaPower.FileManager in the scene, but 2 were found. The first instance found will be used, and all others will be destroyed.
[Singleton<SeaPower.UnityLog>] There should never be more than one Singleton of type SeaPower.UnityLog in the scene, but 2 were found. The first instance found will be used, and all others will be destroyed.
Initialization Warning: Pool 'Effects' contains a PrefabPool with no prefab reference. Skipping.
Initialization Warning: Pool 'Effects' contains a PrefabPool with no prefab reference. Skipping.
Added pool 'Effects'
DontDestroyOnLoad only works for root GameObjects or components on root GameObjects.
Clearing persistant loadout data, 0 elements removed, 0 of which are unlaunched loadouts
FileManager.GetSearchDirectories() is skipping 3508978375 as itemState=k_EItemStateNone indicates the mod is not installed, or has a pending download.
FileManager.GetSearchDirectories() is skipping 3426791311 as itemState=k_EItemStateNone indicates the mod is not installed, or has a pending download.
FileManager.Directories contains Mods
Unloading 6 Unused Serialized files (Serialized files now loaded: 7)
Unloading 54 unused Assets to reduce memory usage. Loaded Objects now: 18361.
Total: 197.991000 ms (FindLiveObjects: 0.714100 ms CreateObjectMapping: 0.516500 ms MarkObjects: 196.357400 ms  DeleteObjects: 0.402700 ms)

Unloading 0 Unused Serialized files (Serialized files now loaded: 7)
Unloading 1 unused Assets to reduce memory usage. Loaded Objects now: 23699.
Total: 213.657300 ms (FindLiveObjects: 1.322300 ms CreateObjectMapping: 0.976100 ms MarkObjects: 211.302600 ms  DeleteObjects: 0.055900 ms)

Unloading 1 Unused Serialized files (Serialized files now loaded: 7)
Compressed GraphicsFormat RGBA Compressed DXT5|BC3 UNorm requires a texture size that is a multiple of 4
Compressed GraphicsFormat RGBA Compressed DXT5|BC3 UNorm requires a texture size that is a multiple of 4
LoadMaterialFromFile(effects/weapons/materials/solidrocket_white.ini): SetColor(_TintColor, {*}FFDBD0FF)
LoadMaterialFromFile(effects/weapons/materials/solidrocket_white.ini): SetFloat(_InvFade, 1)
LoadMaterialFromFile(effects/weapons/materials/missile_smoke_lit.ini): SetFloat(_Threshold, 1)
LoadMaterialFromFile(effects/weapons/materials/missile_smoke_lit.ini): SetFloat(_Min, 1)
LoadMaterialFromFile(effects/weapons/materials/missile_smoke_lit.ini): SetFloat(_AdditivePass, 1)
LoadMaterialFromFile(effects/weapons/materials/missile_smoke_lit.ini): SetColor(_ColorLit, {*}BEBEBE80)
LoadMaterialFromFile(effects/weapons/materials/missile_smoke_lit.ini): SetColor(_ColorUnlit, {*}80808080)
LoadMaterialFromFile(effects/weapons/materials/missile_smoke_lit.ini): SetFloat(_minBright, 0.25)
LoadMaterialFromFile(effects/weapons/materials/missile_smoke_lit.ini): SetFloat(_Multiplier, 1)
LoadMaterialFromFile(effects/weapons/materials/missile_smoke_lit.ini): SetColor(_TintColor, {*}FFFFFF00)
LoadMaterialFromFile(effects/weapons/materials/missile_smoke_lit.ini): SetFloat(_IsUnderwater, 0)
LoadMaterialFromFile(effects/weapons/materials/missile_smoke_lit.ini): SetColor(_C1, {*}808080FF)
LoadMaterialFromFile(effects/weapons/materials/missile_smoke_lit.ini): SetColor(_C2, {*}808080FF)
LoadMaterialFromFile(effects/weapons/materials/missile_smoke_lit.ini): SetFloat(_FogFadeFactor, -0.5)
LoadMaterialFromFile(effects/weapons/materials/missile_smoke_lit.ini): SetFloat(_Cutoff, 0.5)
Unloading 7 unused Assets to reduce memory usage. Loaded Objects now: 26329.
Total: 209.590900 ms (FindLiveObjects: 1.319600 ms CreateObjectMapping: 1.031000 ms MarkObjects: 207.155300 ms  DeleteObjects: 0.084700 ms)

Unloading 1 Unused Serialized files (Serialized files now loaded: 7)
Unloading 12 unused Assets to reduce memory usage. Loaded Objects now: 26609.
Total: 203.933400 ms (FindLiveObjects: 1.126200 ms CreateObjectMapping: 0.658000 ms MarkObjects: 202.074600 ms  DeleteObjects: 0.074200 ms)

LoadMaterialFromFile(assets/europack/materials/usn_mk46/usn_mk54_mat.ini): SetColor(_Color, {*}808080ff)
LoadMaterialFromFile(assets/europack/materials/usn_mk46/usn_mk54_mat.ini): SetColor(_SpecColor, {*}ffffffff)
LoadMaterialFromFile(assets/europack/materials/usn_mk46/usn_mk54_mat.ini): SetFloat(_SpecInt, 1.0)
LoadMaterialFromFile(assets/europack/materials/usn_mk46/usn_mk54_mat.ini): SetFloat(_Shininess, 8.5)
LoadMaterialFromFile(assets/europack/materials/usn_mk46/usn_mk54_mat.ini): SetFloat(_Fresnel, 0.75)
[EnhancedUIMod] Attached to main HUD weapon list.
[EnhancedUIMod] Attached to main HUD weapon list.
FileManager.GetSearchDirectories() is skipping 3508978375 as itemState=k_EItemStateNone indicates the mod is not installed, or has a pending download.
FileManager.GetSearchDirectories() is skipping 3426791311 as itemState=k_EItemStateNone indicates the mod is not installed, or has a pending download.
FileManager.Directories contains Mods
[3D WebView] [StandaloneWebView.TerminateBrowserProcess] Terminating the browser process.
Unloading 1 Unused Serialized files (Serialized files now loaded: 7)
Unloading 6339 unused Assets to reduce memory usage. Loaded Objects now: 16531.
Total: 268.611200 ms (FindLiveObjects: 1.091600 ms CreateObjectMapping: 1.253000 ms MarkObjects: 209.710000 ms  DeleteObjects: 56.556100 ms)

The referenced script on this Behaviour (Game Object 'InputManager') is missing!
Global logging level set to: <b>Info</b>
Noesis logging level set to: <b>Trace</b>
DontDestroyOnLoad only works for root GameObjects or components on root GameObjects.
[Singleton<SeaPower.TerrainManager>] There should never be more than one Singleton of type SeaPower.TerrainManager in the scene, but 2 were found. The first instance found will be used, and all others will be destroyed.
[Singleton<SeaPower.Environment>] There should never be more than one Singleton of type SeaPower.Environment in the scene, but 2 were found. The first instance found will be used, and all others will be destroyed.
[Singleton<SeaPower.FileManager>] There should never be more than one Singleton of type SeaPower.FileManager in the scene, but 2 were found. The first instance found will be used, and all others will be destroyed.
[Singleton<SeaPower.UnityLog>] There should never be more than one Singleton of type SeaPower.UnityLog in the scene, but 2 were found. The first instance found will be used, and all others will be destroyed.
Initialization Warning: Pool 'Effects' contains a PrefabPool with no prefab reference. Skipping.
Initialization Warning: Pool 'Effects' contains a PrefabPool with no prefab reference. Skipping.
Added pool 'Effects'
DontDestroyOnLoad only works for root GameObjects or components on root GameObjects.
Clearing persistant loadout data, 0 elements removed, 0 of which are unlaunched loadouts
FileManager.GetSearchDirectories() is skipping 3508978375 as itemState=k_EItemStateNone indicates the mod is not installed, or has a pending download.
FileManager.GetSearchDirectories() is skipping 3426791311 as itemState=k_EItemStateNone indicates the mod is not installed, or has a pending download.
FileManager.Directories contains Mods
Unloading 6 Unused Serialized files (Serialized files now loaded: 7)
Unloading 55 unused Assets to reduce memory usage. Loaded Objects now: 18527.
Total: 198.107800 ms (FindLiveObjects: 0.983400 ms CreateObjectMapping: 0.519400 ms MarkObjects: 196.227700 ms  DeleteObjects: 0.376900 ms)

Unloading 0 Unused Serialized files (Serialized files now loaded: 7)
Unloading 1 unused Assets to reduce memory usage. Loaded Objects now: 23865.
Total: 206.740000 ms (FindLiveObjects: 0.959300 ms CreateObjectMapping: 0.584500 ms MarkObjects: 205.136700 ms  DeleteObjects: 0.059000 ms)

Unloading 1 Unused Serialized files (Serialized files now loaded: 7)
Compressed GraphicsFormat RGBA Compressed DXT5|BC3 UNorm requires a texture size that is a multiple of 4
Compressed GraphicsFormat RGBA Compressed DXT5|BC3 UNorm requires a texture size that is a multiple of 4
LoadMaterialFromFile(effects/weapons/materials/solidrocket_white.ini): SetColor(_TintColor, {*}FFDBD0FF)
LoadMaterialFromFile(effects/weapons/materials/solidrocket_white.ini): SetFloat(_InvFade, 1)
LoadMaterialFromFile(effects/weapons/materials/missile_smoke_lit.ini): SetFloat(_Threshold, 1)
LoadMaterialFromFile(effects/weapons/materials/missile_smoke_lit.ini): SetFloat(_Min, 1)
LoadMaterialFromFile(effects/weapons/materials/missile_smoke_lit.ini): SetFloat(_AdditivePass, 1)
LoadMaterialFromFile(effects/weapons/materials/missile_smoke_lit.ini): SetColor(_ColorLit, {*}BEBEBE80)
LoadMaterialFromFile(effects/weapons/materials/missile_smoke_lit.ini): SetColor(_ColorUnlit, {*}80808080)
LoadMaterialFromFile(effects/weapons/materials/missile_smoke_lit.ini): SetFloat(_minBright, 0.25)
LoadMaterialFromFile(effects/weapons/materials/missile_smoke_lit.ini): SetFloat(_Multiplier, 1)
LoadMaterialFromFile(effects/weapons/materials/missile_smoke_lit.ini): SetColor(_TintColor, {*}FFFFFF00)
LoadMaterialFromFile(effects/weapons/materials/missile_smoke_lit.ini): SetFloat(_IsUnderwater, 0)
LoadMaterialFromFile(effects/weapons/materials/missile_smoke_lit.ini): SetColor(_C1, {*}808080FF)
LoadMaterialFromFile(effects/weapons/materials/missile_smoke_lit.ini): SetColor(_C2, {*}808080FF)
LoadMaterialFromFile(effects/weapons/materials/missile_smoke_lit.ini): SetFloat(_FogFadeFactor, -0.5)
LoadMaterialFromFile(effects/weapons/materials/missile_smoke_lit.ini): SetFloat(_Cutoff, 0.5)
Unloading 7 unused Assets to reduce memory usage. Loaded Objects now: 26492.
Total: 202.786500 ms (FindLiveObjects: 1.173400 ms CreateObjectMapping: 0.707200 ms MarkObjects: 200.799600 ms  DeleteObjects: 0.106000 ms)

Unloading 1 Unused Serialized files (Serialized files now loaded: 7)
Unloading 12 unused Assets to reduce memory usage. Loaded Objects now: 26772.
Total: 206.854100 ms (FindLiveObjects: 1.210900 ms CreateObjectMapping: 0.658000 ms MarkObjects: 204.917800 ms  DeleteObjects: 0.067000 ms)

LoadMaterialFromFile(assets/europack/materials/usn_mk46/usn_mk54_mat.ini): SetColor(_Color, {*}808080ff)
LoadMaterialFromFile(assets/europack/materials/usn_mk46/usn_mk54_mat.ini): SetColor(_SpecColor, {*}ffffffff)
LoadMaterialFromFile(assets/europack/materials/usn_mk46/usn_mk54_mat.ini): SetFloat(_SpecInt, 1.0)
LoadMaterialFromFile(assets/europack/materials/usn_mk46/usn_mk54_mat.ini): SetFloat(_Shininess, 8.5)
LoadMaterialFromFile(assets/europack/materials/usn_mk46/usn_mk54_mat.ini): SetFloat(_Fresnel, 0.75)
[EnhancedUIMod] Attached to main HUD weapon list.
[EnhancedUIMod] Attached to main HUD weapon list.
[EnhancedUIMod] Attached to main HUD weapon list.
SeaPower.LinearCampaign.InstanceExists() = True
[3D WebView] [StandaloneWebView.TerminateBrowserProcess] Terminating the browser process.
Unloading 1 Unused Serialized files (Serialized files now loaded: 7)
Unloading 6482 unused Assets to reduce memory usage. Loaded Objects now: 16708.
Total: 288.781100 ms (FindLiveObjects: 2.064400 ms CreateObjectMapping: 1.808400 ms MarkObjects: 233.715500 ms  DeleteObjects: 51.192000 ms)

FileManager.GetSearchDirectories() is skipping 3508978375 as itemState=k_EItemStateNone indicates the mod is not installed, or has a pending download.
FileManager.GetSearchDirectories() is skipping 3426791311 as itemState=k_EItemStateNone indicates the mod is not installed, or has a pending download.
FileManager.Directories contains Mods
FileManager.GetSearchDirectories() is skipping 3508978375 as itemState=k_EItemStateNone indicates the mod is not installed, or has a pending download.
FileManager.GetSearchDirectories() is skipping 3426791311 as itemState=k_EItemStateNone indicates the mod is not installed, or has a pending download.
FileManager.Directories contains Mods
FileManager.GetSearchDirectories() is skipping 3508978375 as itemState=k_EItemStateNone indicates the mod is not installed, or has a pending download.
FileManager.GetSearchDirectories() is skipping 3426791311 as itemState=k_EItemStateNone indicates the mod is not installed, or has a pending download.
FileManager.Directories contains Mods
FileManager.GetSearchDirectories() is skipping 3508978375 as itemState=k_EItemStateNone indicates the mod is not installed, or has a pending download.
FileManager.GetSearchDirectories() is skipping 3426791311 as itemState=k_EItemStateNone indicates the mod is not installed, or has a pending download.
FileManager.Directories contains Mods
The referenced script on this Behaviour (Game Object 'InputManager') is missing!
Global logging level set to: <b>Info</b>
Noesis logging level set to: <b>Trace</b>
DontDestroyOnLoad only works for root GameObjects or components on root GameObjects.
[Singleton<SeaPower.TerrainManager>] There should never be more than one Singleton of type SeaPower.TerrainManager in the scene, but 2 were found. The first instance found will be used, and all others will be destroyed.
[Singleton<SeaPower.Environment>] There should never be more than one Singleton of type SeaPower.Environment in the scene, but 2 were found. The first instance found will be used, and all others will be destroyed.
[Singleton<SeaPower.FileManager>] There should never be more than one Singleton of type SeaPower.FileManager in the scene, but 2 were found. The first instance found will be used, and all others will be destroyed.
[Singleton<SeaPower.UnityLog>] There should never be more than one Singleton of type SeaPower.UnityLog in the scene, but 2 were found. The first instance found will be used, and all others will be destroyed.
Initialization Warning: Pool 'Effects' contains a PrefabPool with no prefab reference. Skipping.
Initialization Warning: Pool 'Effects' contains a PrefabPool with no prefab reference. Skipping.
Added pool 'Effects'
DontDestroyOnLoad only works for root GameObjects or components on root GameObjects.
Clearing persistant loadout data, 0 elements removed, 0 of which are unlaunched loadouts
LoadMaterialFromFile(Buildings/Liberty\Statueofliberty_mat.ini): SetColor(_Color, {*}808080ff)
LoadMaterialFromFile(Buildings/Liberty\Statueofliberty_mat.ini): SetColor(_SpecColor, {*}ffffffff)
LoadMaterialFromFile(Buildings/Liberty\Statueofliberty_mat.ini): SetFloat(_SpecInt, 1.0)
LoadMaterialFromFile(Buildings/Liberty\Statueofliberty_mat.ini): SetFloat(_Shininess, 6.5)
LoadMaterialFromFile(Buildings/Liberty\Statueofliberty_mat.ini): SetFloat(_Fresnel, 0.75)
FileManager.GetSearchDirectories() is skipping 3508978375 as itemState=k_EItemStateNone indicates the mod is not installed, or has a pending download.
FileManager.GetSearchDirectories() is skipping 3426791311 as itemState=k_EItemStateNone indicates the mod is not installed, or has a pending download.
FileManager.Directories contains Mods
Unloading 6 Unused Serialized files (Serialized files now loaded: 7)
Unloading 62 unused Assets to reduce memory usage. Loaded Objects now: 18915.
Total: 238.335900 ms (FindLiveObjects: 1.929000 ms CreateObjectMapping: 0.743800 ms MarkObjects: 235.118600 ms  DeleteObjects: 0.544000 ms)

Unloading 0 Unused Serialized files (Serialized files now loaded: 7)
Unloading 1 unused Assets to reduce memory usage. Loaded Objects now: 24252.
Total: 221.861600 ms (FindLiveObjects: 1.565600 ms CreateObjectMapping: 0.747300 ms MarkObjects: 219.495700 ms  DeleteObjects: 0.052600 ms)

Unloading 1 Unused Serialized files (Serialized files now loaded: 7)
Unloading 1 unused Assets to reduce memory usage. Loaded Objects now: 25075.
Total: 223.776200 ms (FindLiveObjects: 1.559600 ms CreateObjectMapping: 1.073900 ms MarkObjects: 221.069100 ms  DeleteObjects: 0.073400 ms)

Unloading 0 Unused Serialized files (Serialized files now loaded: 7)
Unloading 1 unused Assets to reduce memory usage. Loaded Objects now: 26304.
Total: 218.679300 ms (FindLiveObjects: 1.058600 ms CreateObjectMapping: 0.729800 ms MarkObjects: 216.833600 ms  DeleteObjects: 0.056800 ms)

Compressed GraphicsFormat RGBA Compressed DXT5|BC3 UNorm requires a texture size that is a multiple of 4
Compressed GraphicsFormat RGBA Compressed DXT5|BC3 UNorm requires a texture size that is a multiple of 4
LoadMaterialFromFile(effects/weapons/materials/solidrocket_white.ini): SetColor(_TintColor, {*}FFDBD0FF)
LoadMaterialFromFile(effects/weapons/materials/solidrocket_white.ini): SetFloat(_InvFade, 1)
LoadMaterialFromFile(effects/weapons/materials/missile_smoke_lit.ini): SetFloat(_Threshold, 1)
LoadMaterialFromFile(effects/weapons/materials/missile_smoke_lit.ini): SetFloat(_Min, 1)
LoadMaterialFromFile(effects/weapons/materials/missile_smoke_lit.ini): SetFloat(_AdditivePass, 1)
LoadMaterialFromFile(effects/weapons/materials/missile_smoke_lit.ini): SetColor(_ColorLit, {*}BEBEBE80)
LoadMaterialFromFile(effects/weapons/materials/missile_smoke_lit.ini): SetColor(_ColorUnlit, {*}80808080)
LoadMaterialFromFile(effects/weapons/materials/missile_smoke_lit.ini): SetFloat(_minBright, 0.25)
LoadMaterialFromFile(effects/weapons/materials/missile_smoke_lit.ini): SetFloat(_Multiplier, 1)
LoadMaterialFromFile(effects/weapons/materials/missile_smoke_lit.ini): SetColor(_TintColor, {*}FFFFFF00)
LoadMaterialFromFile(effects/weapons/materials/missile_smoke_lit.ini): SetFloat(_IsUnderwater, 0)
LoadMaterialFromFile(effects/weapons/materials/missile_smoke_lit.ini): SetColor(_C1, {*}808080FF)
LoadMaterialFromFile(effects/weapons/materials/missile_smoke_lit.ini): SetColor(_C2, {*}808080FF)
LoadMaterialFromFile(effects/weapons/materials/missile_smoke_lit.ini): SetFloat(_FogFadeFactor, -0.5)
LoadMaterialFromFile(effects/weapons/materials/missile_smoke_lit.ini): SetFloat(_Cutoff, 0.5)
[WeaponLauncherEffects] [eu_mk41_quad] anchor ready: ContainerBase='eu_8-cell_mk41_base_quad_v4' (vessel ContainerBase, world (-841.6665, 0.0895, 168.9750)), container='AmmunitionParent' (world (-841.6715, 0.0395, 168.9828)), shipRoot='9-ran_ddg_hobart'.
[WeaponLauncherEffects] [eu_mk41] anchor ready: ContainerBase='eu_8-cell_mk41_base_v4' (vessel ContainerBase, world (-841.7125, 0.0895, 168.9750)), container='AmmunitionParent' (world (-841.7075, 0.0395, 168.9672)), shipRoot='9-ran_ddg_hobart'.
[WeaponLauncherEffects] [eu_mk41] anchor ready: ContainerBase='eu_8-cell_mk41_base_v4' (vessel ContainerBase, world (-841.6665, 0.0895, 168.9454)), container='AmmunitionParent' (world (-841.6715, 0.0395, 168.9532)), shipRoot='9-ran_ddg_hobart'.
[WeaponLauncherEffects] [eu_mk41] anchor ready: ContainerBase='eu_8-cell_mk41_base_v4' (vessel ContainerBase, world (-841.7125, 0.0895, 168.9454)), container='AmmunitionParent' (world (-841.7075, 0.0395, 168.9376)), shipRoot='9-ran_ddg_hobart'.
[WeaponLauncherEffects] [eu_mk41] anchor ready: ContainerBase='eu_8-cell_mk41_base_v4' (vessel ContainerBase, world (-841.6665, 0.0895, 168.9159)), container='AmmunitionParent' (world (-841.6715, 0.0395, 168.9237)), shipRoot='9-ran_ddg_hobart'.
[WeaponLauncherEffects] [eu_mk41] anchor ready: ContainerBase='eu_8-cell_mk41_base_v4' (vessel ContainerBase, world (-841.7125, 0.0895, 168.9159)), container='AmmunitionParent' (world (-841.7075, 0.0395, 168.9081)), shipRoot='9-ran_ddg_hobart'.
LoadMaterialFromFile(ships/wp_ssn_victor1/plan_ssn_093_mat.ini): SetColor(_Color, {*}808080ff)
LoadMaterialFromFile(ships/wp_ssn_victor1/plan_ssn_093_mat.ini): SetColor(_SpecColor, {*}ffffffff)
LoadMaterialFromFile(ships/wp_ssn_victor1/plan_ssn_093_mat.ini): SetFloat(_SpecInt, 1)
LoadMaterialFromFile(ships/wp_ssn_victor1/plan_ssn_093_mat.ini): SetFloat(_Shininess, 0.2)
LoadMaterialFromFile(ships/wp_ssn_victor1/plan_ssn_093_mat.ini): SetFloat(_Fresnel, 0.2)
LoadMaterialFromFile(ships/wp_ssn_victor1/plan_ss_039a_sail_mat.ini): SetColor(_Color, {*}808080ff)
LoadMaterialFromFile(ships/wp_ssn_victor1/plan_ss_039a_sail_mat.ini): SetColor(_SpecColor, {*}ffffffff)
LoadMaterialFromFile(ships/wp_ssn_victor1/plan_ss_039a_sail_mat.ini): SetFloat(_SpecInt, 1)
LoadMaterialFromFile(ships/wp_ssn_victor1/plan_ss_039a_sail_mat.ini): SetFloat(_Shininess, 0.2)
LoadMaterialFromFile(ships/wp_ssn_victor1/plan_ss_039a_sail_mat.ini): SetFloat(_Fresnel, 0.2)
LoadMaterialFromFile(ships/usn_ssn_los_angeles/usn_ssn_seawolf_other_mat.ini): SetColor(_Color, {*}808080ff)
LoadMaterialFromFile(ships/usn_ssn_los_angeles/usn_ssn_seawolf_other_mat.ini): SetColor(_SpecColor, {*}ffffffff)
LoadMaterialFromFile(ships/usn_ssn_los_angeles/usn_ssn_seawolf_other_mat.ini): SetFloat(_SpecInt, 1.0)
LoadMaterialFromFile(ships/usn_ssn_los_angeles/usn_ssn_seawolf_other_mat.ini): SetFloat(_Shininess, 2.5)
LoadMaterialFromFile(ships/usn_ssn_los_angeles/usn_ssn_seawolf_other_mat.ini): SetFloat(_Fresnel, 0.75)
LoadMaterialFromFile(ships/wp_ssn_victor1/plan_ssn_039_other_mat.ini): SetColor(_Color, {*}808080ff)
LoadMaterialFromFile(ships/wp_ssn_victor1/plan_ssn_039_other_mat.ini): SetColor(_SpecColor, {*}ffffffff)
LoadMaterialFromFile(ships/wp_ssn_victor1/plan_ssn_039_other_mat.ini): SetFloat(_SpecInt, 1)
LoadMaterialFromFile(ships/wp_ssn_victor1/plan_ssn_039_other_mat.ini): SetFloat(_Shininess, 0.2)
LoadMaterialFromFile(ships/wp_ssn_victor1/plan_ssn_039_other_mat.ini): SetFloat(_Fresnel, 0.2)
LoadMaterialFromFile(assets/europack/materials/usn_mk46/usn_mk54_mat.ini): SetColor(_Color, {*}808080ff)
LoadMaterialFromFile(assets/europack/materials/usn_mk46/usn_mk54_mat.ini): SetColor(_SpecColor, {*}ffffffff)
LoadMaterialFromFile(assets/europack/materials/usn_mk46/usn_mk54_mat.ini): SetFloat(_SpecInt, 1.0)
LoadMaterialFromFile(assets/europack/materials/usn_mk46/usn_mk54_mat.ini): SetFloat(_Shininess, 8.5)
LoadMaterialFromFile(assets/europack/materials/usn_mk46/usn_mk54_mat.ini): SetFloat(_Fresnel, 0.75)
[EnhancedUIMod] Attached to main HUD weapon list.
[EnhancedUIMod] Attached to main HUD weapon list.
SpawnPool Effects: aswtorpedo_cavitation_particle(Clone) not found in SpawnPool
SpawnPool Effects: aswtorpedo_cavitation_particle(Clone) not found in SpawnPool
[EnhancedUIMod] Attached to main HUD weapon list.
SpawnPool Effects: aswtorpedo_cavitation_particle(Clone) not found in SpawnPool
SpawnPool Effects: aswtorpedo_cavitation_particle(Clone) not found in SpawnPool
[MissileControlMod] Configuration: usn_rim-162a; launch=True; TVC=False; effect definitions=1
SpawnPool Effects: aswtorpedo_cavitation_particle(Clone) not found in SpawnPool
SpawnPool Effects: aswtorpedo_cavitation_particle(Clone) not found in SpawnPool
Can not play a disabled audio source
Can not play a disabled audio source
[EnhancedUIMod] Attached to main HUD weapon list.
[EnhancedUIMod] Attached to main HUD weapon list.
[EnhancedUIMod] Attached to main HUD weapon list.
[3D WebView] [StandaloneWebView.TerminateBrowserProcess] Terminating the browser process.
Unloading 1 Unused Serialized files (Serialized files now loaded: 7)
Unloading 12335 unused Assets to reduce memory usage. Loaded Objects now: 18378.
Total: 329.586500 ms (FindLiveObjects: 2.402100 ms CreateObjectMapping: 2.057700 ms MarkObjects: 256.407300 ms  DeleteObjects: 68.719200 ms)

The referenced script on this Behaviour (Game Object 'InputManager') is missing!
Global logging level set to: <b>Info</b>
Noesis logging level set to: <b>Trace</b>
DontDestroyOnLoad only works for root GameObjects or components on root GameObjects.
[Singleton<SeaPower.TerrainManager>] There should never be more than one Singleton of type SeaPower.TerrainManager in the scene, but 2 were found. The first instance found will be used, and all others will be destroyed.
[Singleton<SeaPower.Environment>] There should never be more than one Singleton of type SeaPower.Environment in the scene, but 2 were found. The first instance found will be used, and all others will be destroyed.
[Singleton<SeaPower.FileManager>] There should never be more than one Singleton of type SeaPower.FileManager in the scene, but 2 were found. The first instance found will be used, and all others will be destroyed.
[Singleton<SeaPower.UnityLog>] There should never be more than one Singleton of type SeaPower.UnityLog in the scene, but 2 were found. The first instance found will be used, and all others will be destroyed.
Initialization Warning: Pool 'Effects' contains a PrefabPool with no prefab reference. Skipping.
Initialization Warning: Pool 'Effects' contains a PrefabPool with no prefab reference. Skipping.
Added pool 'Effects'
DontDestroyOnLoad only works for root GameObjects or components on root GameObjects.
Clearing persistant loadout data, 0 elements removed, 0 of which are unlaunched loadouts
LoadMaterialFromFile(Buildings/Liberty\Statueofliberty_mat.ini): SetColor(_Color, {*}808080ff)
LoadMaterialFromFile(Buildings/Liberty\Statueofliberty_mat.ini): SetColor(_SpecColor, {*}ffffffff)
LoadMaterialFromFile(Buildings/Liberty\Statueofliberty_mat.ini): SetFloat(_SpecInt, 1.0)
LoadMaterialFromFile(Buildings/Liberty\Statueofliberty_mat.ini): SetFloat(_Shininess, 6.5)
LoadMaterialFromFile(Buildings/Liberty\Statueofliberty_mat.ini): SetFloat(_Fresnel, 0.75)
FileManager.GetSearchDirectories() is skipping 3508978375 as itemState=k_EItemStateNone indicates the mod is not installed, or has a pending download.
FileManager.GetSearchDirectories() is skipping 3426791311 as itemState=k_EItemStateNone indicates the mod is not installed, or has a pending download.
FileManager.Directories contains Mods
Unloading 6 Unused Serialized files (Serialized files now loaded: 7)
Unloading 57 unused Assets to reduce memory usage. Loaded Objects now: 20582.
Total: 242.210500 ms (FindLiveObjects: 0.802400 ms CreateObjectMapping: 0.589300 ms MarkObjects: 240.332400 ms  DeleteObjects: 0.486000 ms)

Unloading 0 Unused Serialized files (Serialized files now loaded: 7)
Unloading 2 unused Assets to reduce memory usage. Loaded Objects now: 25918.
Total: 253.181300 ms (FindLiveObjects: 1.415900 ms CreateObjectMapping: 1.180000 ms MarkObjects: 250.510000 ms  DeleteObjects: 0.075000 ms)

Unloading 1 Unused Serialized files (Serialized files now loaded: 7)
Unloading 1 unused Assets to reduce memory usage. Loaded Objects now: 26736.
Total: 271.720400 ms (FindLiveObjects: 1.205100 ms CreateObjectMapping: 0.807400 ms MarkObjects: 269.641300 ms  DeleteObjects: 0.066200 ms)

Unloading 0 Unused Serialized files (Serialized files now loaded: 7)
Unloading 1 unused Assets to reduce memory usage. Loaded Objects now: 27962.
Total: 262.661600 ms (FindLiveObjects: 1.123900 ms CreateObjectMapping: 0.822400 ms MarkObjects: 260.657300 ms  DeleteObjects: 0.057600 ms)

Compressed GraphicsFormat RGBA Compressed DXT5|BC3 UNorm requires a texture size that is a multiple of 4
Compressed GraphicsFormat RGBA Compressed DXT5|BC3 UNorm requires a texture size that is a multiple of 4
LoadMaterialFromFile(effects/weapons/materials/solidrocket_white.ini): SetColor(_TintColor, {*}FFDBD0FF)
LoadMaterialFromFile(effects/weapons/materials/solidrocket_white.ini): SetFloat(_InvFade, 1)
LoadMaterialFromFile(effects/weapons/materials/missile_smoke_lit.ini): SetFloat(_Threshold, 1)
LoadMaterialFromFile(effects/weapons/materials/missile_smoke_lit.ini): SetFloat(_Min, 1)
LoadMaterialFromFile(effects/weapons/materials/missile_smoke_lit.ini): SetFloat(_AdditivePass, 1)
LoadMaterialFromFile(effects/weapons/materials/missile_smoke_lit.ini): SetColor(_ColorLit, {*}BEBEBE80)
LoadMaterialFromFile(effects/weapons/materials/missile_smoke_lit.ini): SetColor(_ColorUnlit, {*}80808080)
LoadMaterialFromFile(effects/weapons/materials/missile_smoke_lit.ini): SetFloat(_minBright, 0.25)
LoadMaterialFromFile(effects/weapons/materials/missile_smoke_lit.ini): SetFloat(_Multiplier, 1)
LoadMaterialFromFile(effects/weapons/materials/missile_smoke_lit.ini): SetColor(_TintColor, {*}FFFFFF00)
LoadMaterialFromFile(effects/weapons/materials/missile_smoke_lit.ini): SetFloat(_IsUnderwater, 0)
LoadMaterialFromFile(effects/weapons/materials/missile_smoke_lit.ini): SetColor(_C1, {*}808080FF)
LoadMaterialFromFile(effects/weapons/materials/missile_smoke_lit.ini): SetColor(_C2, {*}808080FF)
LoadMaterialFromFile(effects/weapons/materials/missile_smoke_lit.ini): SetFloat(_FogFadeFactor, -0.5)
LoadMaterialFromFile(effects/weapons/materials/missile_smoke_lit.ini): SetFloat(_Cutoff, 0.5)
[WeaponLauncherEffects] [eu_mk41_quad] anchor ready: ContainerBase='eu_8-cell_mk41_base_quad_v4' (vessel ContainerBase, world (-841.6665, 0.0895, 168.9750)), container='AmmunitionParent' (world (-841.6715, 0.0395, 168.9828)), shipRoot='9-ran_ddg_hobart'.
[WeaponLauncherEffects] [eu_mk41] anchor ready: ContainerBase='eu_8-cell_mk41_base_v4' (vessel ContainerBase, world (-841.7125, 0.0895, 168.9750)), container='AmmunitionParent' (world (-841.7075, 0.0395, 168.9672)), shipRoot='9-ran_ddg_hobart'.
[WeaponLauncherEffects] [eu_mk41] anchor ready: ContainerBase='eu_8-cell_mk41_base_v4' (vessel ContainerBase, world (-841.6665, 0.0895, 168.9454)), container='AmmunitionParent' (world (-841.6715, 0.0395, 168.9532)), shipRoot='9-ran_ddg_hobart'.
[WeaponLauncherEffects] [eu_mk41] anchor ready: ContainerBase='eu_8-cell_mk41_base_v4' (vessel ContainerBase, world (-841.7125, 0.0895, 168.9454)), container='AmmunitionParent' (world (-841.7075, 0.0395, 168.9376)), shipRoot='9-ran_ddg_hobart'.
[WeaponLauncherEffects] [eu_mk41] anchor ready: ContainerBase='eu_8-cell_mk41_base_v4' (vessel ContainerBase, world (-841.6665, 0.0895, 168.9159)), container='AmmunitionParent' (world (-841.6715, 0.0395, 168.9237)), shipRoot='9-ran_ddg_hobart'.
[WeaponLauncherEffects] [eu_mk41] anchor ready: ContainerBase='eu_8-cell_mk41_base_v4' (vessel ContainerBase, world (-841.7125, 0.0895, 168.9159)), container='AmmunitionParent' (world (-841.7075, 0.0395, 168.9081)), shipRoot='9-ran_ddg_hobart'.
LoadMaterialFromFile(ships/wp_ssn_victor1/plan_ssn_093_mat.ini): SetColor(_Color, {*}808080ff)
LoadMaterialFromFile(ships/wp_ssn_victor1/plan_ssn_093_mat.ini): SetColor(_SpecColor, {*}ffffffff)
LoadMaterialFromFile(ships/wp_ssn_victor1/plan_ssn_093_mat.ini): SetFloat(_SpecInt, 1)
LoadMaterialFromFile(ships/wp_ssn_victor1/plan_ssn_093_mat.ini): SetFloat(_Shininess, 0.2)
LoadMaterialFromFile(ships/wp_ssn_victor1/plan_ssn_093_mat.ini): SetFloat(_Fresnel, 0.2)
LoadMaterialFromFile(ships/wp_ssn_victor1/plan_ss_039a_sail_mat.ini): SetColor(_Color, {*}808080ff)
LoadMaterialFromFile(ships/wp_ssn_victor1/plan_ss_039a_sail_mat.ini): SetColor(_SpecColor, {*}ffffffff)
LoadMaterialFromFile(ships/wp_ssn_victor1/plan_ss_039a_sail_mat.ini): SetFloat(_SpecInt, 1)
LoadMaterialFromFile(ships/wp_ssn_victor1/plan_ss_039a_sail_mat.ini): SetFloat(_Shininess, 0.2)
LoadMaterialFromFile(ships/wp_ssn_victor1/plan_ss_039a_sail_mat.ini): SetFloat(_Fresnel, 0.2)
LoadMaterialFromFile(ships/usn_ssn_los_angeles/usn_ssn_seawolf_other_mat.ini): SetColor(_Color, {*}808080ff)
LoadMaterialFromFile(ships/usn_ssn_los_angeles/usn_ssn_seawolf_other_mat.ini): SetColor(_SpecColor, {*}ffffffff)
LoadMaterialFromFile(ships/usn_ssn_los_angeles/usn_ssn_seawolf_other_mat.ini): SetFloat(_SpecInt, 1.0)
LoadMaterialFromFile(ships/usn_ssn_los_angeles/usn_ssn_seawolf_other_mat.ini): SetFloat(_Shininess, 2.5)
LoadMaterialFromFile(ships/usn_ssn_los_angeles/usn_ssn_seawolf_other_mat.ini): SetFloat(_Fresnel, 0.75)
LoadMaterialFromFile(ships/wp_ssn_victor1/plan_ssn_039_other_mat.ini): SetColor(_Color, {*}808080ff)
LoadMaterialFromFile(ships/wp_ssn_victor1/plan_ssn_039_other_mat.ini): SetColor(_SpecColor, {*}ffffffff)
LoadMaterialFromFile(ships/wp_ssn_victor1/plan_ssn_039_other_mat.ini): SetFloat(_SpecInt, 1)
LoadMaterialFromFile(ships/wp_ssn_victor1/plan_ssn_039_other_mat.ini): SetFloat(_Shininess, 0.2)
LoadMaterialFromFile(ships/wp_ssn_victor1/plan_ssn_039_other_mat.ini): SetFloat(_Fresnel, 0.2)
LoadMaterialFromFile(assets/europack/materials/usn_mk46/usn_mk54_mat.ini): SetColor(_Color, {*}808080ff)
LoadMaterialFromFile(assets/europack/materials/usn_mk46/usn_mk54_mat.ini): SetColor(_SpecColor, {*}ffffffff)
LoadMaterialFromFile(assets/europack/materials/usn_mk46/usn_mk54_mat.ini): SetFloat(_SpecInt, 1.0)
LoadMaterialFromFile(assets/europack/materials/usn_mk46/usn_mk54_mat.ini): SetFloat(_Shininess, 8.5)
LoadMaterialFromFile(assets/europack/materials/usn_mk46/usn_mk54_mat.ini): SetFloat(_Fresnel, 0.75)
[EnhancedUIMod] Attached to main HUD weapon list.
[EnhancedUIMod] Attached to main HUD weapon list.
[EnhancedUIMod] Attached to main HUD weapon list.
[EnhancedUIMod] Attached to main HUD weapon list.
SpawnPool Effects: aswtorpedo_cavitation_particle(Clone) not found in SpawnPool
[EnhancedUIMod] Attached to main HUD weapon list.
[EnhancedUIMod] Attached to main HUD weapon list.
[MissileControlMod] Configuration: usn_rim-162a; launch=True; TVC=False; effect definitions=1
SpawnPool Effects: aswtorpedo_cavitation_particle(Clone) not found in SpawnPool
[SATCOM] Stored a calculated intercept coordinate.
SpawnPool Effects: aswtorpedo_cavitation_particle(Clone) not found in SpawnPool
LoadMaterialFromFile(assets/europack/materials/usn_rgm-109/usn_rgm-109m_mat.ini): SetColor(_Color, {*}808080ff)
LoadMaterialFromFile(assets/europack/materials/usn_rgm-109/usn_rgm-109m_mat.ini): SetColor(_SpecColor, {*}ffffffff)
LoadMaterialFromFile(assets/europack/materials/usn_rgm-109/usn_rgm-109m_mat.ini): SetFloat(_SpecInt, 1.0)
LoadMaterialFromFile(assets/europack/materials/usn_rgm-109/usn_rgm-109m_mat.ini): SetFloat(_Shininess, 6.5)
LoadMaterialFromFile(assets/europack/materials/usn_rgm-109/usn_rgm-109m_mat.ini): SetFloat(_Fresnel, 0.75)
[SATCOM] Stored a calculated intercept coordinate.
Can not play a disabled audio source
Can not play a disabled audio source
Can not play a disabled audio source
Can not play a disabled audio source
SpawnPool Effects: aswtorpedo_cavitation_particle(Clone) not found in SpawnPool
Can not play a disabled audio source
Can not play a disabled audio source
Can not play a disabled audio source
Can not play a disabled audio source
Can not play a disabled audio source
Can not play a disabled audio source
Can not play a disabled audio source
Can not play a disabled audio source
Can not play a disabled audio source
[EnhancedUIMod] Attached to main HUD weapon list.
[EnhancedUIMod] Attached to main HUD weapon list.
[EnhancedUIMod] Attached to main HUD weapon list.
[EnhancedUIMod] Attached to main HUD weapon list.
[EnhancedUIMod] Attached to main HUD weapon list.
[AutomaticSAR] [1015] MH-60R 816 Squadron RAN: Automatic SAR started.
[AutomaticSAR] 1-usn_mh-60r assigned to life raft 69-all_life_raft.
[AutomaticSAR] 1-usn_mh-60r retried life raft 69-all_life_raft after 15 seconds without a pickup.
[AutomaticSAR] [1015] MH-60R 816 Squadron RAN: Automatic SAR complete: SAR capacity reached. Returning to base.
AbortLaunchFunc!
AllowLaunchFunc!
[AutomaticSAR] [1028] Tiger 1: Automatic SAR started.
[AutomaticSAR] 1-usn_mh-60r assigned to life raft 71-all_life_raft.
[AutomaticSAR] [1028] Tiger 1: Automatic SAR complete: SAR capacity reached. Returning to base.
AllowLaunchFunc!
1-usn_mh-60r recieving 1 waypoints from RecoveryPoint1
[AutomaticSAR] [1029] Ansar 1: Automatic SAR started.
[AutomaticSAR] 1-spa_sh-60b_block1 assigned to life raft 71-all_life_raft.
[AutomaticSAR] [1029] Ansar 1: Automatic SAR complete: SAR capacity reached. Returning to base.
1-spa_sh-60b_block1 recieving 1 waypoints from RecoveryPoint1
[EnhancedUIMod] Attached to main HUD weapon list.
AllowLaunchFunc!
[AutomaticSAR] [1011] DDG 39 HMAS Hobart: Automatic SAR started.
[AutomaticSAR][ROUTE-DIAG] 9-ran_ddg_hobart dispatch: selfDepth=95.1m requiredDepth=3.0m candidates=1
[AutomaticSAR][ROUTE-DIAG] 9-ran_ddg_hobart candidate 1-plan_ss_type_039c: targetDepth=649.9m distanceNm=22.56
[AutomaticSAR] 9-ran_ddg_hobart assigned to sunk vessel or submarine 1-plan_ss_type_039c on a direct safe route.
[AutomaticSAR] [1030] Tiger 1: Automatic SAR started.
[AutomaticSAR] 1-usn_mh-60r assigned to life raft 71-all_life_raft.
[AutomaticSAR] Automatic SAR cancelled for 9-ran_ddg_hobart.
AllowLaunchFunc!
[AutomaticSAR] [1031] Tiger 2: Automatic SAR started.
[AutomaticSAR] 1-usn_mh-60r assigned to life raft 69-all_life_raft.
[AutomaticSAR] [1032] Tiger 3: Automatic SAR started.
[AutomaticSAR] 2-usn_mh-60r assigned to life raft 70-all_life_raft.
[AutomaticSAR] [1030] Tiger 1: Automatic SAR complete: SAR capacity reached. Returning to base.
[AutomaticSAR] 1-usn_mh-60r assigned to life raft 71-all_life_raft.
[AutomaticSAR] [1031] Tiger 2: Automatic SAR complete: SAR capacity reached. Returning to base.
[EnhancedUIMod] Attached to main HUD weapon list.
[AutomaticSAR] [1032] Tiger 3: Automatic SAR complete: SAR capacity reached. Returning to base.
[EnhancedUIMod] Attached to main HUD weapon list.
1-usn_mh-60r recieving 1 waypoints from RecoveryPoint1
1-usn_mh-60r recieving 1 waypoints from RecoveryPoint1
2-usn_mh-60r recieving 1 waypoints from RecoveryPoint1
[EnhancedUIMod] Attached to main HUD weapon list.
1-usn_mh-60r recieving 1 waypoints from RecoveryPoint3
[3D WebView] [StandaloneWebView.TerminateBrowserProcess] Terminating the browser process.
Unloading 1 Unused Serialized files (Serialized files now loaded: 7)
Unloading 12914 unused Assets to reduce memory usage. Loaded Objects now: 18777.
Total: 360.376300 ms (FindLiveObjects: 2.052100 ms CreateObjectMapping: 1.284500 ms MarkObjects: 286.427300 ms  DeleteObjects: 70.612000 ms)

The referenced script on this Behaviour (Game Object 'InputManager') is missing!
Global logging level set to: <b>Info</b>
Noesis logging level set to: <b>Trace</b>
DontDestroyOnLoad only works for root GameObjects or components on root GameObjects.
[Singleton<SeaPower.TerrainManager>] There should never be more than one Singleton of type SeaPower.TerrainManager in the scene, but 2 were found. The first instance found will be used, and all others will be destroyed.
[Singleton<SeaPower.Environment>] There should never be more than one Singleton of type SeaPower.Environment in the scene, but 2 were found. The first instance found will be used, and all others will be destroyed.
[Singleton<SeaPower.FileManager>] There should never be more than one Singleton of type SeaPower.FileManager in the scene, but 2 were found. The first instance found will be used, and all others will be destroyed.
[Singleton<SeaPower.UnityLog>] There should never be more than one Singleton of type SeaPower.UnityLog in the scene, but 2 were found. The first instance found will be used, and all others will be destroyed.
Initialization Warning: Pool 'Effects' contains a PrefabPool with no prefab reference. Skipping.
Initialization Warning: Pool 'Effects' contains a PrefabPool with no prefab reference. Skipping.
Added pool 'Effects'
DontDestroyOnLoad only works for root GameObjects or components on root GameObjects.
Clearing persistant loadout data, 0 elements removed, 0 of which are unlaunched loadouts
LoadMaterialFromFile(Buildings/Liberty\Statueofliberty_mat.ini): SetColor(_Color, {*}808080ff)
LoadMaterialFromFile(Buildings/Liberty\Statueofliberty_mat.ini): SetColor(_SpecColor, {*}ffffffff)
LoadMaterialFromFile(Buildings/Liberty\Statueofliberty_mat.ini): SetFloat(_SpecInt, 1.0)
LoadMaterialFromFile(Buildings/Liberty\Statueofliberty_mat.ini): SetFloat(_Shininess, 6.5)
LoadMaterialFromFile(Buildings/Liberty\Statueofliberty_mat.ini): SetFloat(_Fresnel, 0.75)
FileManager.GetSearchDirectories() is skipping 3508978375 as itemState=k_EItemStateNone indicates the mod is not installed, or has a pending download.
FileManager.GetSearchDirectories() is skipping 3426791311 as itemState=k_EItemStateNone indicates the mod is not installed, or has a pending download.
FileManager.Directories contains Mods
Unloading 6 Unused Serialized files (Serialized files now loaded: 7)
Unloading 58 unused Assets to reduce memory usage. Loaded Objects now: 20980.
Total: 265.933300 ms (FindLiveObjects: 1.307200 ms CreateObjectMapping: 0.800100 ms MarkObjects: 263.308400 ms  DeleteObjects: 0.517300 ms)

Unloading 0 Unused Serialized files (Serialized files now loaded: 7)
Unloading 1 unused Assets to reduce memory usage. Loaded Objects now: 26317.
Total: 268.226700 ms (FindLiveObjects: 1.031100 ms CreateObjectMapping: 0.771400 ms MarkObjects: 266.371000 ms  DeleteObjects: 0.052700 ms)

Unloading 1 Unused Serialized files (Serialized files now loaded: 7)
Unloading 1 unused Assets to reduce memory usage. Loaded Objects now: 27136.
Total: 282.219600 ms (FindLiveObjects: 1.082100 ms CreateObjectMapping: 0.823800 ms MarkObjects: 280.249100 ms  DeleteObjects: 0.064100 ms)

Unloading 0 Unused Serialized files (Serialized files now loaded: 7)
Unloading 1 unused Assets to reduce memory usage. Loaded Objects now: 28362.
Total: 271.001400 ms (FindLiveObjects: 1.126900 ms CreateObjectMapping: 0.733300 ms MarkObjects: 269.067100 ms  DeleteObjects: 0.073800 ms)

Compressed GraphicsFormat RGBA Compressed DXT5|BC3 UNorm requires a texture size that is a multiple of 4
Compressed GraphicsFormat RGBA Compressed DXT5|BC3 UNorm requires a texture size that is a multiple of 4
LoadMaterialFromFile(effects/weapons/materials/solidrocket_white.ini): SetColor(_TintColor, {*}FFDBD0FF)
LoadMaterialFromFile(effects/weapons/materials/solidrocket_white.ini): SetFloat(_InvFade, 1)
LoadMaterialFromFile(effects/weapons/materials/missile_smoke_lit.ini): SetFloat(_Threshold, 1)
LoadMaterialFromFile(effects/weapons/materials/missile_smoke_lit.ini): SetFloat(_Min, 1)
LoadMaterialFromFile(effects/weapons/materials/missile_smoke_lit.ini): SetFloat(_AdditivePass, 1)
LoadMaterialFromFile(effects/weapons/materials/missile_smoke_lit.ini): SetColor(_ColorLit, {*}BEBEBE80)
LoadMaterialFromFile(effects/weapons/materials/missile_smoke_lit.ini): SetColor(_ColorUnlit, {*}80808080)
LoadMaterialFromFile(effects/weapons/materials/missile_smoke_lit.ini): SetFloat(_minBright, 0.25)
LoadMaterialFromFile(effects/weapons/materials/missile_smoke_lit.ini): SetFloat(_Multiplier, 1)
LoadMaterialFromFile(effects/weapons/materials/missile_smoke_lit.ini): SetColor(_TintColor, {*}FFFFFF00)
LoadMaterialFromFile(effects/weapons/materials/missile_smoke_lit.ini): SetFloat(_IsUnderwater, 0)
LoadMaterialFromFile(effects/weapons/materials/missile_smoke_lit.ini): SetColor(_C1, {*}808080FF)
LoadMaterialFromFile(effects/weapons/materials/missile_smoke_lit.ini): SetColor(_C2, {*}808080FF)
LoadMaterialFromFile(effects/weapons/materials/missile_smoke_lit.ini): SetFloat(_FogFadeFactor, -0.5)
LoadMaterialFromFile(effects/weapons/materials/missile_smoke_lit.ini): SetFloat(_Cutoff, 0.5)
[WeaponLauncherEffects] [eu_mk41_quad] anchor ready: ContainerBase='eu_8-cell_mk41_base_quad_v4' (vessel ContainerBase, world (-841.6665, 0.0895, 168.9750)), container='AmmunitionParent' (world (-841.6715, 0.0395, 168.9828)), shipRoot='9-ran_ddg_hobart'.
[WeaponLauncherEffects] [eu_mk41] anchor ready: ContainerBase='eu_8-cell_mk41_base_v4' (vessel ContainerBase, world (-841.7125, 0.0895, 168.9750)), container='AmmunitionParent' (world (-841.7075, 0.0395, 168.9672)), shipRoot='9-ran_ddg_hobart'.
[WeaponLauncherEffects] [eu_mk41] anchor ready: ContainerBase='eu_8-cell_mk41_base_v4' (vessel ContainerBase, world (-841.6665, 0.0895, 168.9454)), container='AmmunitionParent' (world (-841.6715, 0.0395, 168.9532)), shipRoot='9-ran_ddg_hobart'.
[WeaponLauncherEffects] [eu_mk41] anchor ready: ContainerBase='eu_8-cell_mk41_base_v4' (vessel ContainerBase, world (-841.7125, 0.0895, 168.9454)), container='AmmunitionParent' (world (-841.7075, 0.0395, 168.9376)), shipRoot='9-ran_ddg_hobart'.
[WeaponLauncherEffects] [eu_mk41] anchor ready: ContainerBase='eu_8-cell_mk41_base_v4' (vessel ContainerBase, world (-841.6665, 0.0895, 168.9159)), container='AmmunitionParent' (world (-841.6715, 0.0395, 168.9237)), shipRoot='9-ran_ddg_hobart'.
[WeaponLauncherEffects] [eu_mk41] anchor ready: ContainerBase='eu_8-cell_mk41_base_v4' (vessel ContainerBase, world (-841.7125, 0.0895, 168.9159)), container='AmmunitionParent' (world (-841.7075, 0.0395, 168.9081)), shipRoot='9-ran_ddg_hobart'.
LoadMaterialFromFile(ships/wp_ssn_victor1/plan_ssn_093_mat.ini): SetColor(_Color, {*}808080ff)
LoadMaterialFromFile(ships/wp_ssn_victor1/plan_ssn_093_mat.ini): SetColor(_SpecColor, {*}ffffffff)
LoadMaterialFromFile(ships/wp_ssn_victor1/plan_ssn_093_mat.ini): SetFloat(_SpecInt, 1)
LoadMaterialFromFile(ships/wp_ssn_victor1/plan_ssn_093_mat.ini): SetFloat(_Shininess, 0.2)
LoadMaterialFromFile(ships/wp_ssn_victor1/plan_ssn_093_mat.ini): SetFloat(_Fresnel, 0.2)
LoadMaterialFromFile(ships/wp_ssn_victor1/plan_ss_039a_sail_mat.ini): SetColor(_Color, {*}808080ff)
LoadMaterialFromFile(ships/wp_ssn_victor1/plan_ss_039a_sail_mat.ini): SetColor(_SpecColor, {*}ffffffff)
LoadMaterialFromFile(ships/wp_ssn_victor1/plan_ss_039a_sail_mat.ini): SetFloat(_SpecInt, 1)
LoadMaterialFromFile(ships/wp_ssn_victor1/plan_ss_039a_sail_mat.ini): SetFloat(_Shininess, 0.2)
LoadMaterialFromFile(ships/wp_ssn_victor1/plan_ss_039a_sail_mat.ini): SetFloat(_Fresnel, 0.2)
LoadMaterialFromFile(ships/usn_ssn_los_angeles/usn_ssn_seawolf_other_mat.ini): SetColor(_Color, {*}808080ff)
LoadMaterialFromFile(ships/usn_ssn_los_angeles/usn_ssn_seawolf_other_mat.ini): SetColor(_SpecColor, {*}ffffffff)
LoadMaterialFromFile(ships/usn_ssn_los_angeles/usn_ssn_seawolf_other_mat.ini): SetFloat(_SpecInt, 1.0)
LoadMaterialFromFile(ships/usn_ssn_los_angeles/usn_ssn_seawolf_other_mat.ini): SetFloat(_Shininess, 2.5)
LoadMaterialFromFile(ships/usn_ssn_los_angeles/usn_ssn_seawolf_other_mat.ini): SetFloat(_Fresnel, 0.75)
LoadMaterialFromFile(ships/wp_ssn_victor1/plan_ssn_039_other_mat.ini): SetColor(_Color, {*}808080ff)
LoadMaterialFromFile(ships/wp_ssn_victor1/plan_ssn_039_other_mat.ini): SetColor(_SpecColor, {*}ffffffff)
LoadMaterialFromFile(ships/wp_ssn_victor1/plan_ssn_039_other_mat.ini): SetFloat(_SpecInt, 1)
LoadMaterialFromFile(ships/wp_ssn_victor1/plan_ssn_039_other_mat.ini): SetFloat(_Shininess, 0.2)
LoadMaterialFromFile(ships/wp_ssn_victor1/plan_ssn_039_other_mat.ini): SetFloat(_Fresnel, 0.2)
LoadMaterialFromFile(assets/europack/materials/usn_mk46/usn_mk54_mat.ini): SetColor(_Color, {*}808080ff)
LoadMaterialFromFile(assets/europack/materials/usn_mk46/usn_mk54_mat.ini): SetColor(_SpecColor, {*}ffffffff)
LoadMaterialFromFile(assets/europack/materials/usn_mk46/usn_mk54_mat.ini): SetFloat(_SpecInt, 1.0)
LoadMaterialFromFile(assets/europack/materials/usn_mk46/usn_mk54_mat.ini): SetFloat(_Shininess, 8.5)
LoadMaterialFromFile(assets/europack/materials/usn_mk46/usn_mk54_mat.ini): SetFloat(_Fresnel, 0.75)
[EnhancedUIMod] Attached to main HUD weapon list.
AbortLaunchFunc!
AbortLaunchFunc!
[EnhancedUIMod] Attached to main HUD weapon list.
[EnhancedUIMod] Attached to main HUD weapon list.
AllowLaunchFunc!
AllowLaunchFunc!
[EnhancedUIMod] Attached to main HUD weapon list.
[EnhancedUIMod] Attached to main HUD weapon list.
[EnhancedUIMod] Attached to main HUD weapon list.
[EnhancedUIMod] Attached to main HUD weapon list.
[EnhancedUIMod] Attached to main HUD weapon list.
SpawnPool Effects: aswtorpedo_cavitation_particle(Clone) not found in SpawnPool
SpawnPool Effects: aswtorpedo_cavitation_particle(Clone) not found in SpawnPool
[EnhancedUIMod] Attached to main HUD weapon list.
[EnhancedUIMod] Attached to main HUD weapon list.
1-usn_mh-60r recieving 1 waypoints from RecoveryPoint1
1-usn_mh-60r recieving 1 waypoints from RecoveryPoint1
[EnhancedUIMod] Attached to main HUD weapon list.
SeaPower.LinearCampaign.InstanceExists() = True
[3D WebView] [StandaloneWebView.TerminateBrowserProcess] Terminating the browser process.
Unloading 1 Unused Serialized files (Serialized files now loaded: 7)
Unloading 13818 unused Assets to reduce memory usage. Loaded Objects now: 19110.
Total: 400.116200 ms (FindLiveObjects: 2.997500 ms CreateObjectMapping: 1.990300 ms MarkObjects: 318.468800 ms  DeleteObjects: 76.659100 ms)

FileManager.GetSearchDirectories() is skipping 3508978375 as itemState=k_EItemStateNone indicates the mod is not installed, or has a pending download.
FileManager.GetSearchDirectories() is skipping 3426791311 as itemState=k_EItemStateNone indicates the mod is not installed, or has a pending download.
FileManager.Directories contains Mods
FileManager.GetSearchDirectories() is skipping 3508978375 as itemState=k_EItemStateNone indicates the mod is not installed, or has a pending download.
FileManager.GetSearchDirectories() is skipping 3426791311 as itemState=k_EItemStateNone indicates the mod is not installed, or has a pending download.
FileManager.Directories contains Mods
FileManager.GetSearchDirectories() is skipping 3508978375 as itemState=k_EItemStateNone indicates the mod is not installed, or has a pending download.
FileManager.GetSearchDirectories() is skipping 3426791311 as itemState=k_EItemStateNone indicates the mod is not installed, or has a pending download.
FileManager.Directories contains Mods
FileManager.GetSearchDirectories() is skipping 3508978375 as itemState=k_EItemStateNone indicates the mod is not installed, or has a pending download.
FileManager.GetSearchDirectories() is skipping 3426791311 as itemState=k_EItemStateNone indicates the mod is not installed, or has a pending download.
FileManager.Directories contains Mods
FileManager.GetSearchDirectories() is skipping 3508978375 as itemState=k_EItemStateNone indicates the mod is not installed, or has a pending download.
FileManager.GetSearchDirectories() is skipping 3426791311 as itemState=k_EItemStateNone indicates the mod is not installed, or has a pending download.
FileManager.Directories contains Mods
FileManager.GetSearchDirectories() is skipping 3508978375 as itemState=k_EItemStateNone indicates the mod is not installed, or has a pending download.
FileManager.GetSearchDirectories() is skipping 3426791311 as itemState=k_EItemStateNone indicates the mod is not installed, or has a pending download.
FileManager.Directories contains Mods
The referenced script on this Behaviour (Game Object 'InputManager') is missing!
Global logging level set to: <b>Info</b>
Noesis logging level set to: <b>Trace</b>
DontDestroyOnLoad only works for root GameObjects or components on root GameObjects.
[Singleton<SeaPower.TerrainManager>] There should never be more than one Singleton of type SeaPower.TerrainManager in the scene, but 2 were found. The first instance found will be used, and all others will be destroyed.
[Singleton<SeaPower.Environment>] There should never be more than one Singleton of type SeaPower.Environment in the scene, but 2 were found. The first instance found will be used, and all others will be destroyed.
[Singleton<SeaPower.FileManager>] There should never be more than one Singleton of type SeaPower.FileManager in the scene, but 2 were found. The first instance found will be used, and all others will be destroyed.
[Singleton<SeaPower.UnityLog>] There should never be more than one Singleton of type SeaPower.UnityLog in the scene, but 2 were found. The first instance found will be used, and all others will be destroyed.
Initialization Warning: Pool 'Effects' contains a PrefabPool with no prefab reference. Skipping.
Initialization Warning: Pool 'Effects' contains a PrefabPool with no prefab reference. Skipping.
Added pool 'Effects'
DontDestroyOnLoad only works for root GameObjects or components on root GameObjects.
Clearing persistant loadout data, 0 elements removed, 0 of which are unlaunched loadouts
FileManager.GetSearchDirectories() is skipping 3508978375 as itemState=k_EItemStateNone indicates the mod is not installed, or has a pending download.
FileManager.GetSearchDirectories() is skipping 3426791311 as itemState=k_EItemStateNone indicates the mod is not installed, or has a pending download.
FileManager.Directories contains Mods
Unloading 6 Unused Serialized files (Serialized files now loaded: 7)
Unloading 74 unused Assets to reduce memory usage. Loaded Objects now: 21236.
Total: 300.090500 ms (FindLiveObjects: 1.800100 ms CreateObjectMapping: 0.647100 ms MarkObjects: 296.982500 ms  DeleteObjects: 0.660500 ms)

Unloading 0 Unused Serialized files (Serialized files now loaded: 7)
Unloading 2 unused Assets to reduce memory usage. Loaded Objects now: 26436.
Total: 280.126000 ms (FindLiveObjects: 1.292700 ms CreateObjectMapping: 1.176600 ms MarkObjects: 277.574200 ms  DeleteObjects: 0.082000 ms)

Unloading 1 Unused Serialized files (Serialized files now loaded: 7)
Compressed GraphicsFormat RGBA Compressed DXT5|BC3 UNorm requires a texture size that is a multiple of 4
Compressed GraphicsFormat RGBA Compressed DXT5|BC3 UNorm requires a texture size that is a multiple of 4
LoadMaterialFromFile(effects/weapons/materials/solidrocket_white.ini): SetColor(_TintColor, {*}FFDBD0FF)
LoadMaterialFromFile(effects/weapons/materials/solidrocket_white.ini): SetFloat(_InvFade, 1)
LoadMaterialFromFile(effects/weapons/materials/missile_smoke_lit.ini): SetFloat(_Threshold, 1)
LoadMaterialFromFile(effects/weapons/materials/missile_smoke_lit.ini): SetFloat(_Min, 1)
LoadMaterialFromFile(effects/weapons/materials/missile_smoke_lit.ini): SetFloat(_AdditivePass, 1)
LoadMaterialFromFile(effects/weapons/materials/missile_smoke_lit.ini): SetColor(_ColorLit, {*}BEBEBE80)
LoadMaterialFromFile(effects/weapons/materials/missile_smoke_lit.ini): SetColor(_ColorUnlit, {*}80808080)
LoadMaterialFromFile(effects/weapons/materials/missile_smoke_lit.ini): SetFloat(_minBright, 0.25)
LoadMaterialFromFile(effects/weapons/materials/missile_smoke_lit.ini): SetFloat(_Multiplier, 1)
LoadMaterialFromFile(effects/weapons/materials/missile_smoke_lit.ini): SetColor(_TintColor, {*}FFFFFF00)
LoadMaterialFromFile(effects/weapons/materials/missile_smoke_lit.ini): SetFloat(_IsUnderwater, 0)
LoadMaterialFromFile(effects/weapons/materials/missile_smoke_lit.ini): SetColor(_C1, {*}808080FF)
LoadMaterialFromFile(effects/weapons/materials/missile_smoke_lit.ini): SetColor(_C2, {*}808080FF)
LoadMaterialFromFile(effects/weapons/materials/missile_smoke_lit.ini): SetFloat(_FogFadeFactor, -0.5)
LoadMaterialFromFile(effects/weapons/materials/missile_smoke_lit.ini): SetFloat(_Cutoff, 0.5)
Unloading 6 unused Assets to reduce memory usage. Loaded Objects now: 29068.
Total: 291.343000 ms (FindLiveObjects: 1.678300 ms CreateObjectMapping: 0.771500 ms MarkObjects: 288.812700 ms  DeleteObjects: 0.079900 ms)

Unloading 1 Unused Serialized files (Serialized files now loaded: 7)
[WeaponLauncherEffects] [eu_mk41_quad] anchor ready: ContainerBase='eu_8-cell_mk41_base_quad_v4' (vessel ContainerBase, world (289.9246, 0.0895, -156.4933)), container='AmmunitionParent' (world (289.9196, 0.0395, -156.4855)), shipRoot='3-ran_ddg_hobart'.
[WeaponLauncherEffects] [eu_mk41] anchor ready: ContainerBase='eu_8-cell_mk41_base_v4' (vessel ContainerBase, world (289.8786, 0.0895, -156.4933)), container='AmmunitionParent' (world (289.8836, 0.0395, -156.5011)), shipRoot='3-ran_ddg_hobart'.
[WeaponLauncherEffects] [eu_mk41] anchor ready: ContainerBase='eu_8-cell_mk41_base_v4' (vessel ContainerBase, world (289.9246, 0.0895, -156.5229)), container='AmmunitionParent' (world (289.9196, 0.0395, -156.5151)), shipRoot='3-ran_ddg_hobart'.
[WeaponLauncherEffects] [eu_mk41] anchor ready: ContainerBase='eu_8-cell_mk41_base_v4' (vessel ContainerBase, world (289.8786, 0.0895, -156.5229)), container='AmmunitionParent' (world (289.8836, 0.0395, -156.5307)), shipRoot='3-ran_ddg_hobart'.
[WeaponLauncherEffects] [eu_mk41] anchor ready: ContainerBase='eu_8-cell_mk41_base_v4' (vessel ContainerBase, world (289.9246, 0.0895, -156.5524)), container='AmmunitionParent' (world (289.9196, 0.0395, -156.5446)), shipRoot='3-ran_ddg_hobart'.
[WeaponLauncherEffects] [eu_mk41] anchor ready: ContainerBase='eu_8-cell_mk41_base_v4' (vessel ContainerBase, world (289.8786, 0.0895, -156.5524)), container='AmmunitionParent' (world (289.8836, 0.0395, -156.5602)), shipRoot='3-ran_ddg_hobart'.
Unloading 9 unused Assets to reduce memory usage. Loaded Objects now: 32135.
Total: 289.103000 ms (FindLiveObjects: 1.315100 ms CreateObjectMapping: 0.849500 ms MarkObjects: 286.862300 ms  DeleteObjects: 0.075700 ms)

LoadMaterialFromFile(ships/wp_ssn_victor1/plan_ssn_093_mat.ini): SetColor(_Color, {*}808080ff)
LoadMaterialFromFile(ships/wp_ssn_victor1/plan_ssn_093_mat.ini): SetColor(_SpecColor, {*}ffffffff)
LoadMaterialFromFile(ships/wp_ssn_victor1/plan_ssn_093_mat.ini): SetFloat(_SpecInt, 1)
LoadMaterialFromFile(ships/wp_ssn_victor1/plan_ssn_093_mat.ini): SetFloat(_Shininess, 0.2)
LoadMaterialFromFile(ships/wp_ssn_victor1/plan_ssn_093_mat.ini): SetFloat(_Fresnel, 0.2)
LoadMaterialFromFile(ships/wp_ssn_victor1/plan_ss_039a_sail_mat.ini): SetColor(_Color, {*}808080ff)
LoadMaterialFromFile(ships/wp_ssn_victor1/plan_ss_039a_sail_mat.ini): SetColor(_SpecColor, {*}ffffffff)
LoadMaterialFromFile(ships/wp_ssn_victor1/plan_ss_039a_sail_mat.ini): SetFloat(_SpecInt, 1)
LoadMaterialFromFile(ships/wp_ssn_victor1/plan_ss_039a_sail_mat.ini): SetFloat(_Shininess, 0.2)
LoadMaterialFromFile(ships/wp_ssn_victor1/plan_ss_039a_sail_mat.ini): SetFloat(_Fresnel, 0.2)
LoadMaterialFromFile(ships/usn_ssn_los_angeles/usn_ssn_seawolf_other_mat.ini): SetColor(_Color, {*}808080ff)
LoadMaterialFromFile(ships/usn_ssn_los_angeles/usn_ssn_seawolf_other_mat.ini): SetColor(_SpecColor, {*}ffffffff)
LoadMaterialFromFile(ships/usn_ssn_los_angeles/usn_ssn_seawolf_other_mat.ini): SetFloat(_SpecInt, 1.0)
LoadMaterialFromFile(ships/usn_ssn_los_angeles/usn_ssn_seawolf_other_mat.ini): SetFloat(_Shininess, 2.5)
LoadMaterialFromFile(ships/usn_ssn_los_angeles/usn_ssn_seawolf_other_mat.ini): SetFloat(_Fresnel, 0.75)
LoadMaterialFromFile(ships/wp_ssn_victor1/plan_ssn_039_other_mat.ini): SetColor(_Color, {*}808080ff)
LoadMaterialFromFile(ships/wp_ssn_victor1/plan_ssn_039_other_mat.ini): SetColor(_SpecColor, {*}ffffffff)
LoadMaterialFromFile(ships/wp_ssn_victor1/plan_ssn_039_other_mat.ini): SetFloat(_SpecInt, 1)
LoadMaterialFromFile(ships/wp_ssn_victor1/plan_ssn_039_other_mat.ini): SetFloat(_Shininess, 0.2)
LoadMaterialFromFile(ships/wp_ssn_victor1/plan_ssn_039_other_mat.ini): SetFloat(_Fresnel, 0.2)
LoadMaterialFromFile(assets/europack/materials/usn_mk46/usn_mk54_mat.ini): SetColor(_Color, {*}808080ff)
LoadMaterialFromFile(assets/europack/materials/usn_mk46/usn_mk54_mat.ini): SetColor(_SpecColor, {*}ffffffff)
LoadMaterialFromFile(assets/europack/materials/usn_mk46/usn_mk54_mat.ini): SetFloat(_SpecInt, 1.0)
LoadMaterialFromFile(assets/europack/materials/usn_mk46/usn_mk54_mat.ini): SetFloat(_Shininess, 8.5)
LoadMaterialFromFile(assets/europack/materials/usn_mk46/usn_mk54_mat.ini): SetFloat(_Fresnel, 0.75)
[EnhancedUIMod] Attached to main HUD weapon list.
AbortLaunchFunc!
AllowLaunchFunc!
[EnhancedUIMod] Attached to main HUD weapon list.
[AutomaticSAR] [1004] MH-60R 816 Squadron RAN: Automatic SAR was not started: no active distress beacons found.
LoadMaterialFromFile(weapons/usn_mk48/pla_yu-6_mat.ini): SetColor(_Color, {*}808080ff)
LoadMaterialFromFile(weapons/usn_mk48/pla_yu-6_mat.ini): SetColor(_SpecColor, {*}ffffffff)
LoadMaterialFromFile(weapons/usn_mk48/pla_yu-6_mat.ini): SetFloat(_SpecInt, 1.0)
LoadMaterialFromFile(weapons/usn_mk48/pla_yu-6_mat.ini): SetFloat(_Shininess, 8.5)
LoadMaterialFromFile(weapons/usn_mk48/pla_yu-6_mat.ini): SetFloat(_Fresnel, 0.75)
[EnhancedUIMod] Attached to main HUD weapon list.
[EnhancedUIMod] Attached to main HUD weapon list.
[EnhancedUIMod] Attached to main HUD weapon list.
[EnhancedUIMod] Attached to main HUD weapon list.
[EnhancedUIMod] Attached to main HUD weapon list.
SpawnPool Effects: aswtorpedo_cavitation_particle(Clone) not found in SpawnPool
[EnhancedUIMod] Attached to main HUD weapon list.
[EnhancedDecoyMod] Chaff ammunition group launched: usn_mk182_chaff, range(nm)=4
[EnhancedDecoyMod] Chaff ammunition group launched: usn_mk182_chaff, range(nm)=4
SpawnPool Effects: aswtorpedo_cavitation_particle(Clone) not found in SpawnPool
[EnhancedUIMod] Attached to main HUD weapon list.
Can not play a disabled audio source
SpawnPool Effects: aswtorpedo_cavitation_particle(Clone) not found in SpawnPool
Can not play a disabled audio source
[MissileControlMod] Configuration: usn_rim-162a; launch=True; TVC=False; effect definitions=1
[MissileControlMod] Configuration: usn_rim-162h; launch=True; TVC=False; effect definitions=1
Can not play a disabled audio source
SpawnPool Effects: aswtorpedo_cavitation_particle(Clone) not found in SpawnPool
Can not play a disabled audio source
Can not play a disabled audio source
Can not play a disabled audio source
Can not play a disabled audio source
Can not play a disabled audio source
Can not play a disabled audio source
Can not play a disabled audio source
Can not play a disabled audio source
Can not play a disabled audio source
[EnhancedUIMod] Attached to main HUD weapon list.
[EnhancedUIMod] Attached to main HUD weapon list.
Can not play a disabled audio source
Can not play a disabled audio source
Can not play a disabled audio source
Can not play a disabled audio source
Can not play a disabled audio source
Can not play a disabled audio source
Can not play a disabled audio source
Can not play a disabled audio source
Can not play a disabled audio source
Can not play a disabled audio source
Can not play a disabled audio source
Can not play a disabled audio source
Can not play a disabled audio source
Can not play a disabled audio source
Can not play a disabled audio source
Can not play a disabled audio source
Can not play a disabled audio source
Can not play a disabled audio source
Can not play a disabled audio source
Can not play a disabled audio source
Can not play a disabled audio source
Can not play a disabled audio source
Can not play a disabled audio source
Can not play a disabled audio source
Can not play a disabled audio source
Can not play a disabled audio source
Can not play a disabled audio source
Can not play a disabled audio source
Can not play a disabled audio source
Can not play a disabled audio source
Can not play a disabled audio source
Can not play a disabled audio source
Can not play a disabled audio source
Can not play a disabled audio source
Can not play a disabled audio source
Can not play a disabled audio source
Can not play a disabled audio source
Can not play a disabled audio source
Can not play a disabled audio source
Can not play a disabled audio source
Can not play a disabled audio source
Can not play a disabled audio source
Can not play a disabled audio source
Can not play a disabled audio source
Can not play a disabled audio source
Can not play a disabled audio source
Can not play a disabled audio source
Can not play a disabled audio source
Can not play a disabled audio source
Can not play a disabled audio source
Can not play a disabled audio source
Can not play a disabled audio source
Can not play a disabled audio source
Can not play a disabled audio source
Can not play a disabled audio source
Can not play a disabled audio source
Can not play a disabled audio source
Can not play a disabled audio source
Can not play a disabled audio source
Can not play a disabled audio source
Can not play a disabled audio source
Can not play a disabled audio source
Can not play a disabled audio source
Can not play a disabled audio source
Can not play a disabled audio source
Can not play a disabled audio source
Can not play a disabled audio source
Can not play a disabled audio source
Can not play a disabled audio source
Can not play a disabled audio source
Can not play a disabled audio source
Can not play a disabled audio source
Can not play a disabled audio source
Can not play a disabled audio source
Can not play a disabled audio source
Can not play a disabled audio source
Can not play a disabled audio source
Can not play a disabled audio source
Can not play a disabled audio source
Can not play a disabled audio source
Can not play a disabled audio source
Can not play a disabled audio source
Can not play a disabled audio source
[EnhancedUIMod] Attached to main HUD weapon list.
Can not play a disabled audio source
Can not play a disabled audio source
Can not play a disabled audio source
Can not play a disabled audio source
Can not play a disabled audio source
Can not play a disabled audio source
Can not play a disabled audio source
Can not play a disabled audio source
Can not play a disabled audio source
Can not play a disabled audio source
Can not play a disabled audio source
Can not play a disabled audio source
Can not play a disabled audio source
Can not play a disabled audio source
Can not play a disabled audio source
Can not play a disabled audio source
Can not play a disabled audio source
Can not play a disabled audio source
Can not play a disabled audio source
Can not play a disabled audio source
Can not play a disabled audio source
Can not play a disabled audio source
Can not play a disabled audio source
Can not play a disabled audio source
Can not play a disabled audio source
Can not play a disabled audio source
Can not play a disabled audio source
Can not play a disabled audio source
Can not play a disabled audio source
Can not play a disabled audio source
Can not play a disabled audio source
Can not play a disabled audio source
Can not play a disabled audio source
Can not play a disabled audio source
Can not play a disabled audio source
Can not play a disabled audio source
Can not play a disabled audio source
Can not play a disabled audio source
Can not play a disabled audio source
Can not play a disabled audio source
Can not play a disabled audio source
Can not play a disabled audio source
Can not play a disabled audio source
Can not play a disabled audio source
Can not play a disabled audio source
Can not play a disabled audio source
Can not play a disabled audio source
Can not play a disabled audio source
Can not play a disabled audio source
Can not play a disabled audio source
Can not play a disabled audio source
Can not play a disabled audio source
Can not play a disabled audio source
Can not play a disabled audio source
Can not play a disabled audio source
Can not play a disabled audio source
Can not play a disabled audio source
Can not play a disabled audio source
Can not play a disabled audio source
Can not play a disabled audio source
Can not play a disabled audio source
Can not play a disabled audio source
Can not play a disabled audio source
Can not play a disabled audio source
Can not play a disabled audio source
Can not play a disabled audio source
Can not play a disabled audio source
Can not play a disabled audio source
Can not play a disabled audio source
Can not play a disabled audio source
Can not play a disabled audio source
Can not play a disabled audio source
Can not play a disabled audio source
Can not play a disabled audio source
Can not play a disabled audio source
Can not play a disabled audio source
Can not play a disabled audio source
Can not play a disabled audio source
Can not play a disabled audio source
Can not play a disabled audio source
Can not play a disabled audio source
Can not play a disabled audio source
Can not play a disabled audio source
Can not play a disabled audio source
Can not play a disabled audio source
Can not play a disabled audio source
Can not play a disabled audio source
Can not play a disabled audio source
Can not play a disabled audio source
Can not play a disabled audio source
Can not play a disabled audio source
Can not play a disabled audio source
Can not play a disabled audio source
Can not play a disabled audio source
Can not play a disabled audio source
Can not play a disabled audio source
Can not play a disabled audio source
Can not play a disabled audio source
Can not play a disabled audio source
Can not play a disabled audio source
Can not play a disabled audio source
Can not play a disabled audio source
Can not play a disabled audio source
Can not play a disabled audio source
Can not play a disabled audio source
Can not play a disabled audio source
Can not play a disabled audio source
Can not play a disabled audio source
Can not play a disabled audio source
Can not play a disabled audio source
Can not play a disabled audio source
Can not play a disabled audio source
Can not play a disabled audio source
Can not play a disabled audio source
Can not play a disabled audio source
Can not play a disabled audio source
Can not play a disabled audio source
Can not play a disabled audio source
Can not play a disabled audio source
Can not play a disabled audio source
Can not play a disabled audio source
Can not play a disabled audio source
Can not play a disabled audio source
Can not play a disabled audio source
Can not play a disabled audio source
Can not play a disabled audio source
Can not play a disabled audio source
Can not play a disabled audio source
Can not play a disabled audio source
Can not play a disabled audio source
Can not play a disabled audio source
Can not play a disabled audio source
Can not play a disabled audio source
Can not play a disabled audio source
Can not play a disabled audio source
Can not play a disabled audio source
Can not play a disabled audio source
Can not play a disabled audio source
Can not play a disabled audio source
Can not play a disabled audio source
Can not play a disabled audio source
Can not play a disabled audio source
Can not play a disabled audio source
Can not play a disabled audio source
Can not play a disabled audio source
Can not play a disabled audio source
Can not play a disabled audio source
Can not play a disabled audio source
Can not play a disabled audio source
Can not play a disabled audio source
Can not play a disabled audio source
Can not play a disabled audio source
Can not play a disabled audio source
Can not play a disabled audio source
Can not play a disabled audio source
Can not play a disabled audio source
Can not play a disabled audio source
Can not play a disabled audio source
Can not play a disabled audio source
Can not play a disabled audio source
Can not play a disabled audio source
Can not play a disabled audio source
Can not play a disabled audio source
Can not play a disabled audio source
Can not play a disabled audio source
Can not play a disabled audio source
Can not play a disabled audio source
Can not play a disabled audio source
Can not play a disabled audio source
Can not play a disabled audio source
Can not play a disabled audio source
Can not play a disabled audio source
Can not play a disabled audio source
Can not play a disabled audio source
Can not play a disabled audio source
Can not play a disabled audio source
Can not play a disabled audio source
Can not play a disabled audio source
Can not play a disabled audio source
Can not play a disabled audio source
Can not play a disabled audio source
Can not play a disabled audio source
Can not play a disabled audio source
Can not play a disabled audio source
Can not play a disabled audio source
Can not play a disabled audio source
Can not play a disabled audio source
Can not play a disabled audio source
Can not play a disabled audio source
Can not play a disabled audio source
Can not play a disabled audio source
Can not play a disabled audio source
Can not play a disabled audio source
Can not play a disabled audio source
Can not play a disabled audio source
Can not play a disabled audio source
Can not play a disabled audio source
Can not play a disabled audio source
Can not play a disabled audio source
Can not play a disabled audio source
Can not play a disabled audio source
Can not play a disabled audio source
Can not play a disabled audio source
Can not play a disabled audio source
Can not play a disabled audio source
Can not play a disabled audio source
Can not play a disabled audio source
Can not play a disabled audio source
Can not play a disabled audio source
Can not play a disabled audio source
Can not play a disabled audio source
Can not play a disabled audio source
Can not play a disabled audio source
Can not play a disabled audio source
Can not play a disabled audio source
Can not play a disabled audio source
Can not play a disabled audio source
Can not play a disabled audio source
Can not play a disabled audio source
Can not play a disabled audio source
Can not play a disabled audio source
Can not play a disabled audio source
Can not play a disabled audio source
Can not play a disabled audio source
Can not play a disabled audio source
Can not play a disabled audio source
Can not play a disabled audio source
Can not play a disabled audio source
Can not play a disabled audio source
Can not play a disabled audio source
Can not play a disabled audio source
Can not play a disabled audio source
Can not play a disabled audio source
Can not play a disabled audio source
Can not play a disabled audio source
Can not play a disabled audio source
Can not play a disabled audio source
Can not play a disabled audio source
Can not play a disabled audio source
Can not play a disabled audio source
Can not play a disabled audio source
Can not play a disabled audio source
Can not play a disabled audio source
Can not play a disabled audio source
Can not play a disabled audio source
Can not play a disabled audio source
Can not play a disabled audio source
Can not play a disabled audio source
Can not play a disabled audio source
Can not play a disabled audio source
Can not play a disabled audio source
Can not play a disabled audio source
Can not play a disabled audio source
Can not play a disabled audio source
Can not play a disabled audio source
Can not play a disabled audio source
Can not play a disabled audio source
Can not play a disabled audio source
Can not play a disabled audio source
Can not play a disabled audio source
Can not play a disabled audio source
Can not play a disabled audio source
Can not play a disabled audio source
Can not play a disabled audio source
Can not play a disabled audio source
Can not play a disabled audio source
Can not play a disabled audio source
Can not play a disabled audio source
Can not play a disabled audio source
Can not play a disabled audio source
Can not play a disabled audio source
Can not play a disabled audio source
Can not play a disabled audio source
Can not play a disabled audio source
Can not play a disabled audio source
Can not play a disabled audio source
Can not play a disabled audio source
Can not play a disabled audio source
Can not play a disabled audio source
Can not play a disabled audio source
Can not play a disabled audio source
Can not play a disabled audio source
Can not play a disabled audio source
Can not play a disabled audio source
Can not play a disabled audio source
Can not play a disabled audio source
Can not play a disabled audio source
Can not play a disabled audio source
Can not play a disabled audio source
Can not play a disabled audio source
Can not play a disabled audio source
Can not play a disabled audio source
Can not play a disabled audio source
Can not play a disabled audio source
Can not play a disabled audio source
Can not play a disabled audio source
Can not play a disabled audio source
Can not play a disabled audio source
Can not play a disabled audio source
Can not play a disabled audio source
Can not play a disabled audio source
Can not play a disabled audio source
Can not play a disabled audio source
Can not play a disabled audio source
Can not play a disabled audio source
Can not play a disabled audio source
Can not play a disabled audio source
Can not play a disabled audio source
Can not play a disabled audio source
Can not play a disabled audio source
Can not play a disabled audio source
Can not play a disabled audio source
Can not play a disabled audio source
Can not play a disabled audio source
Can not play a disabled audio source
Can not play a disabled audio source
Can not play a disabled audio source
Can not play a disabled audio source
SpawnPool Effects: aswtorpedo_cavitation_particle(Clone) not found in SpawnPool
Can not play a disabled audio source
Can not play a disabled audio source
Can not play a disabled audio source
Can not play a disabled audio source
Can not play a disabled audio source
Can not play a disabled audio source
Can not play a disabled audio source
Can not play a disabled audio source
Can not play a disabled audio source
Can not play a disabled audio source
Can not play a disabled audio source
Can not play a disabled audio source
Can not play a disabled audio source
Can not play a disabled audio source
Can not play a disabled audio source
Can not play a disabled audio source
Can not play a disabled audio source
Can not play a disabled audio source
Can not play a disabled audio source
Can not play a disabled audio source
Can not play a disabled audio source
Can not play a disabled audio source
Can not play a disabled audio source
Can not play a disabled audio source
Can not play a disabled audio source
Can not play a disabled audio source
Can not play a disabled audio source
Can not play a disabled audio source
Can not play a disabled audio source
Can not play a disabled audio source
Can not play a disabled audio source
Can not play a disabled audio source
Can not play a disabled audio source
Can not play a disabled audio source
Can not play a disabled audio source
Can not play a disabled audio source
Can not play a disabled audio source
Can not play a disabled audio source
Can not play a disabled audio source
Can not play a disabled audio source
Can not play a disabled audio source
Can not play a disabled audio source
Can not play a disabled audio source
Can not play a disabled audio source
Can not play a disabled audio source
Can not play a disabled audio source
Can not play a disabled audio source
Can not play a disabled audio source
Can not play a disabled audio source
Can not play a disabled audio source
Can not play a disabled audio source
Can not play a disabled audio source
Can not play a disabled audio source
Can not play a disabled audio source
Can not play a disabled audio source
Can not play a disabled audio source
Can not play a disabled audio source
Can not play a disabled audio source
Can not play a disabled audio source
Can not play a disabled audio source
Can not play a disabled audio source
Can not play a disabled audio source
Can not play a disabled audio source
Can not play a disabled audio source
Can not play a disabled audio source
Can not play a disabled audio source
Can not play a disabled audio source
Can not play a disabled audio source
Can not play a disabled audio source
Can not play a disabled audio source
Can not play a disabled audio source
Can not play a disabled audio source
Can not play a disabled audio source
Can not play a disabled audio source
Can not play a disabled audio source
Can not play a disabled audio source
Can not play a disabled audio source
Can not play a disabled audio source
Can not play a disabled audio source
Can not play a disabled audio source
Can not play a disabled audio source
Can not play a disabled audio source
Can not play a disabled audio source
Can not play a disabled audio source
Can not play a disabled audio source
Can not play a disabled audio source
Can not play a disabled audio source
Can not play a disabled audio source
Can not play a disabled audio source
Can not play a disabled audio source
Can not play a disabled audio source
Can not play a disabled audio source
Can not play a disabled audio source
Can not play a disabled audio source
Can not play a disabled audio source
Can not play a disabled audio source
Can not play a disabled audio source
Can not play a disabled audio source
Can not play a disabled audio source
Can not play a disabled audio source
Can not play a disabled audio source
Can not play a disabled audio source
Can not play a disabled audio source
Can not play a disabled audio source
Can not play a disabled audio source
Can not play a disabled audio source
Can not play a disabled audio source
Can not play a disabled audio source
Can not play a disabled audio source
Can not play a disabled audio source
Can not play a disabled audio source
Can not play a disabled audio source
Can not play a disabled audio source
Can not play a disabled audio source
Can not play a disabled audio source
Can not play a disabled audio source
Can not play a disabled audio source
Can not play a disabled audio source
Can not play a disabled audio source
Can not play a disabled audio source
Can not play a disabled audio source
Can not play a disabled audio source
Can not play a disabled audio source
Can not play a disabled audio source
Can not play a disabled audio source
Can not play a disabled audio source
Can not play a disabled audio source
Can not play a disabled audio source
Can not play a disabled audio source
Can not play a disabled audio source
Can not play a disabled audio source
Can not play a disabled audio source
Can not play a disabled audio source
Can not play a disabled audio source
Can not play a disabled audio source
Can not play a disabled audio source
Can not play a disabled audio source
Can not play a disabled audio source
Can not play a disabled audio source
Can not play a disabled audio source
Can not play a disabled audio source
Can not play a disabled audio source
Can not play a disabled audio source
Can not play a disabled audio source
Can not play a disabled audio source
Can not play a disabled audio source
Can not play a disabled audio source
Can not play a disabled audio source
Can not play a disabled audio source
Can not play a disabled audio source
Can not play a disabled audio source
Can not play a disabled audio source
Can not play a disabled audio source
Can not play a disabled audio source
Can not play a disabled audio source
Can not play a disabled audio source
Can not play a disabled audio source
Can not play a disabled audio source
Can not play a disabled audio source
Can not play a disabled audio source
Can not play a disabled audio source
Can not play a disabled audio source
Can not play a disabled audio source
Can not play a disabled audio source
Can not play a disabled audio source
Can not play a disabled audio source
Can not play a disabled audio source
Can not play a disabled audio source
Can not play a disabled audio source
Can not play a disabled audio source
Can not play a disabled audio source
Can not play a disabled audio source
Can not play a disabled audio source
Can not play a disabled audio source
Can not play a disabled audio source
Can not play a disabled audio source
Can not play a disabled audio source
Can not play a disabled audio source
Can not play a disabled audio source
Can not play a disabled audio source
Can not play a disabled audio source
Can not play a disabled audio source
Can not play a disabled audio source
Can not play a disabled audio source
Can not play a disabled audio source
Can not play a disabled audio source
Can not play a disabled audio source
Can not play a disabled audio source
Can not play a disabled audio source
Can not play a disabled audio source
Can not play a disabled audio source
Can not play a disabled audio source
Can not play a disabled audio source
Can not play a disabled audio source
Can not play a disabled audio source
Can not play a disabled audio source
Can not play a disabled audio source
Can not play a disabled audio source
Can not play a disabled audio source
Can not play a disabled audio source
Can not play a disabled audio source
Can not play a disabled audio source
Can not play a disabled audio source
Can not play a disabled audio source
Can not play a disabled audio source
Can not play a disabled audio source
Can not play a disabled audio source
Can not play a disabled audio source
Can not play a disabled audio source
Can not play a disabled audio source
Can not play a disabled audio source
Can not play a disabled audio source
Can not play a disabled audio source
Can not play a disabled audio source
Can not play a disabled audio source
Can not play a disabled audio source
Can not play a disabled audio source
Can not play a disabled audio source
Can not play a disabled audio source
Can not play a disabled audio source
Can not play a disabled audio source
Can not play a disabled audio source
Can not play a disabled audio source
Can not play a disabled audio source
Can not play a disabled audio source
Can not play a disabled audio source
Can not play a disabled audio source
Can not play a disabled audio source
Can not play a disabled audio source
Can not play a disabled audio source
Can not play a disabled audio source
Can not play a disabled audio source
Can not play a disabled audio source
Can not play a disabled audio source
Can not play a disabled audio source
Can not play a disabled audio source
Can not play a disabled audio source
Can not play a disabled audio source
Can not play a disabled audio source
Can not play a disabled audio source
Can not play a disabled audio source
Can not play a disabled audio source
Can not play a disabled audio source
Can not play a disabled audio source
Can not play a disabled audio source
Can not play a disabled audio source
Can not play a disabled audio source
Can not play a disabled audio source
Can not play a disabled audio source
Can not play a disabled audio source
Can not play a disabled audio source
Can not play a disabled audio source
Can not play a disabled audio source
Can not play a disabled audio source
Can not play a disabled audio source
Can not play a disabled audio source
Can not play a disabled audio source
Can not play a disabled audio source
Can not play a disabled audio source
Can not play a disabled audio source
Can not play a disabled audio source
Can not play a disabled audio source
Can not play a disabled audio source
Can not play a disabled audio source
Can not play a disabled audio source
Can not play a disabled audio source
Can not play a disabled audio source
Can not play a disabled audio source
Can not play a disabled audio source
Can not play a disabled audio source
Can not play a disabled audio source
Can not play a disabled audio source
Can not play a disabled audio source
Can not play a disabled audio source
Can not play a disabled audio source
Can not play a disabled audio source
Can not play a disabled audio source
Can not play a disabled audio source
Can not play a disabled audio source
Can not play a disabled audio source
Can not play a disabled audio source
Can not play a disabled audio source
Can not play a disabled audio source
Can not play a disabled audio source
Can not play a disabled audio source
Can not play a disabled audio source
Can not play a disabled audio source
Can not play a disabled audio source
Can not play a disabled audio source
Can not play a disabled audio source
Can not play a disabled audio source
Can not play a disabled audio source
Can not play a disabled audio source
Can not play a disabled audio source
Can not play a disabled audio source
Can not play a disabled audio source
Can not play a disabled audio source
Can not play a disabled audio source
Can not play a disabled audio source
Can not play a disabled audio source
Can not play a disabled audio source
Can not play a disabled audio source
Can not play a disabled audio source
Can not play a disabled audio source
Can not play a disabled audio source
Can not play a disabled audio source
[EnhancedUIMod] Attached to main HUD weapon list.
Can not play a disabled audio source
Can not play a disabled audio source
Can not play a disabled audio source
Can not play a disabled audio source
Can not play a disabled audio source
Can not play a disabled audio source
Can not play a disabled audio source
Can not play a disabled audio source
Can not play a disabled audio source
Can not play a disabled audio source
Can not play a disabled audio source
Can not play a disabled audio source
Can not play a disabled audio source
Can not play a disabled audio source
Can not play a disabled audio source
Can not play a disabled audio source
Can not play a disabled audio source
Can not play a disabled audio source
Can not play a disabled audio source
Can not play a disabled audio source
Can not play a disabled audio source
Can not play a disabled audio source
Can not play a disabled audio source
Can not play a disabled audio source
Can not play a disabled audio source
Can not play a disabled audio source
Can not play a disabled audio source
Can not play a disabled audio source
Can not play a disabled audio source
Can not play a disabled audio source
Can not play a disabled audio source
Can not play a disabled audio source
Can not play a disabled audio source
Can not play a disabled audio source
Can not play a disabled audio source
Can not play a disabled audio source
Can not play a disabled audio source
Can not play a disabled audio source
Can not play a disabled audio source
Can not play a disabled audio source
Can not play a disabled audio source
Can not play a disabled audio source
Can not play a disabled audio source
Can not play a disabled audio source
Can not play a disabled audio source
Can not play a disabled audio source
Can not play a disabled audio source
Can not play a disabled audio source
Can not play a disabled audio source
Can not play a disabled audio source
Can not play a disabled audio source
Can not play a disabled audio source
Can not play a disabled audio source
Can not play a disabled audio source
Can not play a disabled audio source
Can not play a disabled audio source
Can not play a disabled audio source
Can not play a disabled audio source
Can not play a disabled audio source
Can not play a disabled audio source
Can not play a disabled audio source
Can not play a disabled audio source
Can not play a disabled audio source
Can not play a disabled audio source
Can not play a disabled audio source
Can not play a disabled audio source
Can not play a disabled audio source
Can not play a disabled audio source
Can not play a disabled audio source
Can not play a disabled audio source
Can not play a disabled audio source
Can not play a disabled audio source
Can not play a disabled audio source
Can not play a disabled audio source
Can not play a disabled audio source
Can not play a disabled audio source
Can not play a disabled audio source
Can not play a disabled audio source
Can not play a disabled audio source
Can not play a disabled audio source
Can not play a disabled audio source
Can not play a disabled audio source
Can not play a disabled audio source
Can not play a disabled audio source
Can not play a disabled audio source
Can not play a disabled audio source
Can not play a disabled audio source
Can not play a disabled audio source
Can not play a disabled audio source
Can not play a disabled audio source
Can not play a disabled audio source
Can not play a disabled audio source
Can not play a disabled audio source
Can not play a disabled audio source
Can not play a disabled audio source
Can not play a disabled audio source
Can not play a disabled audio source
Can not play a disabled audio source
Can not play a disabled audio source
Can not play a disabled audio source
Can not play a disabled audio source
Can not play a disabled audio source
Can not play a disabled audio source
Can not play a disabled audio source
Can not play a disabled audio source
Can not play a disabled audio source
Can not play a disabled audio source
Can not play a disabled audio source
Can not play a disabled audio source
Can not play a disabled audio source
Can not play a disabled audio source
Can not play a disabled audio source
Can not play a disabled audio source
Can not play a disabled audio source
Can not play a disabled audio source
Can not play a disabled audio source
Can not play a disabled audio source
Can not play a disabled audio source
Can not play a disabled audio source
Can not play a disabled audio source
Can not play a disabled audio source
Can not play a disabled audio source
Can not play a disabled audio source
Can not play a disabled audio source
Can not play a disabled audio source
Can not play a disabled audio source
Can not play a disabled audio source
Can not play a disabled audio source
Can not play a disabled audio source
Can not play a disabled audio source
Can not play a disabled audio source
Can not play a disabled audio source
Can not play a disabled audio source
Can not play a disabled audio source
Can not play a disabled audio source
Can not play a disabled audio source
Can not play a disabled audio source
Can not play a disabled audio source
Can not play a disabled audio source
Can not play a disabled audio source
Can not play a disabled audio source
[EnhancedUIMod] Attached to main HUD weapon list.
Can not play a disabled audio source
Can not play a disabled audio source
Can not play a disabled audio source
Can not play a disabled audio source
Can not play a disabled audio source
Can not play a disabled audio source
Can not play a disabled audio source
Can not play a disabled audio source
Can not play a disabled audio source
Can not play a disabled audio source
Can not play a disabled audio source
Can not play a disabled audio source
Can not play a disabled audio source
Can not play a disabled audio source
Can not play a disabled audio source
Can not play a disabled audio source
Can not play a disabled audio source
Can not play a disabled audio source
Can not play a disabled audio source
Can not play a disabled audio source
Can not play a disabled audio source
Can not play a disabled audio source
Can not play a disabled audio source
Can not play a disabled audio source
Can not play a disabled audio source
Can not play a disabled audio source
Can not play a disabled audio source
Can not play a disabled audio source
Can not play a disabled audio source
Can not play a disabled audio source
Can not play a disabled audio source
Can not play a disabled audio source
Can not play a disabled audio source
Can not play a disabled audio source
Can not play a disabled audio source
Can not play a disabled audio source
Can not play a disabled audio source
Can not play a disabled audio source
Can not play a disabled audio source
Can not play a disabled audio source
Can not play a disabled audio source
Can not play a disabled audio source
Can not play a disabled audio source
Can not play a disabled audio source
Can not play a disabled audio source
Can not play a disabled audio source
Can not play a disabled audio source
Can not play a disabled audio source
Can not play a disabled audio source
Can not play a disabled audio source
Can not play a disabled audio source
Can not play a disabled audio source
Can not play a disabled audio source
Can not play a disabled audio source
Can not play a disabled audio source
Can not play a disabled audio source
Can not play a disabled audio source
Can not play a disabled audio source
Can not play a disabled audio source
Can not play a disabled audio source
Can not play a disabled audio source
Can not play a disabled audio source
Can not play a disabled audio source
Can not play a disabled audio source
Can not play a disabled audio source
FileManager.GetSearchDirectories() is skipping 3508978375 as itemState=k_EItemStateNone indicates the mod is not installed, or has a pending download.
FileManager.GetSearchDirectories() is skipping 3426791311 as itemState=k_EItemStateNone indicates the mod is not installed, or has a pending download.
FileManager.Directories contains Mods
[3D WebView] [StandaloneWebView.TerminateBrowserProcess] Terminating the browser process.
Unloading 1 Unused Serialized files (Serialized files now loaded: 7)
Unloading 10415 unused Assets to reduce memory usage. Loaded Objects now: 19509.
Total: 381.889200 ms (FindLiveObjects: 2.123200 ms CreateObjectMapping: 1.307200 ms MarkObjects: 313.977200 ms  DeleteObjects: 64.481200 ms)

The referenced script on this Behaviour (Game Object 'InputManager') is missing!
Global logging level set to: <b>Info</b>
Noesis logging level set to: <b>Trace</b>
DontDestroyOnLoad only works for root GameObjects or components on root GameObjects.
[Singleton<SeaPower.TerrainManager>] There should never be more than one Singleton of type SeaPower.TerrainManager in the scene, but 2 were found. The first instance found will be used, and all others will be destroyed.
[Singleton<SeaPower.Environment>] There should never be more than one Singleton of type SeaPower.Environment in the scene, but 2 were found. The first instance found will be used, and all others will be destroyed.
[Singleton<SeaPower.FileManager>] There should never be more than one Singleton of type SeaPower.FileManager in the scene, but 2 were found. The first instance found will be used, and all others will be destroyed.
[Singleton<SeaPower.UnityLog>] There should never be more than one Singleton of type SeaPower.UnityLog in the scene, but 2 were found. The first instance found will be used, and all others will be destroyed.
Initialization Warning: Pool 'Effects' contains a PrefabPool with no prefab reference. Skipping.
Initialization Warning: Pool 'Effects' contains a PrefabPool with no prefab reference. Skipping.
Added pool 'Effects'
DontDestroyOnLoad only works for root GameObjects or components on root GameObjects.
Clearing persistant loadout data, 0 elements removed, 0 of which are unlaunched loadouts
FileManager.GetSearchDirectories() is skipping 3508978375 as itemState=k_EItemStateNone indicates the mod is not installed, or has a pending download.
FileManager.GetSearchDirectories() is skipping 3426791311 as itemState=k_EItemStateNone indicates the mod is not installed, or has a pending download.
FileManager.Directories contains Mods
Unloading 6 Unused Serialized files (Serialized files now loaded: 7)
Unloading 55 unused Assets to reduce memory usage. Loaded Objects now: 21506.
Total: 296.376800 ms (FindLiveObjects: 0.883500 ms CreateObjectMapping: 0.687200 ms MarkObjects: 294.260000 ms  DeleteObjects: 0.545700 ms)

Unloading 0 Unused Serialized files (Serialized files now loaded: 7)
Unloading 2 unused Assets to reduce memory usage. Loaded Objects now: 26842.
Total: 327.748600 ms (FindLiveObjects: 1.452000 ms CreateObjectMapping: 0.935700 ms MarkObjects: 325.281600 ms  DeleteObjects: 0.078900 ms)

Unloading 1 Unused Serialized files (Serialized files now loaded: 7)
Compressed GraphicsFormat RGBA Compressed DXT5|BC3 UNorm requires a texture size that is a multiple of 4
Compressed GraphicsFormat RGBA Compressed DXT5|BC3 UNorm requires a texture size that is a multiple of 4
LoadMaterialFromFile(effects/weapons/materials/solidrocket_white.ini): SetColor(_TintColor, {*}FFDBD0FF)
LoadMaterialFromFile(effects/weapons/materials/solidrocket_white.ini): SetFloat(_InvFade, 1)
LoadMaterialFromFile(effects/weapons/materials/missile_smoke_lit.ini): SetFloat(_Threshold, 1)
LoadMaterialFromFile(effects/weapons/materials/missile_smoke_lit.ini): SetFloat(_Min, 1)
LoadMaterialFromFile(effects/weapons/materials/missile_smoke_lit.ini): SetFloat(_AdditivePass, 1)
LoadMaterialFromFile(effects/weapons/materials/missile_smoke_lit.ini): SetColor(_ColorLit, {*}BEBEBE80)
LoadMaterialFromFile(effects/weapons/materials/missile_smoke_lit.ini): SetColor(_ColorUnlit, {*}80808080)
LoadMaterialFromFile(effects/weapons/materials/missile_smoke_lit.ini): SetFloat(_minBright, 0.25)
LoadMaterialFromFile(effects/weapons/materials/missile_smoke_lit.ini): SetFloat(_Multiplier, 1)
LoadMaterialFromFile(effects/weapons/materials/missile_smoke_lit.ini): SetColor(_TintColor, {*}FFFFFF00)
LoadMaterialFromFile(effects/weapons/materials/missile_smoke_lit.ini): SetFloat(_IsUnderwater, 0)
LoadMaterialFromFile(effects/weapons/materials/missile_smoke_lit.ini): SetColor(_C1, {*}808080FF)
LoadMaterialFromFile(effects/weapons/materials/missile_smoke_lit.ini): SetColor(_C2, {*}808080FF)
LoadMaterialFromFile(effects/weapons/materials/missile_smoke_lit.ini): SetFloat(_FogFadeFactor, -0.5)
LoadMaterialFromFile(effects/weapons/materials/missile_smoke_lit.ini): SetFloat(_Cutoff, 0.5)
Unloading 6 unused Assets to reduce memory usage. Loaded Objects now: 29472.
Total: 315.962500 ms (FindLiveObjects: 1.247800 ms CreateObjectMapping: 0.787900 ms MarkObjects: 313.847300 ms  DeleteObjects: 0.079100 ms)

Unloading 1 Unused Serialized files (Serialized files now loaded: 7)
[WeaponLauncherEffects] [eu_mk41_quad] anchor ready: ContainerBase='eu_8-cell_mk41_base_quad_v4' (vessel ContainerBase, world (289.9246, 0.0895, -156.4933)), container='AmmunitionParent' (world (289.9196, 0.0395, -156.4855)), shipRoot='3-ran_ddg_hobart'.
[WeaponLauncherEffects] [eu_mk41] anchor ready: ContainerBase='eu_8-cell_mk41_base_v4' (vessel ContainerBase, world (289.8786, 0.0895, -156.4933)), container='AmmunitionParent' (world (289.8836, 0.0395, -156.5011)), shipRoot='3-ran_ddg_hobart'.
[WeaponLauncherEffects] [eu_mk41] anchor ready: ContainerBase='eu_8-cell_mk41_base_v4' (vessel ContainerBase, world (289.9246, 0.0895, -156.5229)), container='AmmunitionParent' (world (289.9196, 0.0395, -156.5151)), shipRoot='3-ran_ddg_hobart'.
[WeaponLauncherEffects] [eu_mk41] anchor ready: ContainerBase='eu_8-cell_mk41_base_v4' (vessel ContainerBase, world (289.8786, 0.0895, -156.5229)), container='AmmunitionParent' (world (289.8836, 0.0395, -156.5307)), shipRoot='3-ran_ddg_hobart'.
[WeaponLauncherEffects] [eu_mk41] anchor ready: ContainerBase='eu_8-cell_mk41_base_v4' (vessel ContainerBase, world (289.9246, 0.0895, -156.5524)), container='AmmunitionParent' (world (289.9196, 0.0395, -156.5446)), shipRoot='3-ran_ddg_hobart'.
[WeaponLauncherEffects] [eu_mk41] anchor ready: ContainerBase='eu_8-cell_mk41_base_v4' (vessel ContainerBase, world (289.8786, 0.0895, -156.5524)), container='AmmunitionParent' (world (289.8836, 0.0395, -156.5602)), shipRoot='3-ran_ddg_hobart'.
Unloading 9 unused Assets to reduce memory usage. Loaded Objects now: 32539.
Total: 304.669300 ms (FindLiveObjects: 1.405100 ms CreateObjectMapping: 0.799500 ms MarkObjects: 302.387200 ms  DeleteObjects: 0.077000 ms)

LoadMaterialFromFile(ships/wp_ssn_victor1/plan_ssn_093_mat.ini): SetColor(_Color, {*}808080ff)
LoadMaterialFromFile(ships/wp_ssn_victor1/plan_ssn_093_mat.ini): SetColor(_SpecColor, {*}ffffffff)
LoadMaterialFromFile(ships/wp_ssn_victor1/plan_ssn_093_mat.ini): SetFloat(_SpecInt, 1)
LoadMaterialFromFile(ships/wp_ssn_victor1/plan_ssn_093_mat.ini): SetFloat(_Shininess, 0.2)
LoadMaterialFromFile(ships/wp_ssn_victor1/plan_ssn_093_mat.ini): SetFloat(_Fresnel, 0.2)
LoadMaterialFromFile(ships/wp_ssn_victor1/plan_ss_039a_sail_mat.ini): SetColor(_Color, {*}808080ff)
LoadMaterialFromFile(ships/wp_ssn_victor1/plan_ss_039a_sail_mat.ini): SetColor(_SpecColor, {*}ffffffff)
LoadMaterialFromFile(ships/wp_ssn_victor1/plan_ss_039a_sail_mat.ini): SetFloat(_SpecInt, 1)
LoadMaterialFromFile(ships/wp_ssn_victor1/plan_ss_039a_sail_mat.ini): SetFloat(_Shininess, 0.2)
LoadMaterialFromFile(ships/wp_ssn_victor1/plan_ss_039a_sail_mat.ini): SetFloat(_Fresnel, 0.2)
LoadMaterialFromFile(ships/usn_ssn_los_angeles/usn_ssn_seawolf_other_mat.ini): SetColor(_Color, {*}808080ff)
LoadMaterialFromFile(ships/usn_ssn_los_angeles/usn_ssn_seawolf_other_mat.ini): SetColor(_SpecColor, {*}ffffffff)
LoadMaterialFromFile(ships/usn_ssn_los_angeles/usn_ssn_seawolf_other_mat.ini): SetFloat(_SpecInt, 1.0)
LoadMaterialFromFile(ships/usn_ssn_los_angeles/usn_ssn_seawolf_other_mat.ini): SetFloat(_Shininess, 2.5)
LoadMaterialFromFile(ships/usn_ssn_los_angeles/usn_ssn_seawolf_other_mat.ini): SetFloat(_Fresnel, 0.75)
LoadMaterialFromFile(ships/wp_ssn_victor1/plan_ssn_039_other_mat.ini): SetColor(_Color, {*}808080ff)
LoadMaterialFromFile(ships/wp_ssn_victor1/plan_ssn_039_other_mat.ini): SetColor(_SpecColor, {*}ffffffff)
LoadMaterialFromFile(ships/wp_ssn_victor1/plan_ssn_039_other_mat.ini): SetFloat(_SpecInt, 1)
LoadMaterialFromFile(ships/wp_ssn_victor1/plan_ssn_039_other_mat.ini): SetFloat(_Shininess, 0.2)
LoadMaterialFromFile(ships/wp_ssn_victor1/plan_ssn_039_other_mat.ini): SetFloat(_Fresnel, 0.2)
LoadMaterialFromFile(assets/europack/materials/usn_mk46/usn_mk54_mat.ini): SetColor(_Color, {*}808080ff)
LoadMaterialFromFile(assets/europack/materials/usn_mk46/usn_mk54_mat.ini): SetColor(_SpecColor, {*}ffffffff)
LoadMaterialFromFile(assets/europack/materials/usn_mk46/usn_mk54_mat.ini): SetFloat(_SpecInt, 1.0)
LoadMaterialFromFile(assets/europack/materials/usn_mk46/usn_mk54_mat.ini): SetFloat(_Shininess, 8.5)
LoadMaterialFromFile(assets/europack/materials/usn_mk46/usn_mk54_mat.ini): SetFloat(_Fresnel, 0.75)
[EnhancedUIMod] Attached to main HUD weapon list.
AllowLaunchFunc!
AllowLaunchFunc!
AllowLaunchFunc!
[EnhancedUIMod] Attached to main HUD weapon list.
[EnhancedUIMod] Attached to main HUD weapon list.
[EnhancedUIMod] Attached to main HUD weapon list.
SpawnPool Effects: aswtorpedo_cavitation_particle(Clone) not found in SpawnPool
[EnhancedUIMod] Attached to main HUD weapon list.
[EnhancedUIMod] Attached to main HUD weapon list.
[EnhancedDecoyMod] Chaff ammunition group launched: usn_mk182_chaff, range(nm)=4
[EnhancedDecoyMod] Chaff ammunition group launched: usn_mk182_chaff, range(nm)=4
[EnhancedDecoyMod] Chaff ammunition group launched: usn_rr144_chaff, range(nm)=2.7
[EnhancedDecoyMod] Chaff ammunition group launched: usn_rr144_chaff, range(nm)=2.7
SpawnPool Effects: aswtorpedo_cavitation_particle(Clone) not found in SpawnPool
[MissileControlMod] Configuration: usn_rim-162h; launch=True; TVC=False; effect definitions=1
Can not play a disabled audio source
[EnhancedUIMod] Attached to main HUD weapon list.
Can not play a disabled audio source
[MissileControlMod] Configuration: usn_rim-162a; launch=True; TVC=False; effect definitions=1
Can not play a disabled audio source
Can not play a disabled audio source
Can not play a disabled audio source
Can not play a disabled audio source
SpawnPool Effects: aswtorpedo_cavitation_particle(Clone) not found in SpawnPool
[EnhancedUIMod] Attached to main HUD weapon list.
[EnhancedUIMod] Attached to main HUD weapon list.
1-usn_mh-60r recieving 1 waypoints from RecoveryPoint1
1-usn_mh-60r recieving 1 waypoints from RecoveryPoint1
1-usn_mh-60r recieving 1 waypoints from RecoveryPoint1
[EnhancedUIMod] Attached to main HUD weapon list.
[EnhancedUIMod] Attached to main HUD weapon list.
[EnhancedUIMod] Attached to main HUD weapon list.
[3D WebView] [StandaloneWebView.TerminateBrowserProcess] Terminating the browser process.
Unloading 1 Unused Serialized files (Serialized files now loaded: 7)
[3D WebView] Unable to deliver a message from the native plugin to a webview GameObject because there is no longer a GameObject named 'WebView-c7821c57-8365-400c-9169-b02e85b702e8'. This can sometimes happen directly after destroying a webview. In that case, it is benign and this message can be ignored.
Unloading 10864 unused Assets to reduce memory usage. Loaded Objects now: 19714.
Total: 439.041000 ms (FindLiveObjects: 2.466100 ms CreateObjectMapping: 1.813400 ms MarkObjects: 364.342300 ms  DeleteObjects: 70.418700 ms)

The referenced script on this Behaviour (Game Object 'InputManager') is missing!
Global logging level set to: <b>Info</b>
Noesis logging level set to: <b>Trace</b>
DontDestroyOnLoad only works for root GameObjects or components on root GameObjects.
[Singleton<SeaPower.TerrainManager>] There should never be more than one Singleton of type SeaPower.TerrainManager in the scene, but 2 were found. The first instance found will be used, and all others will be destroyed.
[Singleton<SeaPower.Environment>] There should never be more than one Singleton of type SeaPower.Environment in the scene, but 2 were found. The first instance found will be used, and all others will be destroyed.
[Singleton<SeaPower.FileManager>] There should never be more than one Singleton of type SeaPower.FileManager in the scene, but 2 were found. The first instance found will be used, and all others will be destroyed.
[Singleton<SeaPower.UnityLog>] There should never be more than one Singleton of type SeaPower.UnityLog in the scene, but 2 were found. The first instance found will be used, and all others will be destroyed.
Initialization Warning: Pool 'Effects' contains a PrefabPool with no prefab reference. Skipping.
Initialization Warning: Pool 'Effects' contains a PrefabPool with no prefab reference. Skipping.
Added pool 'Effects'
DontDestroyOnLoad only works for root GameObjects or components on root GameObjects.
Clearing persistant loadout data, 0 elements removed, 0 of which are unlaunched loadouts
FileManager.GetSearchDirectories() is skipping 3508978375 as itemState=k_EItemStateNone indicates the mod is not installed, or has a pending download.
FileManager.GetSearchDirectories() is skipping 3426791311 as itemState=k_EItemStateNone indicates the mod is not installed, or has a pending download.
FileManager.Directories contains Mods
Unloading 6 Unused Serialized files (Serialized files now loaded: 7)
Unloading 55 unused Assets to reduce memory usage. Loaded Objects now: 21712.
Total: 332.548200 ms (FindLiveObjects: 0.861800 ms CreateObjectMapping: 0.637300 ms MarkObjects: 330.501600 ms  DeleteObjects: 0.547200 ms)

Unloading 0 Unused Serialized files (Serialized files now loaded: 7)
Unloading 1 unused Assets to reduce memory usage. Loaded Objects now: 27049.
Total: 334.545100 ms (FindLiveObjects: 1.447700 ms CreateObjectMapping: 1.280000 ms MarkObjects: 331.744500 ms  DeleteObjects: 0.072600 ms)

Unloading 1 Unused Serialized files (Serialized files now loaded: 7)
Compressed GraphicsFormat RGBA Compressed DXT5|BC3 UNorm requires a texture size that is a multiple of 4
Compressed GraphicsFormat RGBA Compressed DXT5|BC3 UNorm requires a texture size that is a multiple of 4
LoadMaterialFromFile(effects/weapons/materials/solidrocket_white.ini): SetColor(_TintColor, {*}FFDBD0FF)
LoadMaterialFromFile(effects/weapons/materials/solidrocket_white.ini): SetFloat(_InvFade, 1)
LoadMaterialFromFile(effects/weapons/materials/missile_smoke_lit.ini): SetFloat(_Threshold, 1)
LoadMaterialFromFile(effects/weapons/materials/missile_smoke_lit.ini): SetFloat(_Min, 1)
LoadMaterialFromFile(effects/weapons/materials/missile_smoke_lit.ini): SetFloat(_AdditivePass, 1)
LoadMaterialFromFile(effects/weapons/materials/missile_smoke_lit.ini): SetColor(_ColorLit, {*}BEBEBE80)
LoadMaterialFromFile(effects/weapons/materials/missile_smoke_lit.ini): SetColor(_ColorUnlit, {*}80808080)
LoadMaterialFromFile(effects/weapons/materials/missile_smoke_lit.ini): SetFloat(_minBright, 0.25)
LoadMaterialFromFile(effects/weapons/materials/missile_smoke_lit.ini): SetFloat(_Multiplier, 1)
LoadMaterialFromFile(effects/weapons/materials/missile_smoke_lit.ini): SetColor(_TintColor, {*}FFFFFF00)
LoadMaterialFromFile(effects/weapons/materials/missile_smoke_lit.ini): SetFloat(_IsUnderwater, 0)
LoadMaterialFromFile(effects/weapons/materials/missile_smoke_lit.ini): SetColor(_C1, {*}808080FF)
LoadMaterialFromFile(effects/weapons/materials/missile_smoke_lit.ini): SetColor(_C2, {*}808080FF)
LoadMaterialFromFile(effects/weapons/materials/missile_smoke_lit.ini): SetFloat(_FogFadeFactor, -0.5)
LoadMaterialFromFile(effects/weapons/materials/missile_smoke_lit.ini): SetFloat(_Cutoff, 0.5)
Unloading 6 unused Assets to reduce memory usage. Loaded Objects now: 29679.
Total: 341.912300 ms (FindLiveObjects: 1.559800 ms CreateObjectMapping: 1.211000 ms MarkObjects: 339.058800 ms  DeleteObjects: 0.082200 ms)

Unloading 1 Unused Serialized files (Serialized files now loaded: 7)
[WeaponLauncherEffects] [eu_mk41_quad] anchor ready: ContainerBase='eu_8-cell_mk41_base_quad_v4' (vessel ContainerBase, world (289.9246, 0.0895, -156.4933)), container='AmmunitionParent' (world (289.9196, 0.0395, -156.4855)), shipRoot='3-ran_ddg_hobart'.
[WeaponLauncherEffects] [eu_mk41] anchor ready: ContainerBase='eu_8-cell_mk41_base_v4' (vessel ContainerBase, world (289.8786, 0.0895, -156.4933)), container='AmmunitionParent' (world (289.8836, 0.0395, -156.5011)), shipRoot='3-ran_ddg_hobart'.
[WeaponLauncherEffects] [eu_mk41] anchor ready: ContainerBase='eu_8-cell_mk41_base_v4' (vessel ContainerBase, world (289.9246, 0.0895, -156.5229)), container='AmmunitionParent' (world (289.9196, 0.0395, -156.5151)), shipRoot='3-ran_ddg_hobart'.
[WeaponLauncherEffects] [eu_mk41] anchor ready: ContainerBase='eu_8-cell_mk41_base_v4' (vessel ContainerBase, world (289.8786, 0.0895, -156.5229)), container='AmmunitionParent' (world (289.8836, 0.0395, -156.5307)), shipRoot='3-ran_ddg_hobart'.
[WeaponLauncherEffects] [eu_mk41] anchor ready: ContainerBase='eu_8-cell_mk41_base_v4' (vessel ContainerBase, world (289.9246, 0.0895, -156.5524)), container='AmmunitionParent' (world (289.9196, 0.0395, -156.5446)), shipRoot='3-ran_ddg_hobart'.
[WeaponLauncherEffects] [eu_mk41] anchor ready: ContainerBase='eu_8-cell_mk41_base_v4' (vessel ContainerBase, world (289.8786, 0.0895, -156.5524)), container='AmmunitionParent' (world (289.8836, 0.0395, -156.5602)), shipRoot='3-ran_ddg_hobart'.
Unloading 9 unused Assets to reduce memory usage. Loaded Objects now: 32746.
Total: 317.143900 ms (FindLiveObjects: 1.305900 ms CreateObjectMapping: 0.926700 ms MarkObjects: 314.825700 ms  DeleteObjects: 0.085100 ms)

LoadMaterialFromFile(ships/wp_ssn_victor1/plan_ssn_093_mat.ini): SetColor(_Color, {*}808080ff)
LoadMaterialFromFile(ships/wp_ssn_victor1/plan_ssn_093_mat.ini): SetColor(_SpecColor, {*}ffffffff)
LoadMaterialFromFile(ships/wp_ssn_victor1/plan_ssn_093_mat.ini): SetFloat(_SpecInt, 1)
LoadMaterialFromFile(ships/wp_ssn_victor1/plan_ssn_093_mat.ini): SetFloat(_Shininess, 0.2)
LoadMaterialFromFile(ships/wp_ssn_victor1/plan_ssn_093_mat.ini): SetFloat(_Fresnel, 0.2)
LoadMaterialFromFile(ships/wp_ssn_victor1/plan_ss_039a_sail_mat.ini): SetColor(_Color, {*}808080ff)
LoadMaterialFromFile(ships/wp_ssn_victor1/plan_ss_039a_sail_mat.ini): SetColor(_SpecColor, {*}ffffffff)
LoadMaterialFromFile(ships/wp_ssn_victor1/plan_ss_039a_sail_mat.ini): SetFloat(_SpecInt, 1)
LoadMaterialFromFile(ships/wp_ssn_victor1/plan_ss_039a_sail_mat.ini): SetFloat(_Shininess, 0.2)
LoadMaterialFromFile(ships/wp_ssn_victor1/plan_ss_039a_sail_mat.ini): SetFloat(_Fresnel, 0.2)
LoadMaterialFromFile(ships/usn_ssn_los_angeles/usn_ssn_seawolf_other_mat.ini): SetColor(_Color, {*}808080ff)
LoadMaterialFromFile(ships/usn_ssn_los_angeles/usn_ssn_seawolf_other_mat.ini): SetColor(_SpecColor, {*}ffffffff)
LoadMaterialFromFile(ships/usn_ssn_los_angeles/usn_ssn_seawolf_other_mat.ini): SetFloat(_SpecInt, 1.0)
LoadMaterialFromFile(ships/usn_ssn_los_angeles/usn_ssn_seawolf_other_mat.ini): SetFloat(_Shininess, 2.5)
LoadMaterialFromFile(ships/usn_ssn_los_angeles/usn_ssn_seawolf_other_mat.ini): SetFloat(_Fresnel, 0.75)
LoadMaterialFromFile(ships/wp_ssn_victor1/plan_ssn_039_other_mat.ini): SetColor(_Color, {*}808080ff)
LoadMaterialFromFile(ships/wp_ssn_victor1/plan_ssn_039_other_mat.ini): SetColor(_SpecColor, {*}ffffffff)
LoadMaterialFromFile(ships/wp_ssn_victor1/plan_ssn_039_other_mat.ini): SetFloat(_SpecInt, 1)
LoadMaterialFromFile(ships/wp_ssn_victor1/plan_ssn_039_other_mat.ini): SetFloat(_Shininess, 0.2)
LoadMaterialFromFile(ships/wp_ssn_victor1/plan_ssn_039_other_mat.ini): SetFloat(_Fresnel, 0.2)
LoadMaterialFromFile(assets/europack/materials/usn_mk46/usn_mk54_mat.ini): SetColor(_Color, {*}808080ff)
LoadMaterialFromFile(assets/europack/materials/usn_mk46/usn_mk54_mat.ini): SetColor(_SpecColor, {*}ffffffff)
LoadMaterialFromFile(assets/europack/materials/usn_mk46/usn_mk54_mat.ini): SetFloat(_SpecInt, 1.0)
LoadMaterialFromFile(assets/europack/materials/usn_mk46/usn_mk54_mat.ini): SetFloat(_Shininess, 8.5)
LoadMaterialFromFile(assets/europack/materials/usn_mk46/usn_mk54_mat.ini): SetFloat(_Fresnel, 0.75)
[EnhancedUIMod] Attached to main HUD weapon list.
AllowLaunchFunc!
[EnhancedUIMod] Attached to main HUD weapon list.
[EnhancedUIMod] Attached to main HUD weapon list.
[EnhancedUIMod] Attached to main HUD weapon list.
[EnhancedUIMod] Attached to main HUD weapon list.
[EnhancedUIMod] Attached to main HUD weapon list.
[EnhancedUIMod] Attached to main HUD weapon list.
[EnhancedUIMod] Attached to main HUD weapon list.
[EnhancedUIMod] Attached to main HUD weapon list.
[EnhancedUIMod] Attached to main HUD weapon list.
SpawnPool Effects: aswtorpedo_cavitation_particle(Clone) not found in SpawnPool
SpawnPool Effects: aswtorpedo_cavitation_particle(Clone) not found in SpawnPool
FileManager.GetSearchDirectories() is skipping 3508978375 as itemState=k_EItemStateNone indicates the mod is not installed, or has a pending download.
FileManager.GetSearchDirectories() is skipping 3426791311 as itemState=k_EItemStateNone indicates the mod is not installed, or has a pending download.
FileManager.Directories contains Mods
[EnhancedUIMod] Attached to main HUD weapon list.
1-usn_mh-60r recieving 1 waypoints from RecoveryPoint1
[EnhancedUIMod] Attached to main HUD weapon list.
[EnhancedUIMod] Attached to main HUD weapon list.
SeaPower.LinearCampaign.InstanceExists() = True
[3D WebView] [StandaloneWebView.TerminateBrowserProcess] Terminating the browser process.
Unloading 1 Unused Serialized files (Serialized files now loaded: 7)
Unloading 10250 unused Assets to reduce memory usage. Loaded Objects now: 19896.
Total: 432.777500 ms (FindLiveObjects: 2.566500 ms CreateObjectMapping: 2.052100 ms MarkObjects: 362.319500 ms  DeleteObjects: 65.838900 ms)

FileManager.GetSearchDirectories() is skipping 3508978375 as itemState=k_EItemStateNone indicates the mod is not installed, or has a pending download.
FileManager.GetSearchDirectories() is skipping 3426791311 as itemState=k_EItemStateNone indicates the mod is not installed, or has a pending download.
FileManager.Directories contains Mods
FileManager.GetSearchDirectories() is skipping 3508978375 as itemState=k_EItemStateNone indicates the mod is not installed, or has a pending download.
FileManager.GetSearchDirectories() is skipping 3426791311 as itemState=k_EItemStateNone indicates the mod is not installed, or has a pending download.
FileManager.Directories contains Mods
The referenced script on this Behaviour (Game Object 'InputManager') is missing!
Global logging level set to: <b>Info</b>
Noesis logging level set to: <b>Trace</b>
DontDestroyOnLoad only works for root GameObjects or components on root GameObjects.
[Singleton<SeaPower.TerrainManager>] There should never be more than one Singleton of type SeaPower.TerrainManager in the scene, but 2 were found. The first instance found will be used, and all others will be destroyed.
[Singleton<SeaPower.Environment>] There should never be more than one Singleton of type SeaPower.Environment in the scene, but 2 were found. The first instance found will be used, and all others will be destroyed.
[Singleton<SeaPower.FileManager>] There should never be more than one Singleton of type SeaPower.FileManager in the scene, but 2 were found. The first instance found will be used, and all others will be destroyed.
[Singleton<SeaPower.UnityLog>] There should never be more than one Singleton of type SeaPower.UnityLog in the scene, but 2 were found. The first instance found will be used, and all others will be destroyed.
Initialization Warning: Pool 'Effects' contains a PrefabPool with no prefab reference. Skipping.
Initialization Warning: Pool 'Effects' contains a PrefabPool with no prefab reference. Skipping.
Added pool 'Effects'
DontDestroyOnLoad only works for root GameObjects or components on root GameObjects.
Clearing persistant loadout data, 0 elements removed, 0 of which are unlaunched loadouts
FileManager.GetSearchDirectories() is skipping 3508978375 as itemState=k_EItemStateNone indicates the mod is not installed, or has a pending download.
FileManager.GetSearchDirectories() is skipping 3426791311 as itemState=k_EItemStateNone indicates the mod is not installed, or has a pending download.
FileManager.Directories contains Mods
Unloading 6 Unused Serialized files (Serialized files now loaded: 7)
Unloading 62 unused Assets to reduce memory usage. Loaded Objects now: 22019.
Total: 373.539100 ms (FindLiveObjects: 2.541900 ms CreateObjectMapping: 0.680900 ms MarkObjects: 369.512200 ms  DeleteObjects: 0.803800 ms)

Unloading 0 Unused Serialized files (Serialized files now loaded: 7)
Unloading 1 unused Assets to reduce memory usage. Loaded Objects now: 27356.
Total: 370.813500 ms (FindLiveObjects: 1.099900 ms CreateObjectMapping: 0.895800 ms MarkObjects: 368.758200 ms  DeleteObjects: 0.059100 ms)

Unloading 1 Unused Serialized files (Serialized files now loaded: 7)
Unloading 1 unused Assets to reduce memory usage. Loaded Objects now: 29728.
Total: 349.297600 ms (FindLiveObjects: 1.287500 ms CreateObjectMapping: 0.807500 ms MarkObjects: 347.119600 ms  DeleteObjects: 0.082500 ms)

Unloading 1 Unused Serialized files (Serialized files now loaded: 7)
LoadMaterialFromFile(weapons/usn_agm-84/plan_yj83_mat.ini): SetColor(_Color, {*}808080ff)
LoadMaterialFromFile(weapons/usn_agm-84/plan_yj83_mat.ini): SetColor(_SpecColor, {*}ffffffff)
LoadMaterialFromFile(weapons/usn_agm-84/plan_yj83_mat.ini): SetFloat(_SpecInt, 1.0)
LoadMaterialFromFile(weapons/usn_agm-84/plan_yj83_mat.ini): SetFloat(_Shininess, 6.5)
LoadMaterialFromFile(weapons/usn_agm-84/plan_yj83_mat.ini): SetFloat(_Fresnel, 0.75)
Unloading 1 unused Assets to reduce memory usage. Loaded Objects now: 31382.
Total: 353.786400 ms (FindLiveObjects: 1.622100 ms CreateObjectMapping: 1.036500 ms MarkObjects: 351.061300 ms  DeleteObjects: 0.066200 ms)

LoadMaterialFromFile(aircraft/civ_707/p_8_mid_mat.ini): SetColor(_Color, {*}808080ff)
LoadMaterialFromFile(aircraft/civ_707/p_8_mid_mat.ini): SetColor(_SpecColor, {*}ffffffff)
LoadMaterialFromFile(aircraft/civ_707/p_8_mid_mat.ini): SetFloat(_SpecInt, 1.0)
LoadMaterialFromFile(aircraft/civ_707/p_8_mid_mat.ini): SetFloat(_Shininess, 2.5)
LoadMaterialFromFile(aircraft/civ_707/p_8_mid_mat.ini): SetFloat(_Fresnel, 0.75)
LoadMaterialFromFile(aircraft/civ_707/p_8_mat.ini): SetColor(_Color, {*}808080ff)
LoadMaterialFromFile(aircraft/civ_707/p_8_mat.ini): SetColor(_SpecColor, {*}ffffffff)
LoadMaterialFromFile(aircraft/civ_707/p_8_mat.ini): SetFloat(_SpecInt, 1.0)
LoadMaterialFromFile(aircraft/civ_707/p_8_mat.ini): SetFloat(_Shininess, 2.5)
LoadMaterialFromFile(aircraft/civ_707/p_8_mat.ini): SetFloat(_Fresnel, 0.75)
LoadMaterialFromFile(aircraft/civ_dc-10/p_8_wing_mat.ini): SetColor(_Color, {*}808080ff)
LoadMaterialFromFile(aircraft/civ_dc-10/p_8_wing_mat.ini): SetColor(_SpecColor, {*}ffffffff)
LoadMaterialFromFile(aircraft/civ_dc-10/p_8_wing_mat.ini): SetFloat(_SpecInt, 1.0)
LoadMaterialFromFile(aircraft/civ_dc-10/p_8_wing_mat.ini): SetFloat(_Shininess, 2.5)
LoadMaterialFromFile(aircraft/civ_dc-10/p_8_wing_mat.ini): SetFloat(_Fresnel, 0.75)
LoadMaterialFromFile(aircraft/civ_dc-10/p_8_engine_mat.ini): SetColor(_Color, {*}808080ff)
LoadMaterialFromFile(aircraft/civ_dc-10/p_8_engine_mat.ini): SetColor(_SpecColor, {*}ffffffff)
LoadMaterialFromFile(aircraft/civ_dc-10/p_8_engine_mat.ini): SetFloat(_SpecInt, 1.0)
LoadMaterialFromFile(aircraft/civ_dc-10/p_8_engine_mat.ini): SetFloat(_Shininess, 2.5)
LoadMaterialFromFile(aircraft/civ_dc-10/p_8_engine_mat.ini): SetFloat(_Fresnel, 0.75)
LoadMaterialFromFile(aircraft/civ_707/p_8_rear_wing_mat.ini): SetColor(_Color, {*}808080ff)
LoadMaterialFromFile(aircraft/civ_707/p_8_rear_wing_mat.ini): SetColor(_SpecColor, {*}ffffffff)
LoadMaterialFromFile(aircraft/civ_707/p_8_rear_wing_mat.ini): SetFloat(_SpecInt, 1.0)
LoadMaterialFromFile(aircraft/civ_707/p_8_rear_wing_mat.ini): SetFloat(_Shininess, 2.5)
LoadMaterialFromFile(aircraft/civ_707/p_8_rear_wing_mat.ini): SetFloat(_Fresnel, 0.75)
LoadMaterialFromFile(aircraft/civ_707/p_8_rudder_mat.ini): SetColor(_Color, {*}808080ff)
LoadMaterialFromFile(aircraft/civ_707/p_8_rudder_mat.ini): SetColor(_SpecColor, {*}ffffffff)
LoadMaterialFromFile(aircraft/civ_707/p_8_rudder_mat.ini): SetFloat(_SpecInt, 1.0)
LoadMaterialFromFile(aircraft/civ_707/p_8_rudder_mat.ini): SetFloat(_Shininess, 2.5)
LoadMaterialFromFile(aircraft/civ_707/p_8_rudder_mat.ini): SetFloat(_Fresnel, 0.75)
LoadMaterialFromFile(assets/europack/materials/usn_mk46/usn_mk54_mat.ini): SetColor(_Color, {*}808080ff)
LoadMaterialFromFile(assets/europack/materials/usn_mk46/usn_mk54_mat.ini): SetColor(_SpecColor, {*}ffffffff)
LoadMaterialFromFile(assets/europack/materials/usn_mk46/usn_mk54_mat.ini): SetFloat(_SpecInt, 1.0)
LoadMaterialFromFile(assets/europack/materials/usn_mk46/usn_mk54_mat.ini): SetFloat(_Shininess, 8.5)
LoadMaterialFromFile(assets/europack/materials/usn_mk46/usn_mk54_mat.ini): SetFloat(_Fresnel, 0.75)
[EnhancedUIMod] Attached to main HUD weapon list.
[EnhancedUIMod] Attached to main HUD weapon list.
AbortLaunchFunc!
[EnhancedUIMod] Attached to main HUD weapon list.
[EnhancedUIMod] Attached to main HUD weapon list.
[EnhancedUIMod] Attached to main HUD weapon list.
AllowLaunchFunc!
[EnhancedDecoyMod] Chaff ammunition group launched: usn_mk182_chaff, range(nm)=4
[EnhancedDecoyMod] Chaff ammunition group launched: usn_mk182_chaff, range(nm)=4
[EnhancedUIMod] Attached to main HUD weapon list.
[EnhancedUIMod] Attached to main HUD weapon list.
[EnhancedUIMod] Attached to main HUD weapon list.
[EnhancedUIMod] Attached to main HUD weapon list.
[EnhancedUIMod] Attached to main HUD weapon list.
[EnhancedUIMod] Attached to main HUD weapon list.
[EnhancedUIMod] Attached to main HUD weapon list.
[EnhancedUIMod] Attached to main HUD weapon list.
[EnhancedUIMod] Attached to main HUD weapon list.
[EnhancedUIMod] Attached to main HUD weapon list.
[EnhancedUIMod] Attached to main HUD weapon list.
[EnhancedUIMod] Attached to main HUD weapon list.
[EnhancedUIMod] Attached to main HUD weapon list.
[EnhancedUIMod] Attached to main HUD weapon list.
[EnhancedUIMod] Attached to main HUD weapon list.
[EnhancedUIMod] Attached to main HUD weapon list.
[EnhancedUIMod] Attached to main HUD weapon list.
AllowLaunchFunc!
[AutomaticSAR] [1007] Ansar 1: Automatic SAR started.
[AutomaticSAR] 1-spa_sh-60b_block1 assigned to life raft 56-all_life_raft.
[AutomaticSAR] [1007] Ansar 1: Automatic SAR complete: SAR capacity reached. Returning to base.
1-usaf_f-15ex_SEII recieving 4 waypoints from RecoveryPoint1
SeaPower.LinearCampaign.InstanceExists() = True
[3D WebView] [StandaloneWebView.TerminateBrowserProcess] Terminating the browser process.
Unloading 1 Unused Serialized files (Serialized files now loaded: 7)
Unloading 10768 unused Assets to reduce memory usage. Loaded Objects now: 21044.
Total: 460.890300 ms (FindLiveObjects: 2.039700 ms CreateObjectMapping: 2.205200 ms MarkObjects: 384.646900 ms  DeleteObjects: 71.998200 ms)

FileManager.GetSearchDirectories() is skipping 3508978375 as itemState=k_EItemStateNone indicates the mod is not installed, or has a pending download.
FileManager.GetSearchDirectories() is skipping 3426791311 as itemState=k_EItemStateNone indicates the mod is not installed, or has a pending download.
FileManager.Directories contains Mods
FileManager.GetSearchDirectories() is skipping 3508978375 as itemState=k_EItemStateNone indicates the mod is not installed, or has a pending download.
FileManager.GetSearchDirectories() is skipping 3426791311 as itemState=k_EItemStateNone indicates the mod is not installed, or has a pending download.
FileManager.Directories contains Mods
FileManager.GetSearchDirectories() is skipping 3508978375 as itemState=k_EItemStateNone indicates the mod is not installed, or has a pending download.
FileManager.GetSearchDirectories() is skipping 3426791311 as itemState=k_EItemStateNone indicates the mod is not installed, or has a pending download.
FileManager.Directories contains Mods
FileManager.GetSearchDirectories() is skipping 3508978375 as itemState=k_EItemStateNone indicates the mod is not installed, or has a pending download.
FileManager.GetSearchDirectories() is skipping 3426791311 as itemState=k_EItemStateNone indicates the mod is not installed, or has a pending download.
FileManager.Directories contains Mods
FileManager.GetSearchDirectories() is skipping 3508978375 as itemState=k_EItemStateNone indicates the mod is not installed, or has a pending download.
FileManager.GetSearchDirectories() is skipping 3426791311 as itemState=k_EItemStateNone indicates the mod is not installed, or has a pending download.
FileManager.Directories contains Mods
FileManager.GetSearchDirectories() is skipping 3508978375 as itemState=k_EItemStateNone indicates the mod is not installed, or has a pending download.
FileManager.GetSearchDirectories() is skipping 3426791311 as itemState=k_EItemStateNone indicates the mod is not installed, or has a pending download.
FileManager.Directories contains Mods
The referenced script on this Behaviour (Game Object 'InputManager') is missing!
Global logging level set to: <b>Info</b>
Noesis logging level set to: <b>Trace</b>
DontDestroyOnLoad only works for root GameObjects or components on root GameObjects.
[Singleton<SeaPower.TerrainManager>] There should never be more than one Singleton of type SeaPower.TerrainManager in the scene, but 2 were found. The first instance found will be used, and all others will be destroyed.
[Singleton<SeaPower.Environment>] There should never be more than one Singleton of type SeaPower.Environment in the scene, but 2 were found. The first instance found will be used, and all others will be destroyed.
[Singleton<SeaPower.FileManager>] There should never be more than one Singleton of type SeaPower.FileManager in the scene, but 2 were found. The first instance found will be used, and all others will be destroyed.
[Singleton<SeaPower.UnityLog>] There should never be more than one Singleton of type SeaPower.UnityLog in the scene, but 2 were found. The first instance found will be used, and all others will be destroyed.
Initialization Warning: Pool 'Effects' contains a PrefabPool with no prefab reference. Skipping.
Initialization Warning: Pool 'Effects' contains a PrefabPool with no prefab reference. Skipping.
Added pool 'Effects'
DontDestroyOnLoad only works for root GameObjects or components on root GameObjects.
Clearing persistant loadout data, 0 elements removed, 0 of which are unlaunched loadouts
LoadMaterialFromFile(Buildings/Oil_pump\oilpump_mat.ini): SetColor(_Color, {*}808080ff)
LoadMaterialFromFile(Buildings/Oil_pump\oilpump_mat.ini): SetColor(_SpecColor, {*}ffffffff)
LoadMaterialFromFile(Buildings/Oil_pump\oilpump_mat.ini): SetFloat(_SpecInt, 1.0)
LoadMaterialFromFile(Buildings/Oil_pump\oilpump_mat.ini): SetFloat(_Shininess, 6.5)
LoadMaterialFromFile(Buildings/Oil_pump\oilpump_mat.ini): SetFloat(_Fresnel, 0.75)
FileManager.GetSearchDirectories() is skipping 3508978375 as itemState=k_EItemStateNone indicates the mod is not installed, or has a pending download.
FileManager.GetSearchDirectories() is skipping 3426791311 as itemState=k_EItemStateNone indicates the mod is not installed, or has a pending download.
FileManager.Directories contains Mods
Unloading 6 Unused Serialized files (Serialized files now loaded: 7)
Unloading 85 unused Assets to reduce memory usage. Loaded Objects now: 25446.
Total: 401.463100 ms (FindLiveObjects: 2.080500 ms CreateObjectMapping: 0.774200 ms MarkObjects: 397.813900 ms  DeleteObjects: 0.794000 ms)

Unloading 0 Unused Serialized files (Serialized files now loaded: 7)
Unloading 1 unused Assets to reduce memory usage. Loaded Objects now: 30779.
Total: 391.940600 ms (FindLiveObjects: 1.512800 ms CreateObjectMapping: 0.962600 ms MarkObjects: 389.399600 ms  DeleteObjects: 0.065200 ms)

Unloading 1 Unused Serialized files (Serialized files now loaded: 7)
Compressed GraphicsFormat RGBA Compressed DXT5|BC3 UNorm requires a texture size that is a multiple of 4
Compressed GraphicsFormat RGBA Compressed DXT5|BC3 UNorm requires a texture size that is a multiple of 4
LoadMaterialFromFile(effects/weapons/materials/solidrocket_white.ini): SetColor(_TintColor, {*}FFDBD0FF)
LoadMaterialFromFile(effects/weapons/materials/solidrocket_white.ini): SetFloat(_InvFade, 1)
LoadMaterialFromFile(effects/weapons/materials/missile_smoke_lit.ini): SetFloat(_Threshold, 1)
LoadMaterialFromFile(effects/weapons/materials/missile_smoke_lit.ini): SetFloat(_Min, 1)
LoadMaterialFromFile(effects/weapons/materials/missile_smoke_lit.ini): SetFloat(_AdditivePass, 1)
LoadMaterialFromFile(effects/weapons/materials/missile_smoke_lit.ini): SetColor(_ColorLit, {*}BEBEBE80)
LoadMaterialFromFile(effects/weapons/materials/missile_smoke_lit.ini): SetColor(_ColorUnlit, {*}80808080)
LoadMaterialFromFile(effects/weapons/materials/missile_smoke_lit.ini): SetFloat(_minBright, 0.25)
LoadMaterialFromFile(effects/weapons/materials/missile_smoke_lit.ini): SetFloat(_Multiplier, 1)
LoadMaterialFromFile(effects/weapons/materials/missile_smoke_lit.ini): SetColor(_TintColor, {*}FFFFFF00)
LoadMaterialFromFile(effects/weapons/materials/missile_smoke_lit.ini): SetFloat(_IsUnderwater, 0)
LoadMaterialFromFile(effects/weapons/materials/missile_smoke_lit.ini): SetColor(_C1, {*}808080FF)
LoadMaterialFromFile(effects/weapons/materials/missile_smoke_lit.ini): SetColor(_C2, {*}808080FF)
LoadMaterialFromFile(effects/weapons/materials/missile_smoke_lit.ini): SetFloat(_FogFadeFactor, -0.5)
LoadMaterialFromFile(effects/weapons/materials/missile_smoke_lit.ini): SetFloat(_Cutoff, 0.5)
Unloading 7 unused Assets to reduce memory usage. Loaded Objects now: 33339.
Total: 387.230800 ms (FindLiveObjects: 1.384800 ms CreateObjectMapping: 1.090000 ms MarkObjects: 384.653700 ms  DeleteObjects: 0.101900 ms)

Unloading 1 Unused Serialized files (Serialized files now loaded: 7)
[WeaponLauncherEffects] [eu_mk41_quad] anchor ready: ContainerBase='eu_8-cell_mk41_base_quad_v4' (vessel ContainerBase, world (352.8019, 0.0895, -1235.7340)), container='AmmunitionParent' (world (352.7969, 0.0395, -1235.7260)), shipRoot='3-ran_ddg_hobart'.
[WeaponLauncherEffects] [eu_mk41] anchor ready: ContainerBase='eu_8-cell_mk41_base_v4' (vessel ContainerBase, world (352.7559, 0.0895, -1235.7340)), container='AmmunitionParent' (world (352.7609, 0.0395, -1235.7420)), shipRoot='3-ran_ddg_hobart'.
[WeaponLauncherEffects] [eu_mk41] anchor ready: ContainerBase='eu_8-cell_mk41_base_v4' (vessel ContainerBase, world (352.8019, 0.0895, -1235.7640)), container='AmmunitionParent' (world (352.7969, 0.0395, -1235.7560)), shipRoot='3-ran_ddg_hobart'.
[WeaponLauncherEffects] [eu_mk41] anchor ready: ContainerBase='eu_8-cell_mk41_base_v4' (vessel ContainerBase, world (352.7559, 0.0895, -1235.7640)), container='AmmunitionParent' (world (352.7609, 0.0395, -1235.7720)), shipRoot='3-ran_ddg_hobart'.
[WeaponLauncherEffects] [eu_mk41] anchor ready: ContainerBase='eu_8-cell_mk41_base_v4' (vessel ContainerBase, world (352.8019, 0.0895, -1235.7930)), container='AmmunitionParent' (world (352.7969, 0.0395, -1235.7860)), shipRoot='3-ran_ddg_hobart'.
[WeaponLauncherEffects] [eu_mk41] anchor ready: ContainerBase='eu_8-cell_mk41_base_v4' (vessel ContainerBase, world (352.7559, 0.0895, -1235.7930)), container='AmmunitionParent' (world (352.7609, 0.0395, -1235.8010)), shipRoot='3-ran_ddg_hobart'.
Unloading 1 unused Assets to reduce memory usage. Loaded Objects now: 36406.
Total: 410.308400 ms (FindLiveObjects: 1.851500 ms CreateObjectMapping: 0.969100 ms MarkObjects: 407.408400 ms  DeleteObjects: 0.078900 ms)

Compressed GraphicsFormat RGBA Compressed DXT5|BC3 UNorm requires a texture size that is a multiple of 4
Compressed GraphicsFormat RGBA Compressed DXT5|BC3 UNorm requires a texture size that is a multiple of 4
LoadMaterialFromFile(weapons/usn_agm-84/plan_yj83_mat.ini): SetColor(_Color, {*}808080ff)
LoadMaterialFromFile(weapons/usn_agm-84/plan_yj83_mat.ini): SetColor(_SpecColor, {*}ffffffff)
LoadMaterialFromFile(weapons/usn_agm-84/plan_yj83_mat.ini): SetFloat(_SpecInt, 1.0)
LoadMaterialFromFile(weapons/usn_agm-84/plan_yj83_mat.ini): SetFloat(_Shininess, 6.5)
LoadMaterialFromFile(weapons/usn_agm-84/plan_yj83_mat.ini): SetFloat(_Fresnel, 0.75)
LoadMaterialFromFile(aircraft/mv22b_osprey/osprey_skin_b.ini): SetColor(_Color, {*}b0b0b0ff)
LoadMaterialFromFile(aircraft/mv22b_osprey/osprey_skin_b.ini): SetColor(_SpecColor, {*}181818ff)
LoadMaterialFromFile(aircraft/mv22b_osprey/osprey_skin_b.ini): SetFloat(_SpecInt, 0.04)
LoadMaterialFromFile(aircraft/mv22b_osprey/osprey_skin_b.ini): SetFloat(_Shininess, 8)
LoadMaterialFromFile(aircraft/mv22b_osprey/osprey_skin_b.ini): SetFloat(_Fresnel, 0.02)
LoadMaterialFromFile(aircraft/mv22b_osprey/osprey_skin_a.ini): SetColor(_Color, {*}b0b0b0ff)
LoadMaterialFromFile(aircraft/mv22b_osprey/osprey_skin_a.ini): SetColor(_SpecColor, {*}181818ff)
LoadMaterialFromFile(aircraft/mv22b_osprey/osprey_skin_a.ini): SetFloat(_SpecInt, 0.04)
LoadMaterialFromFile(aircraft/mv22b_osprey/osprey_skin_a.ini): SetFloat(_Shininess, 8)
LoadMaterialFromFile(aircraft/mv22b_osprey/osprey_skin_a.ini): SetFloat(_Fresnel, 0.02)
LoadMaterialFromFile(aircraft/mv22b_osprey/osprey_glass.ini): SetColor(_Color, {*}ffffff40)
LoadMaterialFromFile(aircraft/mv22b_osprey/osprey_glass.ini): SetColor(_SpecColor, {*}303030ff)
LoadMaterialFromFile(aircraft/mv22b_osprey/osprey_glass.ini): SetFloat(_SpecInt, 0.12)
LoadMaterialFromFile(aircraft/mv22b_osprey/osprey_glass.ini): SetFloat(_Shininess, 8)
LoadMaterialFromFile(aircraft/mv22b_osprey/osprey_glass.ini): SetFloat(_Fresnel, 0.08)
LoadMaterialFromFile(aircraft/mv22b_crew/crew.ini): SetColor(_Color, {*}ffffffff)
LoadMaterialFromFile(aircraft/mv22b_crew/crew.ini): SetColor(_SpecColor, {*}303030ff)
LoadMaterialFromFile(aircraft/mv22b_crew/crew.ini): SetFloat(_SpecInt, 0.12)
LoadMaterialFromFile(aircraft/mv22b_crew/crew.ini): SetFloat(_Shininess, 8)
LoadMaterialFromFile(aircraft/mv22b_crew/crew.ini): SetFloat(_Fresnel, 0.08)
LoadMaterialFromFile(aircraft/jmsdf_ch53_standalone/chassis_0.ini): SetColor(_Color, {*}c0c0c0ff)
LoadMaterialFromFile(aircraft/jmsdf_ch53_standalone/chassis_0.ini): SetColor(_SpecColor, {*}303030ff)
LoadMaterialFromFile(aircraft/jmsdf_ch53_standalone/chassis_0.ini): SetFloat(_SpecInt, 0.12)
LoadMaterialFromFile(aircraft/jmsdf_ch53_standalone/chassis_0.ini): SetFloat(_Shininess, 8)
LoadMaterialFromFile(aircraft/jmsdf_ch53_standalone/chassis_0.ini): SetFloat(_Fresnel, 0.08)
LoadMaterialFromFile(aircraft/jmsdf_ch53_standalone/chassis_1.ini): SetColor(_Color, {*}c0c0c0ff)
LoadMaterialFromFile(aircraft/jmsdf_ch53_standalone/chassis_1.ini): SetColor(_SpecColor, {*}303030ff)
LoadMaterialFromFile(aircraft/jmsdf_ch53_standalone/chassis_1.ini): SetFloat(_SpecInt, 0.12)
LoadMaterialFromFile(aircraft/jmsdf_ch53_standalone/chassis_1.ini): SetFloat(_Shininess, 8)
LoadMaterialFromFile(aircraft/jmsdf_ch53_standalone/chassis_1.ini): SetFloat(_Fresnel, 0.08)
LoadMaterialFromFile(aircraft/jmsdf_ch53_standalone/main_rotor_matte_v2.ini): SetColor(_Color, {*}ffffffff)
LoadMaterialFromFile(aircraft/jmsdf_ch53_standalone/tail_rotor_matte_v2.ini): SetColor(_Color, {*}ffffffff)
LoadMaterialFromFile(aircraft/jmsdf_ch53_standalone/chassis_2.ini): SetColor(_Color, {*}c0c0c0ff)
LoadMaterialFromFile(aircraft/jmsdf_ch53_standalone/chassis_2.ini): SetColor(_SpecColor, {*}303030ff)
LoadMaterialFromFile(aircraft/jmsdf_ch53_standalone/chassis_2.ini): SetFloat(_SpecInt, 0.12)
LoadMaterialFromFile(aircraft/jmsdf_ch53_standalone/chassis_2.ini): SetFloat(_Shininess, 8)
LoadMaterialFromFile(aircraft/jmsdf_ch53_standalone/chassis_2.ini): SetFloat(_Fresnel, 0.08)
LoadMaterialFromFile(aircraft/jmsdf_ch53_standalone/chassis_3.ini): SetColor(_Color, {*}c0c0c0ff)
LoadMaterialFromFile(aircraft/jmsdf_ch53_standalone/chassis_3.ini): SetColor(_SpecColor, {*}303030ff)
LoadMaterialFromFile(aircraft/jmsdf_ch53_standalone/chassis_3.ini): SetFloat(_SpecInt, 0.12)
LoadMaterialFromFile(aircraft/jmsdf_ch53_standalone/chassis_3.ini): SetFloat(_Shininess, 8)
LoadMaterialFromFile(aircraft/jmsdf_ch53_standalone/chassis_3.ini): SetFloat(_Fresnel, 0.08)
LoadMaterialFromFile(aircraft/jmsdf_ch53_standalone/chassis_4.ini): SetColor(_Color, {*}c0c0c0ff)
LoadMaterialFromFile(aircraft/jmsdf_ch53_standalone/chassis_4.ini): SetColor(_SpecColor, {*}303030ff)
LoadMaterialFromFile(aircraft/jmsdf_ch53_standalone/chassis_4.ini): SetFloat(_SpecInt, 0.12)
LoadMaterialFromFile(aircraft/jmsdf_ch53_standalone/chassis_4.ini): SetFloat(_Shininess, 8)
LoadMaterialFromFile(aircraft/jmsdf_ch53_standalone/chassis_4.ini): SetFloat(_Fresnel, 0.08)
LoadMaterialFromFile(aircraft/jmsdf_ch53_standalone/chassis_5.ini): SetColor(_Color, {*}c0c0c0ff)
LoadMaterialFromFile(aircraft/jmsdf_ch53_standalone/chassis_5.ini): SetColor(_SpecColor, {*}303030ff)
LoadMaterialFromFile(aircraft/jmsdf_ch53_standalone/chassis_5.ini): SetFloat(_SpecInt, 0.12)
LoadMaterialFromFile(aircraft/jmsdf_ch53_standalone/chassis_5.ini): SetFloat(_Shininess, 8)
LoadMaterialFromFile(aircraft/jmsdf_ch53_standalone/chassis_5.ini): SetFloat(_Fresnel, 0.08)
LoadMaterialFromFile(aircraft/jmsdf_ch53_standalone/interior_0.ini): SetColor(_Color, {*}c0c0c0ff)
LoadMaterialFromFile(aircraft/jmsdf_ch53_standalone/interior_0.ini): SetColor(_SpecColor, {*}303030ff)
LoadMaterialFromFile(aircraft/jmsdf_ch53_standalone/interior_0.ini): SetFloat(_SpecInt, 0.12)
LoadMaterialFromFile(aircraft/jmsdf_ch53_standalone/interior_0.ini): SetFloat(_Shininess, 8)
LoadMaterialFromFile(aircraft/jmsdf_ch53_standalone/interior_0.ini): SetFloat(_Fresnel, 0.08)
LoadMaterialFromFile(aircraft/jmsdf_ch53_standalone/interior_3.ini): SetColor(_Color, {*}c0c0c0ff)
LoadMaterialFromFile(aircraft/jmsdf_ch53_standalone/interior_3.ini): SetColor(_SpecColor, {*}303030ff)
LoadMaterialFromFile(aircraft/jmsdf_ch53_standalone/interior_3.ini): SetFloat(_SpecInt, 0.12)
LoadMaterialFromFile(aircraft/jmsdf_ch53_standalone/interior_3.ini): SetFloat(_Shininess, 8)
LoadMaterialFromFile(aircraft/jmsdf_ch53_standalone/interior_3.ini): SetFloat(_Fresnel, 0.08)
LoadMaterialFromFile(aircraft/jmsdf_ch53_standalone/cock_1.ini): SetColor(_Color, {*}c0c0c0ff)
LoadMaterialFromFile(aircraft/jmsdf_ch53_standalone/cock_1.ini): SetColor(_SpecColor, {*}303030ff)
LoadMaterialFromFile(aircraft/jmsdf_ch53_standalone/cock_1.ini): SetFloat(_SpecInt, 0.12)
LoadMaterialFromFile(aircraft/jmsdf_ch53_standalone/cock_1.ini): SetFloat(_Shininess, 8)
LoadMaterialFromFile(aircraft/jmsdf_ch53_standalone/cock_1.ini): SetFloat(_Fresnel, 0.08)
LoadMaterialFromFile(aircraft/jmsdf_ch53_standalone/cock_2.ini): SetColor(_Color, {*}c0c0c0ff)
LoadMaterialFromFile(aircraft/jmsdf_ch53_standalone/cock_2.ini): SetColor(_SpecColor, {*}303030ff)
LoadMaterialFromFile(aircraft/jmsdf_ch53_standalone/cock_2.ini): SetFloat(_SpecInt, 0.12)
LoadMaterialFromFile(aircraft/jmsdf_ch53_standalone/cock_2.ini): SetFloat(_Shininess, 8)
LoadMaterialFromFile(aircraft/jmsdf_ch53_standalone/cock_2.ini): SetFloat(_Fresnel, 0.08)
LoadMaterialFromFile(aircraft/jmsdf_ch53_standalone/cock_3.ini): SetColor(_Color, {*}c0c0c0ff)
LoadMaterialFromFile(aircraft/jmsdf_ch53_standalone/cock_3.ini): SetColor(_SpecColor, {*}303030ff)
LoadMaterialFromFile(aircraft/jmsdf_ch53_standalone/cock_3.ini): SetFloat(_SpecInt, 0.12)
LoadMaterialFromFile(aircraft/jmsdf_ch53_standalone/cock_3.ini): SetFloat(_Shininess, 8)
LoadMaterialFromFile(aircraft/jmsdf_ch53_standalone/cock_3.ini): SetFloat(_Fresnel, 0.08)
LoadMaterialFromFile(aircraft/jmsdf_ch53_standalone/cock_6.ini): SetColor(_Color, {*}c0c0c0ff)
LoadMaterialFromFile(aircraft/jmsdf_ch53_standalone/cock_6.ini): SetColor(_SpecColor, {*}303030ff)
LoadMaterialFromFile(aircraft/jmsdf_ch53_standalone/cock_6.ini): SetFloat(_SpecInt, 0.12)
LoadMaterialFromFile(aircraft/jmsdf_ch53_standalone/cock_6.ini): SetFloat(_Shininess, 8)
LoadMaterialFromFile(aircraft/jmsdf_ch53_standalone/cock_6.ini): SetFloat(_Fresnel, 0.08)
LoadMaterialFromFile(aircraft/jmsdf_ch53_standalone/cock_7.ini): SetColor(_Color, {*}c0c0c0ff)
LoadMaterialFromFile(aircraft/jmsdf_ch53_standalone/cock_7.ini): SetColor(_SpecColor, {*}303030ff)
LoadMaterialFromFile(aircraft/jmsdf_ch53_standalone/cock_7.ini): SetFloat(_SpecInt, 0.12)
LoadMaterialFromFile(aircraft/jmsdf_ch53_standalone/cock_7.ini): SetFloat(_Shininess, 8)
LoadMaterialFromFile(aircraft/jmsdf_ch53_standalone/cock_7.ini): SetFloat(_Fresnel, 0.08)
LoadMaterialFromFile(aircraft/jmsdf_ch53_standalone/cock_8.ini): SetColor(_Color, {*}c0c0c0ff)
LoadMaterialFromFile(aircraft/jmsdf_ch53_standalone/cock_8.ini): SetColor(_SpecColor, {*}303030ff)
LoadMaterialFromFile(aircraft/jmsdf_ch53_standalone/cock_8.ini): SetFloat(_SpecInt, 0.12)
LoadMaterialFromFile(aircraft/jmsdf_ch53_standalone/cock_8.ini): SetFloat(_Shininess, 8)
LoadMaterialFromFile(aircraft/jmsdf_ch53_standalone/cock_8.ini): SetFloat(_Fresnel, 0.08)
LoadMaterialFromFile(aircraft/jmsdf_ch53_standalone/cock_9.ini): SetColor(_Color, {*}c0c0c0ff)
LoadMaterialFromFile(aircraft/jmsdf_ch53_standalone/cock_9.ini): SetColor(_SpecColor, {*}303030ff)
LoadMaterialFromFile(aircraft/jmsdf_ch53_standalone/cock_9.ini): SetFloat(_SpecInt, 0.12)
LoadMaterialFromFile(aircraft/jmsdf_ch53_standalone/cock_9.ini): SetFloat(_Shininess, 8)
LoadMaterialFromFile(aircraft/jmsdf_ch53_standalone/cock_9.ini): SetFloat(_Fresnel, 0.08)
LoadMaterialFromFile(aircraft/jmsdf_ch53_standalone/cock2_10.ini): SetColor(_Color, {*}c0c0c0ff)
LoadMaterialFromFile(aircraft/jmsdf_ch53_standalone/cock2_10.ini): SetColor(_SpecColor, {*}303030ff)
LoadMaterialFromFile(aircraft/jmsdf_ch53_standalone/cock2_10.ini): SetFloat(_SpecInt, 0.12)
LoadMaterialFromFile(aircraft/jmsdf_ch53_standalone/cock2_10.ini): SetFloat(_Shininess, 8)
LoadMaterialFromFile(aircraft/jmsdf_ch53_standalone/cock2_10.ini): SetFloat(_Fresnel, 0.08)
LoadMaterialFromFile(aircraft/jmsdf_ch53_standalone/cock2_11.ini): SetColor(_Color, {*}c0c0c0ff)
LoadMaterialFromFile(aircraft/jmsdf_ch53_standalone/cock2_11.ini): SetColor(_SpecColor, {*}303030ff)
LoadMaterialFromFile(aircraft/jmsdf_ch53_standalone/cock2_11.ini): SetFloat(_SpecInt, 0.12)
LoadMaterialFromFile(aircraft/jmsdf_ch53_standalone/cock2_11.ini): SetFloat(_Shininess, 8)
LoadMaterialFromFile(aircraft/jmsdf_ch53_standalone/cock2_11.ini): SetFloat(_Fresnel, 0.08)
LoadMaterialFromFile(aircraft/jmsdf_ch53_standalone/cock2_12.ini): SetColor(_Color, {*}c0c0c0ff)
LoadMaterialFromFile(aircraft/jmsdf_ch53_standalone/cock2_12.ini): SetColor(_SpecColor, {*}303030ff)
LoadMaterialFromFile(aircraft/jmsdf_ch53_standalone/cock2_12.ini): SetFloat(_SpecInt, 0.12)
LoadMaterialFromFile(aircraft/jmsdf_ch53_standalone/cock2_12.ini): SetFloat(_Shininess, 8)
LoadMaterialFromFile(aircraft/jmsdf_ch53_standalone/cock2_12.ini): SetFloat(_Fresnel, 0.08)
LoadMaterialFromFile(aircraft/jmsdf_ch53_standalone/glass.ini): SetColor(_Color, {*}ffffff80)
LoadMaterialFromFile(aircraft/jmsdf_ch53_standalone/glass.ini): SetColor(_SpecColor, {*}303030ff)
LoadMaterialFromFile(aircraft/jmsdf_ch53_standalone/glass.ini): SetFloat(_SpecInt, 0.12)
LoadMaterialFromFile(aircraft/jmsdf_ch53_standalone/glass.ini): SetFloat(_Shininess, 8)
LoadMaterialFromFile(aircraft/jmsdf_ch53_standalone/glass.ini): SetFloat(_Fresnel, 0.08)
LoadMaterialFromFile(aircraft/ch53_usn_crew/crew.ini): SetColor(_Color, {*}ffffffff)
LoadMaterialFromFile(aircraft/ch53_usn_crew/crew.ini): SetColor(_SpecColor, {*}303030ff)
LoadMaterialFromFile(aircraft/ch53_usn_crew/crew.ini): SetFloat(_SpecInt, 0.12)
LoadMaterialFromFile(aircraft/ch53_usn_crew/crew.ini): SetFloat(_Shininess, 8)
LoadMaterialFromFile(aircraft/ch53_usn_crew/crew.ini): SetFloat(_Fresnel, 0.08)
NullReferenceException: Object reference not set to an instance of an object | 1 vs 3
NullReferenceException: Object reference not set to an instance of an object
  at SeaPower.SceneCreator.ResolvePlacedCampaignAircraft () [0x0010f] in <a95041ea27024adfbb0775b9b13aeee7>:0 
  at SeaPower.SceneCreator+<LoadMission>d__70.MoveNext () [0x00f3b] in <a95041ea27024adfbb0775b9b13aeee7>:0 
  at UnityEngine.SetupCoroutine.InvokeMoveNext (System.Collections.IEnumerator enumerator, System.IntPtr returnValueAddress) [0x00026] in <6536805c48ed494085b88f7db0d600f0>:0 
UnityEngine.DebugLogHandler:Internal_LogException_Injected(Exception, IntPtr)
UnityEngine.DebugLogHandler:Internal_LogException(Exception, Object)
UnityEngine.DebugLogHandler:LogException(Exception, Object)
Sentry.Unity.Integrations.UnityLogHandlerIntegration:LogException(Exception, Object)
UnityEngine.Logger:LogException(Exception, Object)
UnityEngine.Debug:CallOverridenDebugHandler(Exception, Object)

[3D WebView] [StandaloneWebView.TerminateBrowserProcess] Terminating the browser process.
[Singleton<SeaPower.InputHandler>] Instance will not be returned because the application is quitting.
[Singleton<SeaPower.FileManager>] Instance will not be returned because the application is quitting.
[Singleton<SeaPower.FileManager>] Instance will not be returned because the application is quitting.
[Singleton<SeaPower.FileManager>] Instance will not be returned because the application is quitting.
[Singleton<SeaPower.FileManager>] Instance will not be returned because the application is quitting.
[Singleton<SeaPower.FileManager>] Instance will not be returned because the application is quitting.
[Singleton<SeaPower.LiveMap.ThemeTracker>] Instance will not be returned because the application is quitting.
[Singleton<SeaPower.FileManager>] Instance will not be returned because the application is quitting.
[Singleton<SeaPower.FileManager>] Instance will not be returned because the application is quitting.
[Singleton<SeaPower.FileManager>] Instance will not be returned because the application is quitting.
[Singleton<SeaPower.FileManager>] Instance will not be returned because the application is quitting.
[Singleton<SeaPower.FileManager>] Instance will not be returned because the application is quitting.
[Singleton<SeaPower.LanguageResourceHandler>] Instance will not be returned because the application is quitting.
[Singleton<SeaPower.LanguageResourceHandler>] Instance will not be returned because the application is quitting.
[Physics::Module] Cleanup current backned.
[Physics::Module] Id: 0xf2b8ea05
Input System module state changed to: ShutdownInProgress.
Input System polling thread exited.
Input System module state changed to: Shutdown.
