entry_id,unit_id,label,category,kind,unit_type,subtype,winning_source,mod_title,source_config,providers,alias_directive,asset_id,image_file,mapping_status,engine_image_path,integration_review,mapping_note
3373960386:vessels/wp_cv_orel,wp_cv_orel,wp_cv_orel,Ships,vessels,Vessel,,,Flight Deck Ops,mods-source/3373960386/vessels/wp_cv_orel.ini,"[""3373960386""]",,,,photo_gap,,pending,"Candidate family/component reference only. Verify visible variant, operator, era and configuration. This is a source record, not a claim about the load-order winner."
3378409795:ammunition/rn_seaceptor,rn_seaceptor,rn_seaceptor,Weapons & ammunition,ammunition,,,,Type 23 Frigate,mods-source/3378409795/ammunition/rn_seaceptor.ini,"[""3378409795""]",,,,photo_gap,,pending,"Candidate family/component reference only. Verify visible variant, operator, era and configuration. This is a source record, not a claim about the load-order winner."
3384079999:vessels/civ_humpback,civ_humpback,Humpback,Submarines,vessels,Submarine,,,Humpback Whale,mods-source/3384079999/vessels/civ_humpback.ini,"[""3384079999""]",,,,photo_gap,,pending,"Candidate family/component reference only. Verify visible variant, operator, era and configuration. This is a source record, not a claim about the load-order winner."
3390330875:vessels/usn_ssn_los_angeles_flt2_90,usn_ssn_los_angeles_flt2_90,Los Angeles-class Flight 2,Submarines,vessels,Submarine,,,Euromod - Modern US Navy,mods-source/3390330875/vessels/usn_ssn_los_angeles_flt2_90.ini,"[""3390330875""]",,,,photo_gap,,pending,"Candidate family/component reference only. Verify visible variant, operator, era and configuration. This is a source record, not a claim about the load-order winner."
3390330875:vessels/usn_ssn_los_angeles_flt3_2026,usn_ssn_los_angeles_flt3_2026,Los Angeles-class Flt3 (2026),Submarines,vessels,Submarine,,,Euromod - Modern US Navy,mods-source/3390330875/vessels/usn_ssn_los_angeles_flt3_2026.ini,"[""3390330875""]",,,,photo_gap,,pending,"Candidate family/component reference only. Verify visible variant, operator, era and configuration. This is a source record, not a claim about the load-order winner."
3390330875:vessels/usn_ssn_los_angeles_flt3_90,usn_ssn_los_angeles_flt3_90,Los Angeles-class Flight 3,Submarines,vessels,Submarine,,,Euromod - Modern US Navy,mods-source/3390330875/vessels/usn_ssn_los_angeles_flt3_90.ini,"[""3390330875""]",,,,photo_gap,,pending,"Candidate family/component reference only. Verify visible variant, operator, era and configuration. This is a source record, not a claim about the load-order winner."
3390330875:ammunition/usn_mk48_mod8_adcap,usn_mk48_mod8_adcap,usn_mk48_mod8_adcap,Weapons & ammunition,ammunition,,,,Euromod - Modern US Navy,mods-source/3390330875/ammunition/usn_mk48_mod8_adcap.ini,"[""3390330875""]",,,,photo_gap,,pending,"Candidate family/component reference only. Verify visible variant, operator, era and configuration. This is a source record, not a claim about the load-order winner."
3394781441:land_units/is_airbase_reykjavik,is_airbase_reykjavik,is_airbase_reykjavik,Bases & installations,land_units,LandUnit,Airbase,,B-52G with AGM-86 ALCM(more realistic nuke),mods-source/3394781441/land_units/is_airbase_reykjavik.ini,"[""3394781441""]",,,,photo_gap,,pending,"Candidate family/component reference only. Verify visible variant, operator, era and configuration. This is a source record, not a claim about the load-order winner."
3395022688:ammunition/damage,damage,damage,Weapons & ammunition,ammunition,,,,Tu-95MS with AS-15 ALCM(more realistic nuke),mods-source/3395022688/ammunition/damage.ini,"[""3395022688""]",,,,photo_gap,,pending,"Candidate family/component reference only. Verify visible variant, operator, era and configuration. This is a source record, not a claim about the load-order winner."
3395022688:ammunition/suicide_bomb,suicide_bomb,suicide_bomb,Weapons & ammunition,ammunition,,,,Tu-95MS with AS-15 ALCM(more realistic nuke),mods-source/3395022688/ammunition/suicide_bomb.ini,"[""3395022688""]",,,,photo_gap,,pending,"Candidate family/component reference only. Verify visible variant, operator, era and configuration. This is a source record, not a claim about the load-order winner."
3395022688:ammunition/usn_rockeye,usn_rockeye,usn_rockeye,Weapons & ammunition,ammunition,,,,Tu-95MS with AS-15 ALCM(more realistic nuke),mods-source/3395022688/ammunition/usn_rockeye.ini,"[""3395022688""]",,,,photo_gap,,pending,"Candidate family/component reference only. Verify visible variant, operator, era and configuration. This is a source record, not a claim about the load-order winner."
3395022688:ammunition/wp_65-76,wp_65-76,wp_65-76,Weapons & ammunition,ammunition,,,,Tu-95MS with AS-15 ALCM(more realistic nuke),mods-source/3395022688/ammunition/wp_65-76.ini,"[""3395022688""]",,,,photo_gap,,pending,"Candidate family/component reference only. Verify visible variant, operator, era and configuration. This is a source record, not a claim about the load-order winner."
3395022688:ammunition/wp_as-2,wp_as-2,wp_as-2,Weapons & ammunition,ammunition,,,,Tu-95MS with AS-15 ALCM(more realistic nuke),mods-source/3395022688/ammunition/wp_as-2.ini,"[""3395022688""]",,,,photo_gap,,pending,"Candidate family/component reference only. Verify visible variant, operator, era and configuration. This is a source record, not a claim about the load-order winner."
3395022688:ammunition/wp_as-6,wp_as-6,wp_as-6,Weapons & ammunition,ammunition,,,,Tu-95MS with AS-15 ALCM(more realistic nuke),mods-source/3395022688/ammunition/wp_as-6.ini,"[""3395022688""]",,,,photo_gap,,pending,"Candidate family/component reference only. Verify visible variant, operator, era and configuration. This is a source record, not a claim about the load-order winner."
3395022688:ammunition/wp_rbk-250,wp_rbk-250,wp_rbk-250,Weapons & ammunition,ammunition,,,,Tu-95MS with AS-15 ALCM(more realistic nuke),mods-source/3395022688/ammunition/wp_rbk-250.ini,"[""3395022688""]",,,,photo_gap,,pending,"Candidate family/component reference only. Verify visible variant, operator, era and configuration. This is a source record, not a claim about the load-order winner."
3395022688:ammunition/wp_ss-n-12,wp_ss-n-12,wp_ss-n-12,Weapons & ammunition,ammunition,,,,Tu-95MS with AS-15 ALCM(more realistic nuke),mods-source/3395022688/ammunition/wp_ss-n-12.ini,"[""3395022688""]",,,,photo_gap,,pending,"Candidate family/component reference only. Verify visible variant, operator, era and configuration. This is a source record, not a claim about the load-order winner."
3395022688:ammunition/wp_ss-n-19,wp_ss-n-19,wp_ss-n-19,Weapons & ammunition,ammunition,,,,Tu-95MS with AS-15 ALCM(more realistic nuke),mods-source/3395022688/ammunition/wp_ss-n-19.ini,"[""3395022688""]",,,,photo_gap,,pending,"Candidate family/component reference only. Verify visible variant, operator, era and configuration. This is a source record, not a claim about the load-order winner."
3395022688:ammunition/wp_ss-n-7,wp_ss-n-7,wp_ss-n-7,Weapons & ammunition,ammunition,,,,Tu-95MS with AS-15 ALCM(more realistic nuke),mods-source/3395022688/ammunition/wp_ss-n-7.ini,"[""3395022688""]",,,,photo_gap,,pending,"Candidate family/component reference only. Verify visible variant, operator, era and configuration. This is a source record, not a claim about the load-order winner."
3395022688:ammunition/wp_ss-n-9,wp_ss-n-9,wp_ss-n-9,Weapons & ammunition,ammunition,,,,Tu-95MS with AS-15 ALCM(more realistic nuke),mods-source/3395022688/ammunition/wp_ss-n-9.ini,"[""3395022688""]",,,,photo_gap,,pending,"Candidate family/component reference only. Verify visible variant, operator, era and configuration. This is a source record, not a claim about the load-order winner."
3399699218:vessels/Project 2498 Zyetseth Class Assault Vessel,Project 2498 Zyetseth Class Assault Vessel,Project 2498 Zyetseth Class Assault Vessel,Ships,vessels,Vessel,,,Project 2498 Zyetseth Class Assault Vessel,mods-source/3399699218/vessels/Project 2498 Zyetseth Class Assault Vessel.ini,"[""3399699218""]",,,,photo_gap,,pending,"Candidate family/component reference only. Verify visible variant, operator, era and configuration. This is a source record, not a claim about the load-order winner."
3399699218:vessels/civ_fv_okean_surprise,civ_fv_okean_surprise,Okean Covert-class Trawler,Ships,vessels,Vessel,,,Project 2498 Zyetseth Class Assault Vessel,mods-source/3399699218/vessels/civ_fv_okean_surprise.ini,"[""3399699218""]",,,,photo_gap,,pending,"Candidate family/component reference only. Verify visible variant, operator, era and configuration. This is a source record, not a claim about the load-order winner."
3403661005:aircraft/S-70B-2_Seahawk,S-70B-2_Seahawk,S-70B-2,Aircraft & helicopters,aircraft,Helicopter,,,S-70B-2 Seahawk with AGM-114 'Hellfire' Missiles,mods-source/3403661005/aircraft/S-70B-2_Seahawk.ini,"[""3403661005""]",,,,photo_gap,,pending,"Candidate family/component reference only. Verify visible variant, operator, era and configuration. This is a source record, not a claim about the load-order winner."
3403993583:land_units/civ_spar_rig_helo,civ_spar_rig_helo,Armed oil rig with helo - Iran,Land units,land_units,LandUnit,OilRig,,Armed Oil Rig with helo,mods-source/3403993583/land_units/civ_spar_rig_helo.ini,"[""3403993583""]",,,,photo_gap,,pending,"Candidate family/component reference only. Verify visible variant, operator, era and configuration. This is a source record, not a claim about the load-order winner."
3406985435:vessels/wp_rkr_kirov_improved,wp_rkr_kirov_improved,Kirov-class (Improved),Ships,vessels,Vessel,,,Kirov-class (Pyotr Velikiy Upgrade),mods-source/3406985435/vessels/wp_rkr_kirov_improved.ini,"[""3406985435""]",,,,photo_gap,,pending,"Candidate family/component reference only. Verify visible variant, operator, era and configuration. This is a source record, not a claim about the load-order winner."
3406985435:ammunition/wp_sa-n-11,wp_sa-n-11,wp_sa-n-11,Weapons & ammunition,ammunition,,,,Kirov-class (Pyotr Velikiy Upgrade),mods-source/3406985435/ammunition/wp_sa-n-11.ini,"[""3406985435""]",,,,photo_gap,,pending,"Candidate family/component reference only. Verify visible variant, operator, era and configuration. This is a source record, not a claim about the load-order winner."
3406985435:ammunition/wp_sa-n-20,wp_sa-n-20,wp_sa-n-20,Weapons & ammunition,ammunition,,,,Kirov-class (Pyotr Velikiy Upgrade),mods-source/3406985435/ammunition/wp_sa-n-20.ini,"[""3406985435""]",,,,photo_gap,,pending,"Candidate family/component reference only. Verify visible variant, operator, era and configuration. This is a source record, not a claim about the load-order winner."
3408662804:land_units/wp_ss-26_tel,wp_ss-26_tel,SS-26 TEL,Land units,land_units,LandUnit,MobileUnit,,伊斯坎德尔,mods-source/3408662804/land_units/wp_ss-26_tel.ini,"[""3408662804""]",,,,photo_gap,,pending,"Candidate family/component reference only. Verify visible variant, operator, era and configuration. This is a source record, not a claim about the load-order winner."
3408662804:ammunition/wp_ss-26,wp_ss-26,wp_ss-26,Weapons & ammunition,ammunition,,,,伊斯坎德尔,mods-source/3408662804/ammunition/wp_ss-26.ini,"[""3408662804""]",,,,photo_gap,,pending,"Candidate family/component reference only. Verify visible variant, operator, era and configuration. This is a source record, not a claim about the load-order winner."
3410473695:land_units/wp_mbt_t-55amd-1,wp_mbt_t-55amd-1,T-55AMD-1,Land units,land_units,LandUnit,MobileUnit,,Ground upgrade: MBT,mods-source/3410473695/land_units/wp_mbt_t-55amd-1.ini,"[""3410473695""]",,,,photo_gap,,pending,"Candidate family/component reference only. Verify visible variant, operator, era and configuration. This is a source record, not a claim about the load-order winner."
3410473695:land_units/wp_mbt_t-72b-1989,wp_mbt_t-72b-1989,T-72B Mod.1989,Land units,land_units,LandUnit,MobileUnit,,Ground upgrade: MBT,mods-source/3410473695/land_units/wp_mbt_t-72b-1989.ini,"[""3410473695""]",,,,photo_gap,,pending,"Candidate family/component reference only. Verify visible variant, operator, era and configuration. This is a source record, not a claim about the load-order winner."
3410473695:land_units/wp_mbt_t-72m1,wp_mbt_t-72m1,T-72M1,Land units,land_units,LandUnit,MobileUnit,,Ground upgrade: MBT,mods-source/3410473695/land_units/wp_mbt_t-72m1.ini,"[""3410473695""]",,,,photo_gap,,pending,"Candidate family/component reference only. Verify visible variant, operator, era and configuration. This is a source record, not a claim about the load-order winner."
3410473695:ammunition/brd_cal_dm23,brd_cal_dm23,brd_cal_dm23,Weapons & ammunition,ammunition,,,,Ground upgrade: MBT,mods-source/3410473695/ammunition/brd_cal_dm23.ini,"[""3410473695""]",,,,photo_gap,,pending,"Candidate family/component reference only. Verify visible variant, operator, era and configuration. This is a source record, not a claim about the load-order winner."
3410473695:ammunition/uk_cal_l26,uk_cal_l26,uk_cal_l26,Weapons & ammunition,ammunition,,,,Ground upgrade: MBT,mods-source/3410473695/ammunition/uk_cal_l26.ini,"[""3410473695""]",,,,photo_gap,,pending,"Candidate family/component reference only. Verify visible variant, operator, era and configuration. This is a source record, not a claim about the load-order winner."
3410473695:ammunition/uk_cal_l31a7,uk_cal_l31a7,uk_cal_l31a7,Weapons & ammunition,ammunition,,,,Ground upgrade: MBT,mods-source/3410473695/ammunition/uk_cal_l31a7.ini,"[""3410473695""]",,,,photo_gap,,pending,"Candidate family/component reference only. Verify visible variant, operator, era and configuration. This is a source record, not a claim about the load-order winner."
3410473695:ammunition/usn_cal_05in_land,usn_cal_05in_land,usn_cal_05in_land,Weapons & ammunition,ammunition,,,,Ground upgrade: MBT,mods-source/3410473695/ammunition/usn_cal_05in_land.ini,"[""3410473695""]",,,,photo_gap,,pending,"Candidate family/component reference only. Verify visible variant, operator, era and configuration. This is a source record, not a claim about the load-order winner."
3410473695:ammunition/usn_cal_105mm,usn_cal_105mm,usn_cal_105mm,Weapons & ammunition,ammunition,,,,Ground upgrade: MBT,mods-source/3410473695/ammunition/usn_cal_105mm.ini,"[""3410473695""]",,,,photo_gap,,pending,"Candidate family/component reference only. Verify visible variant, operator, era and configuration. This is a source record, not a claim about the load-order winner."
3410473695:ammunition/usn_cal_m822,usn_cal_m822,usn_cal_m822,Weapons & ammunition,ammunition,,,,Ground upgrade: MBT,mods-source/3410473695/ammunition/usn_cal_m822.ini,"[""3410473695""]",,,,photo_gap,,pending,"Candidate family/component reference only. Verify visible variant, operator, era and configuration. This is a source record, not a claim about the load-order winner."
3410473695:ammunition/usn_cal_m829a2,usn_cal_m829a2,usn_cal_m829a2,Weapons & ammunition,ammunition,,,,Ground upgrade: MBT,mods-source/3410473695/ammunition/usn_cal_m829a2.ini,"[""3410473695""]",,,,photo_gap,,pending,"Candidate family/component reference only. Verify visible variant, operator, era and configuration. This is a source record, not a claim about the load-order winner."
3410473695:ammunition/usn_cal_m830a1,usn_cal_m830a1,usn_cal_m830a1,Weapons & ammunition,ammunition,,,,Ground upgrade: MBT,mods-source/3410473695/ammunition/usn_cal_m830a1.ini,"[""3410473695""]",,,,photo_gap,,pending,"Candidate family/component reference only. Verify visible variant, operator, era and configuration. This is a source record, not a claim about the load-order winner."
3410473695:ammunition/wp_9m117,wp_9m117,wp_9m117,Weapons & ammunition,ammunition,,,,Ground upgrade: MBT,mods-source/3410473695/ammunition/wp_9m117.ini,"[""3410473695""]",,,,photo_gap,,pending,"Candidate family/component reference only. Verify visible variant, operator, era and configuration. This is a source record, not a claim about the load-order winner."
3410473695:ammunition/wp_9m119,wp_9m119,wp_9m119,Weapons & ammunition,ammunition,,,,Ground upgrade: MBT,mods-source/3410473695/ammunition/wp_9m119.ini,"[""3410473695""]",,,,photo_gap,,pending,"Candidate family/component reference only. Verify visible variant, operator, era and configuration. This is a source record, not a claim about the load-order winner."
3410473695:ammunition/wp_aps_drozd,wp_aps_drozd,wp_aps_drozd,Weapons & ammunition,ammunition,,,,Ground upgrade: MBT,mods-source/3410473695/ammunition/wp_aps_drozd.ini,"[""3410473695""]",,,,photo_gap,,pending,"Candidate family/component reference only. Verify visible variant, operator, era and configuration. This is a source record, not a claim about the load-order winner."
3410473695:ammunition/wp_cal_100mm_d10,wp_cal_100mm_d10,wp_cal_100mm_d10,Weapons & ammunition,ammunition,,,,Ground upgrade: MBT,mods-source/3410473695/ammunition/wp_cal_100mm_d10.ini,"[""3410473695""]",,,,photo_gap,,pending,"Candidate family/component reference only. Verify visible variant, operator, era and configuration. This is a source record, not a claim about the load-order winner."
3410473695:ammunition/wp_cal_12.7mm,wp_cal_12.7mm,wp_cal_12.7mm,Weapons & ammunition,ammunition,,,,Ground upgrade: MBT,mods-source/3410473695/ammunition/wp_cal_12.7mm.ini,"[""3410473695""]",,,,photo_gap,,pending,"Candidate family/component reference only. Verify visible variant, operator, era and configuration. This is a source record, not a claim about the load-order winner."
3410473695:ammunition/wp_cal_125mm,wp_cal_125mm,wp_cal_125mm,Weapons & ammunition,ammunition,,,,Ground upgrade: MBT,mods-source/3410473695/ammunition/wp_cal_125mm.ini,"[""3410473695""]",,,,photo_gap,,pending,"Candidate family/component reference only. Verify visible variant, operator, era and configuration. This is a source record, not a claim about the load-order winner."
3410473695:ammunition/wp_cal_3bm22,wp_cal_3bm22,wp_cal_3bm22,Weapons & ammunition,ammunition,,,,Ground upgrade: MBT,mods-source/3410473695/ammunition/wp_cal_3bm22.ini,"[""3410473695""]",,,,photo_gap,,pending,"Candidate family/component reference only. Verify visible variant, operator, era and configuration. This is a source record, not a claim about the load-order winner."
3410473695:ammunition/wp_cal_3bm25,wp_cal_3bm25,wp_cal_3bm25,Weapons & ammunition,ammunition,,,,Ground upgrade: MBT,mods-source/3410473695/ammunition/wp_cal_3bm25.ini,"[""3410473695""]",,,,photo_gap,,pending,"Candidate family/component reference only. Verify visible variant, operator, era and configuration. This is a source record, not a claim about the load-order winner."
3410473695:ammunition/wp_cal_3bm42,wp_cal_3bm42,wp_cal_3bm42,Weapons & ammunition,ammunition,,,,Ground upgrade: MBT,mods-source/3410473695/ammunition/wp_cal_3bm42.ini,"[""3410473695""]",,,,photo_gap,,pending,"Candidate family/component reference only. Verify visible variant, operator, era and configuration. This is a source record, not a claim about the load-order winner."
3410473695:ammunition/wp_cal_3bm46,wp_cal_3bm46,wp_cal_3bm46,Weapons & ammunition,ammunition,,,,Ground upgrade: MBT,mods-source/3410473695/ammunition/wp_cal_3bm46.ini,"[""3410473695""]",,,,photo_gap,,pending,"Candidate family/component reference only. Verify visible variant, operator, era and configuration. This is a source record, not a claim about the load-order winner."
3410473695:ammunition/wp_cal_3of26,wp_cal_3of26,wp_cal_3of26,Weapons & ammunition,ammunition,,,,Ground upgrade: MBT,mods-source/3410473695/ammunition/wp_cal_3of26.ini,"[""3410473695""]",,,,photo_gap,,pending,"Candidate family/component reference only. Verify visible variant, operator, era and configuration. This is a source record, not a claim about the load-order winner."
3410473695:ammunition/wp_cal_of412,wp_cal_of412,wp_cal_of412,Weapons & ammunition,ammunition,,,,Ground upgrade: MBT,mods-source/3410473695/ammunition/wp_cal_of412.ini,"[""3410473695""]",,,,photo_gap,,pending,"Candidate family/component reference only. Verify visible variant, operator, era and configuration. This is a source record, not a claim about the load-order winner."
3412480633:ammunition/brd_cal_dm63,brd_cal_dm63,brd_cal_dm63,Weapons & ammunition,ammunition,,,,Ground upgrade: IFV,mods-source/3412480633/ammunition/brd_cal_dm63.ini,"[""3412480633""]",,,,photo_gap,,pending,"Candidate family/component reference only. Verify visible variant, operator, era and configuration. This is a source record, not a claim about the load-order winner."
3412480633:ammunition/uk_cal_30x170_apds-t,uk_cal_30x170_apds-t,uk_cal_30x170_apds-t,Weapons & ammunition,ammunition,,,,Ground upgrade: IFV,mods-source/3412480633/ammunition/uk_cal_30x170_apds-t.ini,"[""3412480633""]",,,,photo_gap,,pending,"Candidate family/component reference only. Verify visible variant, operator, era and configuration. This is a source record, not a claim about the load-order winner."
3412480633:ammunition/uk_milan-1,uk_milan-1,uk_milan-1,Weapons & ammunition,ammunition,,,,Ground upgrade: IFV,mods-source/3412480633/ammunition/uk_milan-1.ini,"[""3412480633""]",,,,photo_gap,,pending,"Candidate family/component reference only. Verify visible variant, operator, era and configuration. This is a source record, not a claim about the load-order winner."
3412480633:ammunition/usa_bgm-71a,usa_bgm-71a,usa_bgm-71a,Weapons & ammunition,ammunition,,,,Ground upgrade: IFV,mods-source/3412480633/ammunition/usa_bgm-71a.ini,"[""3412480633""]",,,,photo_gap,,pending,"Candidate family/component reference only. Verify visible variant, operator, era and configuration. This is a source record, not a claim about the load-order winner."
3412480633:ammunition/usn_cal_25mm_m2,usn_cal_25mm_m2,usn_cal_25mm_m2,Weapons & ammunition,ammunition,,,,Ground upgrade: IFV,mods-source/3412480633/ammunition/usn_cal_25mm_m2.ini,"[""3412480633""]",,,,photo_gap,,pending,"Candidate family/component reference only. Verify visible variant, operator, era and configuration. This is a source record, not a claim about the load-order winner."
3412480633:ammunition/wp_3ubr8,wp_3ubr8,wp_3ubr8,Weapons & ammunition,ammunition,,,,Ground upgrade: IFV,mods-source/3412480633/ammunition/wp_3ubr8.ini,"[""3412480633""]",,,,photo_gap,,pending,"Candidate family/component reference only. Verify visible variant, operator, era and configuration. This is a source record, not a claim about the load-order winner."
3412480633:ammunition/wp_9m113,wp_9m113,wp_9m113,Weapons & ammunition,ammunition,,,,Ground upgrade: IFV,mods-source/3412480633/ammunition/wp_9m113.ini,"[""3412480633""]",,,,photo_gap,,pending,"Candidate family/component reference only. Verify visible variant, operator, era and configuration. This is a source record, not a claim about the load-order winner."
3412480633:ammunition/wp_9m14,wp_9m14,wp_9m14,Weapons & ammunition,ammunition,,,,Ground upgrade: IFV,mods-source/3412480633/ammunition/wp_9m14.ini,"[""3412480633""]",,,,photo_gap,,pending,"Candidate family/component reference only. Verify visible variant, operator, era and configuration. This is a source record, not a claim about the load-order winner."
3412480633:ammunition/wp_og-15v,wp_og-15v,wp_og-15v,Weapons & ammunition,ammunition,,,,Ground upgrade: IFV,mods-source/3412480633/ammunition/wp_og-15v.ini,"[""3412480633""]",,,,photo_gap,,pending,"Candidate family/component reference only. Verify visible variant, operator, era and configuration. This is a source record, not a claim about the load-order winner."
3412480633:ammunition/wp_pg-15v,wp_pg-15v,wp_pg-15v,Weapons & ammunition,ammunition,,,,Ground upgrade: IFV,mods-source/3412480633/ammunition/wp_pg-15v.ini,"[""3412480633""]",,,,photo_gap,,pending,"Candidate family/component reference only. Verify visible variant, operator, era and configuration. This is a source record, not a claim about the load-order winner."
3413868677:aircraft/china_tianlong_satellite,china_tianlong_satellite,TIANLONG-1,Aircraft & helicopters,aircraft,Aircraft,,,Red Storm Arsenal,mods-source/3413868677/aircraft/china_tianlong_satellite.ini,"[""3413868677""]",,,,photo_gap,,pending,"Candidate family/component reference only. Verify visible variant, operator, era and configuration. This is a source record, not a claim about the load-order winner."
3413868677:aircraft/jmsdf_f_4ej2,jmsdf_f_4ej2,F-4EJ Kai II,Aircraft & helicopters,aircraft,Aircraft,,,Red Storm Arsenal,mods-source/3413868677/aircraft/jmsdf_f_4ej2.ini,"[""3413868677""]",,,,photo_gap,,pending,"Candidate family/component reference only. Verify visible variant, operator, era and configuration. This is a source record, not a claim about the load-order winner."
3413868677:aircraft/jmsdf_kv_107IIA_3,jmsdf_kv_107IIA_3,KV-107IIA-3,Aircraft & helicopters,aircraft,Helicopter,,,Red Storm Arsenal,mods-source/3413868677/aircraft/jmsdf_kv_107IIA_3.ini,"[""3413868677""]",,,,photo_gap,,pending,"Candidate family/component reference only. Verify visible variant, operator, era and configuration. This is a source record, not a claim about the load-order winner."
3413868677:aircraft/jmsdf_kv_107II_4,jmsdf_kv_107II_4,KV-107II-4,Aircraft & helicopters,aircraft,Helicopter,,,Red Storm Arsenal,mods-source/3413868677/aircraft/jmsdf_kv_107II_4.ini,"[""3413868677""]",,,,photo_gap,,pending,"Candidate family/component reference only. Verify visible variant, operator, era and configuration. This is a source record, not a claim about the load-order winner."
3413868677:aircraft/plaaf_j1f,plaaf_j1f,J-1F Fork,Aircraft & helicopters,aircraft,Aircraft,,,Red Storm Arsenal,mods-source/3413868677/aircraft/plaaf_j1f.ini,"[""3413868677""]",,,,photo_gap,,pending,"Candidate family/component reference only. Verify visible variant, operator, era and configuration. This is a source record, not a claim about the load-order winner."
3413868677:aircraft/plaaf_j5,plaaf_j5,J-5M Fresco,Aircraft & helicopters,aircraft,Aircraft,,,Red Storm Arsenal,mods-source/3413868677/aircraft/plaaf_j5.ini,"[""3413868677""]",,,,photo_gap,,pending,"Candidate family/component reference only. Verify visible variant, operator, era and configuration. This is a source record, not a claim about the load-order winner."
3413868677:aircraft/plaaf_j_36,plaaf_j_36,J-36A Flash,Aircraft & helicopters,aircraft,Aircraft,,,Red Storm Arsenal,mods-source/3413868677/aircraft/plaaf_j_36.ini,"[""3413868677""]",,,,photo_gap,,pending,"Candidate family/component reference only. Verify visible variant, operator, era and configuration. This is a source record, not a claim about the load-order winner."
3413868677:aircraft/plaaf_jh2m,plaaf_jh2m,JH-2M Forcer,Aircraft & helicopters,aircraft,Aircraft,,,Red Storm Arsenal,mods-source/3413868677/aircraft/plaaf_jh2m.ini,"[""3413868677""]",,,,photo_gap,,pending,"Candidate family/component reference only. Verify visible variant, operator, era and configuration. This is a source record, not a claim about the load-order winner."
3413868677:aircraft/plaaf_jh_6,plaaf_jh_6,JH-6 Fender-A,Aircraft & helicopters,aircraft,Aircraft,,,Red Storm Arsenal,mods-source/3413868677/aircraft/plaaf_jh_6.ini,"[""3413868677""]",,,,photo_gap,,pending,"Candidate family/component reference only. Verify visible variant, operator, era and configuration. This is a source record, not a claim about the load-order winner."
3413868677:aircraft/plaaf_jh_6a,plaaf_jh_6a,JH-6A Fender-B,Aircraft & helicopters,aircraft,Aircraft,,,Red Storm Arsenal,mods-source/3413868677/aircraft/plaaf_jh_6a.ini,"[""3413868677""]",,,,photo_gap,,pending,"Candidate family/component reference only. Verify visible variant, operator, era and configuration. This is a source record, not a claim about the load-order winner."
3413868677:aircraft/plaaf_kj100a,plaaf_kj100a,KJ-100A,Aircraft & helicopters,aircraft,Aircraft,,,Red Storm Arsenal,mods-source/3413868677/aircraft/plaaf_kj100a.ini,"[""3413868677""]",,,,photo_gap,,pending,"Candidate family/component reference only. Verify visible variant, operator, era and configuration. This is a source record, not a claim about the load-order winner."
3413868677:aircraft/plaaf_kj100b,plaaf_kj100b,KJ-100B,Aircraft & helicopters,aircraft,Aircraft,,,Red Storm Arsenal,mods-source/3413868677/aircraft/plaaf_kj100b.ini,"[""3413868677""]",,,,photo_gap,,pending,"Candidate family/component reference only. Verify visible variant, operator, era and configuration. This is a source record, not a claim about the load-order winner."
3413868677:aircraft/plan_j9,plan_j9,J-9 Falx,Aircraft & helicopters,aircraft,Aircraft,,,Red Storm Arsenal,mods-source/3413868677/aircraft/plan_j9.ini,"[""3413868677""]",,,,photo_gap,,pending,"Candidate family/component reference only. Verify visible variant, operator, era and configuration. This is a source record, not a claim about the load-order winner."
3413868677:aircraft/plan_kj1000,plan_kj1000,KJ-1000,Aircraft & helicopters,aircraft,Aircraft,,,Red Storm Arsenal,mods-source/3413868677/aircraft/plan_kj1000.ini,"[""3413868677""]",,,,photo_gap,,pending,"Candidate family/component reference only. Verify visible variant, operator, era and configuration. This is a source record, not a claim about the load-order winner."
3413868677:aircraft/plan_kq100,plan_kq100,KQ-100,Aircraft & helicopters,aircraft,Aircraft,,,Red Storm Arsenal,mods-source/3413868677/aircraft/plan_kq100.ini,"[""3413868677""]",,,,photo_gap,,pending,"Candidate family/component reference only. Verify visible variant, operator, era and configuration. This is a source record, not a claim about the load-order winner."
3413868677:aircraft/plan_sh_6,plan_sh_6,SH-6,Aircraft & helicopters,aircraft,Aircraft,,,Red Storm Arsenal,mods-source/3413868677/aircraft/plan_sh_6.ini,"[""3413868677""]",,,,photo_gap,,pending,"Candidate family/component reference only. Verify visible variant, operator, era and configuration. This is a source record, not a claim about the load-order winner."
3413868677:aircraft/plan_y10d,plan_y10d,Y-10D,Aircraft & helicopters,aircraft,Aircraft,,,Red Storm Arsenal,mods-source/3413868677/aircraft/plan_y10d.ini,"[""3413868677""]",,,,photo_gap,,pending,"Candidate family/component reference only. Verify visible variant, operator, era and configuration. This is a source record, not a claim about the load-order winner."
3413868677:aircraft/usa_thor_satellite,usa_thor_satellite,THOR-1,Aircraft & helicopters,aircraft,Aircraft,,,Red Storm Arsenal,mods-source/3413868677/aircraft/usa_thor_satellite.ini,"[""3413868677""]",,,,photo_gap,,pending,"Candidate family/component reference only. Verify visible variant, operator, era and configuration. This is a source record, not a claim about the load-order winner."
3413868677:aircraft/usaf_f_47,usaf_f_47,F-47A Talon,Aircraft & helicopters,aircraft,Aircraft,,,Red Storm Arsenal,mods-source/3413868677/aircraft/usaf_f_47.ini,"[""3413868677""]",,,,photo_gap,,pending,"Candidate family/component reference only. Verify visible variant, operator, era and configuration. This is a source record, not a claim about the load-order winner."
3413868677:aircraft/usmc_av_8b,usmc_av_8b,AV-8B Harrier II,Aircraft & helicopters,aircraft,VTOL,,,Red Storm Arsenal,mods-source/3413868677/aircraft/usmc_av_8b.ini,"[""3413868677""]",,,,photo_gap,,pending,"Candidate family/component reference only. Verify visible variant, operator, era and configuration. This is a source record, not a claim about the load-order winner."
3413868677:aircraft/usmc_av_8b_plus,usmc_av_8b_plus,AV-8B Harrier II Plus,Aircraft & helicopters,aircraft,VTOL,,,Red Storm Arsenal,mods-source/3413868677/aircraft/usmc_av_8b_plus.ini,"[""3413868677""]",,,,photo_gap,,pending,"Candidate family/component reference only. Verify visible variant, operator, era and configuration. This is a source record, not a claim about the load-order winner."
3413868677:aircraft/usn_a-6g,usn_a-6g,A-6G Intruder II,Aircraft & helicopters,aircraft,Aircraft,,,Red Storm Arsenal,mods-source/3413868677/aircraft/usn_a-6g.ini,"[""3413868677""]",,,,photo_gap,,pending,"Candidate family/component reference only. Verify visible variant, operator, era and configuration. This is a source record, not a claim about the load-order winner."
3413868677:aircraft/usn_a_6f,usn_a_6f,A-6F Intruder II,Aircraft & helicopters,aircraft,Aircraft,,,Red Storm Arsenal,mods-source/3413868677/aircraft/usn_a_6f.ini,"[""3413868677""]",,,,photo_gap,,pending,"Candidate family/component reference only. Verify visible variant, operator, era and configuration. This is a source record, not a claim about the load-order winner."
3413868677:aircraft/usn_fa_xx,usn_fa_xx,F/A-38A Specter,Aircraft & helicopters,aircraft,Aircraft,,,Red Storm Arsenal,mods-source/3413868677/aircraft/usn_fa_xx.ini,"[""3413868677""]",,,,photo_gap,,pending,"Candidate family/component reference only. Verify visible variant, operator, era and configuration. This is a source record, not a claim about the load-order winner."
3413868677:aircraft/usn_qh_50e,usn_qh_50e,QH-50E DASH,Aircraft & helicopters,aircraft,Helicopter,,,Red Storm Arsenal,mods-source/3413868677/aircraft/usn_qh_50e.ini,"[""3413868677""]",,,,photo_gap,,pending,"Candidate family/component reference only. Verify visible variant, operator, era and configuration. This is a source record, not a claim about the load-order winner."
3413868677:aircraft/wp_ka_25e,wp_ka_25e,Ka-25E Hormone-D,Aircraft & helicopters,aircraft,Helicopter,,,Red Storm Arsenal,mods-source/3413868677/aircraft/wp_ka_25e.ini,"[""3413868677""]",,,,photo_gap,,pending,"Candidate family/component reference only. Verify visible variant, operator, era and configuration. This is a source record, not a claim about the load-order winner."
3413868677:aircraft/wp_ka_27PL,wp_ka_27PL,Ka-27PL Helix-A,Aircraft & helicopters,aircraft,Helicopter,,,Red Storm Arsenal,mods-source/3413868677/aircraft/wp_ka_27PL.ini,"[""3413868677""]",,,,photo_gap,,pending,"Candidate family/component reference only. Verify visible variant, operator, era and configuration. This is a source record, not a claim about the load-order winner."
3413868677:aircraft/wp_mig_23am_98,wp_mig_23am_98,MiG-23AM Flogger-L,Aircraft & helicopters,aircraft,Aircraft,,,Red Storm Arsenal,mods-source/3413868677/aircraft/wp_mig_23am_98.ini,"[""3413868677""]",,,,photo_gap,,pending,"Candidate family/component reference only. Verify visible variant, operator, era and configuration. This is a source record, not a claim about the load-order winner."
3413868677:aircraft/wp_p_42_98,wp_p_42_98,P-42A Manta,Aircraft & helicopters,aircraft,Aircraft,,,Red Storm Arsenal,mods-source/3413868677/aircraft/wp_p_42_98.ini,"[""3413868677""]",,,,photo_gap,,pending,"Candidate family/component reference only. Verify visible variant, operator, era and configuration. This is a source record, not a claim about the load-order winner."
3413868677:aircraft/wp_p_42_rldn_98,wp_p_42_rldn_98,P-42RLDN Mistral,Aircraft & helicopters,aircraft,Aircraft,,,Red Storm Arsenal,mods-source/3413868677/aircraft/wp_p_42_rldn_98.ini,"[""3413868677""]",,,,photo_gap,,pending,"Candidate family/component reference only. Verify visible variant, operator, era and configuration. This is a source record, not a claim about the load-order winner."
3413868677:aircraft/wp_perun_satellite,wp_perun_satellite,PERUN-1,Aircraft & helicopters,aircraft,Aircraft,,,Red Storm Arsenal,mods-source/3413868677/aircraft/wp_perun_satellite.ini,"[""3413868677""]",,,,photo_gap,,pending,"Candidate family/component reference only. Verify visible variant, operator, era and configuration. This is a source record, not a claim about the load-order winner."
3413868677:aircraft/wp_taifun_98,wp_taifun_98,Ko-45A Taifun-A,Aircraft & helicopters,aircraft,Aircraft,,,Red Storm Arsenal,mods-source/3413868677/aircraft/wp_taifun_98.ini,"[""3413868677""]",,,,photo_gap,,pending,"Candidate family/component reference only. Verify visible variant, operator, era and configuration. This is a source record, not a claim about the load-order winner."
3413868677:aircraft/wp_taifun_ew_98,wp_taifun_ew_98,Ko-45MP Taifun-E,Aircraft & helicopters,aircraft,Aircraft,,,Red Storm Arsenal,mods-source/3413868677/aircraft/wp_taifun_ew_98.ini,"[""3413868677""]",,,,photo_gap,,pending,"Candidate family/component reference only. Verify visible variant, operator, era and configuration. This is a source record, not a claim about the load-order winner."
3413868677:aircraft/wp_yak_44,wp_yak_44,Yak-44A Mayfly,Aircraft & helicopters,aircraft,Aircraft,,,Red Storm Arsenal,mods-source/3413868677/aircraft/wp_yak_44.ini,"[""3413868677""]",,,,photo_gap,,pending,"Candidate family/component reference only. Verify visible variant, operator, era and configuration. This is a source record, not a claim about the load-order winner."
3413868677:vessels/_narco_speedboat,_narco_speedboat,Go-Fast Boat-class (SMUGGLING),Ships,vessels,Vessel,,,Red Storm Arsenal,mods-source/3413868677/vessels/_narco_speedboat.ini,"[""3413868677""]",,,,photo_gap,,pending,"Candidate family/component reference only. Verify visible variant, operator, era and configuration. This is a source record, not a claim about the load-order winner."
3413868677:vessels/ir_ptg_peykaap_2,ir_ptg_peykaap_2,Peykaap II-class,Ships,vessels,Vessel,,,Red Storm Arsenal,mods-source/3413868677/vessels/ir_ptg_peykaap_2.ini,"[""3413868677""]",,,,photo_gap,,pending,"Candidate family/component reference only. Verify visible variant, operator, era and configuration. This is a source record, not a claim about the load-order winner."
3413868677:vessels/ir_ptg_peykaap_3,ir_ptg_peykaap_3,Peykaap III-class,Ships,vessels,Vessel,,,Red Storm Arsenal,mods-source/3413868677/vessels/ir_ptg_peykaap_3.ini,"[""3413868677""]",,,,photo_gap,,pending,"Candidate family/component reference only. Verify visible variant, operator, era and configuration. This is a source record, not a claim about the load-order winner."
3413868677:vessels/ir_ptg_peykaap_3_export,ir_ptg_peykaap_3_export,Peykaap III-class (Export),Ships,vessels,Vessel,,,Red Storm Arsenal,mods-source/3413868677/vessels/ir_ptg_peykaap_3_export.ini,"[""3413868677""]",,,,photo_gap,,pending,"Candidate family/component reference only. Verify visible variant, operator, era and configuration. This is a source record, not a claim about the load-order winner."
3413868677:vessels/jmsdf_cv_shokaku_late,jmsdf_cv_shokaku_late,Shōkaku-class (Late—Fictional),Ships,vessels,Vessel,,,Red Storm Arsenal,mods-source/3413868677/vessels/jmsdf_cv_shokaku_late.ini,"[""3413868677""]",,,,photo_gap,,pending,"Candidate family/component reference only. Verify visible variant, operator, era and configuration. This is a source record, not a claim about the load-order winner."
3413868677:vessels/jmsdf_cvn_yamato,jmsdf_cvn_yamato,Yamato-class (Fictional),Ships,vessels,Vessel,,,Red Storm Arsenal,mods-source/3413868677/vessels/jmsdf_cvn_yamato.ini,"[""3413868677""]",,,,photo_gap,,pending,"Candidate family/component reference only. Verify visible variant, operator, era and configuration. This is a source record, not a claim about the load-order winner."
3413868677:vessels/jmsdf_ddh_fuso,jmsdf_ddh_fuso,Fusō-class (Fictional),Ships,vessels,Vessel,,,Red Storm Arsenal,mods-source/3413868677/vessels/jmsdf_ddh_fuso.ini,"[""3413868677""]",,,,photo_gap,,pending,"Candidate family/component reference only. Verify visible variant, operator, era and configuration. This is a source record, not a claim about the load-order winner."
3413868677:vessels/jmsdf_ssn_unryu,jmsdf_ssn_unryu,Unryū-class (Fictional),Submarines,vessels,Submarine,,,Red Storm Arsenal,mods-source/3413868677/vessels/jmsdf_ssn_unryu.ini,"[""3413868677""]",,,,photo_gap,,pending,"Candidate family/component reference only. Verify visible variant, operator, era and configuration. This is a source record, not a claim about the load-order winner."
3413868677:vessels/jmsdf_ssn_zuiho,jmsdf_ssn_zuiho,Zuihō-class (Fictional),Submarines,vessels,Submarine,,,Red Storm Arsenal,mods-source/3413868677/vessels/jmsdf_ssn_zuiho.ini,"[""3413868677""]",,,,photo_gap,,pending,"Candidate family/component reference only. Verify visible variant, operator, era and configuration. This is a source record, not a claim about the load-order winner."
3413868677:vessels/plan_cg_type045_early,plan_cg_type045_early,Type 045-class (Early—Fictional),Ships,vessels,Vessel,,,Red Storm Arsenal,mods-source/3413868677/vessels/plan_cg_type045_early.ini,"[""3413868677""]",,,,photo_gap,,pending,"Candidate family/component reference only. Verify visible variant, operator, era and configuration. This is a source record, not a claim about the load-order winner."
3413868677:vessels/plan_cg_type045_late,plan_cg_type045_late,Type 045-class (Late—Fictional),Ships,vessels,Vessel,,,Red Storm Arsenal,mods-source/3413868677/vessels/plan_cg_type045_late.ini,"[""3413868677""]",,,,photo_gap,,pending,"Candidate family/component reference only. Verify visible variant, operator, era and configuration. This is a source record, not a claim about the load-order winner."
3413868677:vessels/plan_cg_type1164e,plan_cg_type1164e,Type 1164E-class (Fictional),Ships,vessels,Vessel,,,Red Storm Arsenal,mods-source/3413868677/vessels/plan_cg_type1164e.ini,"[""3413868677""]",,,,photo_gap,,pending,"Candidate family/component reference only. Verify visible variant, operator, era and configuration. This is a source record, not a claim about the load-order winner."
3413868677:vessels/plan_cv_liaoning,plan_cv_liaoning,Type 001-class (Fictional),Ships,vessels,Vessel,,,Red Storm Arsenal,mods-source/3413868677/vessels/plan_cv_liaoning.ini,"[""3413868677""]",,,,photo_gap,,pending,"Candidate family/component reference only. Verify visible variant, operator, era and configuration. This is a source record, not a claim about the load-order winner."
3413868677:vessels/plan_ddg_type051m,plan_ddg_type051m,Type 051M-class (Fictional),Ships,vessels,Vessel,,,Red Storm Arsenal,mods-source/3413868677/vessels/plan_ddg_type051m.ini,"[""3413868677""]",,,,photo_gap,,pending,"Candidate family/component reference only. Verify visible variant, operator, era and configuration. This is a source record, not a claim about the load-order winner."
3413868677:vessels/plan_ddg_type_052C_rsa,plan_ddg_type_052C_rsa,Type 052C-class,Ships,vessels,Vessel,,,Red Storm Arsenal,mods-source/3413868677/vessels/plan_ddg_type_052C_rsa.ini,"[""3413868677""]",,,,photo_gap,,pending,"Candidate family/component reference only. Verify visible variant, operator, era and configuration. This is a source record, not a claim about the load-order winner."
3413868677:vessels/plan_ddg_type_052D_rsa,plan_ddg_type_052D_rsa,Type 052D-class,Ships,vessels,Vessel,,,Red Storm Arsenal,mods-source/3413868677/vessels/plan_ddg_type_052D_rsa.ini,"[""3413868677""]",,,,photo_gap,,pending,"Candidate family/component reference only. Verify visible variant, operator, era and configuration. This is a source record, not a claim about the load-order winner."
3413868677:vessels/plan_ffg_krivak2,plan_ffg_krivak2,Type 1135E-class (Fictional),Ships,vessels,Vessel,,,Red Storm Arsenal,mods-source/3413868677/vessels/plan_ffg_krivak2.ini,"[""3413868677""]",,,,photo_gap,,pending,"Candidate family/component reference only. Verify visible variant, operator, era and configuration. This is a source record, not a claim about the load-order winner."
3413868677:vessels/plan_ffg_type_054_late_rsa,plan_ffg_type_054_late_rsa,Type 054-class (Late),Ships,vessels,Vessel,,,Red Storm Arsenal,mods-source/3413868677/vessels/plan_ffg_type_054_late_rsa.ini,"[""3413868677""]",,,,photo_gap,,pending,"Candidate family/component reference only. Verify visible variant, operator, era and configuration. This is a source record, not a claim about the load-order winner."
3413868677:vessels/plan_ffg_type_054_rsa,plan_ffg_type_054_rsa,Type 054-class,Ships,vessels,Vessel,,,Red Storm Arsenal,mods-source/3413868677/vessels/plan_ffg_type_054_rsa.ini,"[""3413868677""]",,,,photo_gap,,pending,"Candidate family/component reference only. Verify visible variant, operator, era and configuration. This is a source record, not a claim about the load-order winner."
3413868677:vessels/plan_ffg_type_054b,plan_ffg_type_054b,Type 054B-class,Ships,vessels,Vessel,,,Red Storm Arsenal,mods-source/3413868677/vessels/plan_ffg_type_054b.ini,"[""3413868677""]",,,,photo_gap,,pending,"Candidate family/component reference only. Verify visible variant, operator, era and configuration. This is a source record, not a claim about the load-order winner."
3413868677:vessels/plan_lha_type1143e,plan_lha_type1143e,Type 1143E-class (Fictional),Ships,vessels,Vessel,,,Red Storm Arsenal,mods-source/3413868677/vessels/plan_lha_type1143e.ini,"[""3413868677""]",,,,photo_gap,,pending,"Candidate family/component reference only. Verify visible variant, operator, era and configuration. This is a source record, not a claim about the load-order winner."
3413868677:vessels/plan_ptg_type037IIE,plan_ptg_type037IIE,Type 037IIE-class,Ships,vessels,Vessel,,,Red Storm Arsenal,mods-source/3413868677/vessels/plan_ptg_type037IIE.ini,"[""3413868677""]",,,,photo_gap,,pending,"Candidate family/component reference only. Verify visible variant, operator, era and configuration. This is a source record, not a claim about the load-order winner."
3413868677:vessels/plan_sshn_type_100,plan_sshn_type_100,Type 100-class (Fictional),Submarines,vessels,Submarine,,,Red Storm Arsenal,mods-source/3413868677/vessels/plan_sshn_type_100.ini,"[""3413868677""]",,,,photo_gap,,pending,"Candidate family/component reference only. Verify visible variant, operator, era and configuration. This is a source record, not a claim about the load-order winner."
3413868677:vessels/plan_ssn_type_093_rsa,plan_ssn_type_093_rsa,Type 093-class,Submarines,vessels,Submarine,,,Red Storm Arsenal,mods-source/3413868677/vessels/plan_ssn_type_093_rsa.ini,"[""3413868677""]",,,,photo_gap,,pending,"Candidate family/component reference only. Verify visible variant, operator, era and configuration. This is a source record, not a claim about the load-order winner."
3413868677:vessels/plan_ssn_type_093a_rsa,plan_ssn_type_093a_rsa,Type 093A-class,Submarines,vessels,Submarine,,,Red Storm Arsenal,mods-source/3413868677/vessels/plan_ssn_type_093a_rsa.ini,"[""3413868677""]",,,,photo_gap,,pending,"Candidate family/component reference only. Verify visible variant, operator, era and configuration. This is a source record, not a claim about the load-order winner."
3413868677:vessels/plan_ssn_type_093b_rsa,plan_ssn_type_093b_rsa,Type 093B-class,Submarines,vessels,Submarine,,,Red Storm Arsenal,mods-source/3413868677/vessels/plan_ssn_type_093b_rsa.ini,"[""3413868677""]",,,,photo_gap,,pending,"Candidate family/component reference only. Verify visible variant, operator, era and configuration. This is a source record, not a claim about the load-order winner."
3413868677:vessels/plan_ssn_type_095_rsa,plan_ssn_type_095_rsa,Type 095-class,Submarines,vessels,Submarine,,,Red Storm Arsenal,mods-source/3413868677/vessels/plan_ssn_type_095_rsa.ini,"[""3413868677""]",,,,photo_gap,,pending,"Candidate family/component reference only. Verify visible variant, operator, era and configuration. This is a source record, not a claim about the load-order winner."
3413868677:vessels/plan_ssnh_type83,plan_ssnh_type83,Type 083-class (Fictional),Submarines,vessels,Submarine,,,Red Storm Arsenal,mods-source/3413868677/vessels/plan_ssnh_type83.ini,"[""3413868677""]",,,,photo_gap,,pending,"Candidate family/component reference only. Verify visible variant, operator, era and configuration. This is a source record, not a claim about the load-order winner."
3413868677:vessels/usn_aem_james_madison,usn_aem_james_madison,James Madison-class (Fictional),Ships,vessels,Vessel,,,Red Storm Arsenal,mods-source/3413868677/vessels/usn_aem_james_madison.ini,"[""3413868677""]",,,,photo_gap,,pending,"Candidate family/component reference only. Verify visible variant, operator, era and configuration. This is a source record, not a claim about the load-order winner."
3413868677:vessels/usn_aem_nathan_hale,usn_aem_nathan_hale,Nathan Hale-class (Fictional),Ships,vessels,Vessel,,,Red Storm Arsenal,mods-source/3413868677/vessels/usn_aem_nathan_hale.ini,"[""3413868677""]",,,,photo_gap,,pending,"Candidate family/component reference only. Verify visible variant, operator, era and configuration. This is a source record, not a claim about the load-order winner."
3413868677:vessels/usn_bbg_trump,usn_bbg_trump,Trump-class,Ships,vessels,Vessel,,,Red Storm Arsenal,mods-source/3413868677/vessels/usn_bbg_trump.ini,"[""3413868677""]",,,,photo_gap,,pending,"Candidate family/component reference only. Verify visible variant, operator, era and configuration. This is a source record, not a claim about the load-order winner."
3413868677:vessels/usn_cg_kansas_late,usn_cg_kansas_late,Kansas-class (2025—Fictional),Ships,vessels,Vessel,,,Red Storm Arsenal,mods-source/3413868677/vessels/usn_cg_kansas_late.ini,"[""3413868677""]",,,,photo_gap,,pending,"Candidate family/component reference only. Verify visible variant, operator, era and configuration. This is a source record, not a claim about the load-order winner."
3413868677:vessels/usn_cg_ticonderogaABL,usn_cg_ticonderogaABL,Ticonderoga-class (ABL—Fictional),Ships,vessels,Vessel,,,Red Storm Arsenal,mods-source/3413868677/vessels/usn_cg_ticonderogaABL.ini,"[""3413868677""]",,,,photo_gap,,pending,"Candidate family/component reference only. Verify visible variant, operator, era and configuration. This is a source record, not a claim about the load-order winner."
3413868677:vessels/usn_cg_ticonderogaVLS,usn_cg_ticonderogaVLS,Ticonderoga-class (2025—VLS),Ships,vessels,Vessel,,,Red Storm Arsenal,mods-source/3413868677/vessels/usn_cg_ticonderogaVLS.ini,"[""3413868677""]",,,,photo_gap,,pending,"Candidate family/component reference only. Verify visible variant, operator, era and configuration. This is a source record, not a claim about the load-order winner."
3413868677:vessels/usn_cg_ticonderogaVLS_early,usn_cg_ticonderogaVLS_early,Ticonderoga-class (1994—VLS),Ships,vessels,Vessel,,,Red Storm Arsenal,mods-source/3413868677/vessels/usn_cg_ticonderogaVLS_early.ini,"[""3413868677""]",,,,photo_gap,,pending,"Candidate family/component reference only. Verify visible variant, operator, era and configuration. This is a source record, not a claim about the load-order winner."
3413868677:vessels/usn_cgn_alaska_vls,usn_cgn_alaska_vls,Alaska-class (VLS—Fictional),Ships,vessels,Vessel,,,Red Storm Arsenal,mods-source/3413868677/vessels/usn_cgn_alaska_vls.ini,"[""3413868677""]",,,,photo_gap,,pending,"Candidate family/component reference only. Verify visible variant, operator, era and configuration. This is a source record, not a claim about the load-order winner."
3413868677:vessels/usn_cvn_united_states,usn_cvn_united_states,United States-class (Fictional),Ships,vessels,Vessel,,,Red Storm Arsenal,mods-source/3413868677/vessels/usn_cvn_united_states.ini,"[""3413868677""]",,,,photo_gap,,pending,"Candidate family/component reference only. Verify visible variant, operator, era and configuration. This is a source record, not a claim about the load-order winner."
3413868677:vessels/usn_cvn_united_states_early,usn_cvn_united_states_early,United States-class (Early—Fictional),Ships,vessels,Vessel,,,Red Storm Arsenal,mods-source/3413868677/vessels/usn_cvn_united_states_early.ini,"[""3413868677""]",,,,photo_gap,,pending,"Candidate family/component reference only. Verify visible variant, operator, era and configuration. This is a source record, not a claim about the load-order winner."
3413868677:vessels/usn_cvn_united_states_late,usn_cvn_united_states_late,United States-class (Late—Fictional),Ships,vessels,Vessel,,,Red Storm Arsenal,mods-source/3413868677/vessels/usn_cvn_united_states_late.ini,"[""3413868677""]",,,,photo_gap,,pending,"Candidate family/component reference only. Verify visible variant, operator, era and configuration. This is a source record, not a claim about the load-order winner."
3413868677:vessels/usn_ddg_arleigh_burke_flight2a_HELIOS,usn_ddg_arleigh_burke_flight2a_HELIOS,Arleigh Burke-class (Flight IIA—HELIOS),Ships,vessels,Vessel,,,Red Storm Arsenal,mods-source/3413868677/vessels/usn_ddg_arleigh_burke_flight2a_HELIOS.ini,"[""3413868677""]",,,,photo_gap,,pending,"Candidate family/component reference only. Verify visible variant, operator, era and configuration. This is a source record, not a claim about the load-order winner."
3413868677:vessels/usn_ddg_arleigh_burke_flight3_HELIOS,usn_ddg_arleigh_burke_flight3_HELIOS,Arleigh Burke-class (Flight III—HELIOS),Ships,vessels,Vessel,,,Red Storm Arsenal,mods-source/3413868677/vessels/usn_ddg_arleigh_burke_flight3_HELIOS.ini,"[""3413868677""]",,,,photo_gap,,pending,"Candidate family/component reference only. Verify visible variant, operator, era and configuration. This is a source record, not a claim about the load-order winner."
3413868677:vessels/usn_ddg_ddgx,usn_ddg_ddgx,Ernest J. King-class (Fictional),Ships,vessels,Vessel,,,Red Storm Arsenal,mods-source/3413868677/vessels/usn_ddg_ddgx.ini,"[""3413868677""]",,,,photo_gap,,pending,"Candidate family/component reference only. Verify visible variant, operator, era and configuration. This is a source record, not a claim about the load-order winner."
3413868677:vessels/usn_ddg_oldendorf,usn_ddg_oldendorf,Oldendorf-class (Fictional),Ships,vessels,Vessel,,,Red Storm Arsenal,mods-source/3413868677/vessels/usn_ddg_oldendorf.ini,"[""3413868677""]",,,,photo_gap,,pending,"Candidate family/component reference only. Verify visible variant, operator, era and configuration. This is a source record, not a claim about the load-order winner."
3413868677:vessels/usn_ddg_richard_morris,usn_ddg_richard_morris,Richard Morris-class (Fictional),Ships,vessels,Vessel,,,Red Storm Arsenal,mods-source/3413868677/vessels/usn_ddg_richard_morris.ini,"[""3413868677""]",,,,photo_gap,,pending,"Candidate family/component reference only. Verify visible variant, operator, era and configuration. This is a source record, not a claim about the load-order winner."
3413868677:vessels/usn_ffg_constellation,usn_ffg_constellation,Constellation-class,Ships,vessels,Vessel,,,Red Storm Arsenal,mods-source/3413868677/vessels/usn_ffg_constellation.ini,"[""3413868677""]",,,,photo_gap,,pending,"Candidate family/component reference only. Verify visible variant, operator, era and configuration. This is a source record, not a claim about the load-order winner."
3413868677:vessels/usn_lha_tripoli,usn_lha_tripoli,Tripoli-class (Fictional),Ships,vessels,Vessel,,,Red Storm Arsenal,mods-source/3413868677/vessels/usn_lha_tripoli.ini,"[""3413868677""]",,,,photo_gap,,pending,"Candidate family/component reference only. Verify visible variant, operator, era and configuration. This is a source record, not a claim about the load-order winner."
3413868677:vessels/usn_ssbn_columbia,usn_ssbn_columbia,Columbia-class,Submarines,vessels,Submarine,,,Red Storm Arsenal,mods-source/3413868677/vessels/usn_ssbn_columbia.ini,"[""3413868677""]",,,,photo_gap,,pending,"Candidate family/component reference only. Verify visible variant, operator, era and configuration. This is a source record, not a claim about the load-order winner."
3413868677:vessels/usn_ssn_los_angeles_flight2,usn_ssn_los_angeles_flight2,Los Angeles-class (Flight II),Submarines,vessels,Submarine,,,Red Storm Arsenal,mods-source/3413868677/vessels/usn_ssn_los_angeles_flight2.ini,"[""3413868677""]",,,,photo_gap,,pending,"Candidate family/component reference only. Verify visible variant, operator, era and configuration. This is a source record, not a claim about the load-order winner."
3413868677:vessels/usn_ssn_los_angeles_flight3,usn_ssn_los_angeles_flight3,Los Angeles-class (Flight III),Submarines,vessels,Submarine,,,Red Storm Arsenal,mods-source/3413868677/vessels/usn_ssn_los_angeles_flight3.ini,"[""3413868677""]",,,,photo_gap,,pending,"Candidate family/component reference only. Verify visible variant, operator, era and configuration. This is a source record, not a claim about the load-order winner."
3413868677:vessels/wp_rkr_admiral_nakhimov_refit,wp_rkr_admiral_nakhimov_refit,Kirov-class (Admiral Nakhimov—2025),Ships,vessels,Vessel,,,Red Storm Arsenal,mods-source/3413868677/vessels/wp_rkr_admiral_nakhimov_refit.ini,"[""3413868677""]",,,,photo_gap,,pending,"Candidate family/component reference only. Verify visible variant, operator, era and configuration. This is a source record, not a claim about the load-order winner."
3413868677:vessels/wp_rkr_varyag_08,wp_rkr_varyag_08,Kirov II-class (2008—Fictional),Ships,vessels,Vessel,,,Red Storm Arsenal,mods-source/3413868677/vessels/wp_rkr_varyag_08.ini,"[""3413868677""]",,,,photo_gap,,pending,"Candidate family/component reference only. Verify visible variant, operator, era and configuration. This is a source record, not a claim about the load-order winner."
3413868677:vessels/wp_rkr_varyag_12,wp_rkr_varyag_12,Kirov II-class (2012—Fictional),Ships,vessels,Vessel,,,Red Storm Arsenal,mods-source/3413868677/vessels/wp_rkr_varyag_12.ini,"[""3413868677""]",,,,photo_gap,,pending,"Candidate family/component reference only. Verify visible variant, operator, era and configuration. This is a source record, not a claim about the load-order winner."
3413868677:vessels/wp_rkr_varyag_95,wp_rkr_varyag_95,Kirov II-class (1995—Fictional),Ships,vessels,Vessel,,,Red Storm Arsenal,mods-source/3413868677/vessels/wp_rkr_varyag_95.ini,"[""3413868677""]",,,,photo_gap,,pending,"Candidate family/component reference only. Verify visible variant, operator, era and configuration. This is a source record, not a claim about the load-order winner."
3413868677:vessels/wp_skr_admiral_grigorovich_rsa,wp_skr_admiral_grigorovich_rsa,Admiral Grigorovich-class (Project 11356R),Ships,vessels,Vessel,,,Red Storm Arsenal,mods-source/3413868677/vessels/wp_skr_admiral_grigorovich_rsa.ini,"[""3413868677""]",,,,photo_gap,,pending,"Candidate family/component reference only. Verify visible variant, operator, era and configuration. This is a source record, not a claim about the load-order winner."
3413868677:vessels/wp_tavkr_leningrad_98,wp_tavkr_leningrad_98,Orel II-class (1998—Fictional),Ships,vessels,Vessel,,,Red Storm Arsenal,mods-source/3413868677/vessels/wp_tavkr_leningrad_98.ini,"[""3413868677""]",,,,photo_gap,,pending,"Candidate family/component reference only. Verify visible variant, operator, era and configuration. This is a source record, not a claim about the load-order winner."
3413868677:vessels/wp_tavkr_ulyanovsk,wp_tavkr_ulyanovsk,Ulyanovsk-class,Ships,vessels,Vessel,,,Red Storm Arsenal,mods-source/3413868677/vessels/wp_tavkr_ulyanovsk.ini,"[""3413868677""]",,,,photo_gap,,pending,"Candidate family/component reference only. Verify visible variant, operator, era and configuration. This is a source record, not a claim about the load-order winner."
3413868677:land_units/all_sosus,all_sosus,Sound Surveillance System,Sensors & equipment,land_units,LandUnit,Radar,,Red Storm Arsenal,mods-source/3413868677/land_units/all_sosus.ini,"[""3413868677""]",,,,photo_gap,,pending,"Candidate family/component reference only. Verify visible variant, operator, era and configuration. This is a source record, not a claim about the load-order winner."
3413868677:land_units/china_hq15_launcher,china_hq15_launcher,HQ-15 TEL,Land units,land_units,LandUnit,SAM,,Red Storm Arsenal,mods-source/3413868677/land_units/china_hq15_launcher.ini,"[""3413868677""]",,,,photo_gap,,pending,"Candidate family/component reference only. Verify visible variant, operator, era and configuration. This is a source record, not a claim about the load-order winner."
3413868677:land_units/china_hq15_radar,china_hq15_radar,HQ-15 RDR,Sensors & equipment,land_units,LandUnit,Radar,,Red Storm Arsenal,mods-source/3413868677/land_units/china_hq15_radar.ini,"[""3413868677""]",,,,photo_gap,,pending,"Candidate family/component reference only. Verify visible variant, operator, era and configuration. This is a source record, not a claim about the load-order winner."
3413868677:land_units/china_large_airbase,china_large_airbase,PRC Airbase,Bases & installations,land_units,LandUnit,Airbase,,Red Storm Arsenal,mods-source/3413868677/land_units/china_large_airbase.ini,"[""3413868677""]",,,,photo_gap,,pending,"Candidate family/component reference only. Verify visible variant, operator, era and configuration. This is a source record, not a claim about the load-order winner."
3413868677:land_units/china_large_airbase_6thGEN,china_large_airbase_6thGEN,PRC Airbase (6th Gen),Bases & installations,land_units,LandUnit,Airbase,,Red Storm Arsenal,mods-source/3413868677/land_units/china_large_airbase_6thGEN.ini,"[""3413868677""]",,,,photo_gap,,pending,"Candidate family/component reference only. Verify visible variant, operator, era and configuration. This is a source record, not a claim about the load-order winner."
3413868677:land_units/china_small_airbase,china_small_airbase,Small PRC Airbase,Bases & installations,land_units,LandUnit,Airbase,,Red Storm Arsenal,mods-source/3413868677/land_units/china_small_airbase.ini,"[""3413868677""]",,,,photo_gap,,pending,"Candidate family/component reference only. Verify visible variant, operator, era and configuration. This is a source record, not a claim about the load-order winner."
3413868677:land_units/china_yj12_launcher,china_yj12_launcher,YJ-12B Site,Land units,land_units,LandUnit,MissileSite,,Red Storm Arsenal,mods-source/3413868677/land_units/china_yj12_launcher.ini,"[""3413868677""]",,,,photo_gap,,pending,"Candidate family/component reference only. Verify visible variant, operator, era and configuration. This is a source record, not a claim about the load-order winner."
3413868677:land_units/usa_SLAMRAAM_launcher,usa_SLAMRAAM_launcher,SL-AMRAAM TEL,Land units,land_units,LandUnit,SAM,,Red Storm Arsenal,mods-source/3413868677/land_units/usa_SLAMRAAM_launcher.ini,"[""3413868677""]",,,,photo_gap,,pending,"Candidate family/component reference only. Verify visible variant, operator, era and configuration. This is a source record, not a claim about the load-order winner."
3413868677:land_units/usa_SLAMRAAM_radar,usa_SLAMRAAM_radar,SL-AMRAAM Radar,Land units,land_units,LandUnit,MobileUnit,,Red Storm Arsenal,mods-source/3413868677/land_units/usa_SLAMRAAM_radar.ini,"[""3413868677""]",,,,photo_gap,,pending,"Candidate family/component reference only. Verify visible variant, operator, era and configuration. This is a source record, not a claim about the load-order winner."
3413868677:land_units/usa_airbase,usa_airbase,USA Airbase,Bases & installations,land_units,LandUnit,Airbase,,Red Storm Arsenal,mods-source/3413868677/land_units/usa_airbase.ini,"[""3413868677""]",,,,photo_gap,,pending,"Candidate family/component reference only. Verify visible variant, operator, era and configuration. This is a source record, not a claim about the load-order winner."
3413868677:land_units/usa_airbase_6thGEN,usa_airbase_6thGEN,USA Airbase (6th Gen),Bases & installations,land_units,LandUnit,Airbase,,Red Storm Arsenal,mods-source/3413868677/land_units/usa_airbase_6thGEN.ini,"[""3413868677""]",,,,photo_gap,,pending,"Candidate family/component reference only. Verify visible variant, operator, era and configuration. This is a source record, not a claim about the load-order winner."
3413868677:land_units/usa_tempest_launcher,usa_tempest_launcher,RGM-110B Site,Land units,land_units,LandUnit,MissileSite,,Red Storm Arsenal,mods-source/3413868677/land_units/usa_tempest_launcher.ini,"[""3413868677""]",,,,photo_gap,,pending,"Candidate family/component reference only. Verify visible variant, operator, era and configuration. This is a source record, not a claim about the load-order winner."
3413868677:land_units/usa_tempest_site,usa_tempest_site,RGM-110L Site,Land units,land_units,LandUnit,MissileSite,,Red Storm Arsenal,mods-source/3413868677/land_units/usa_tempest_site.ini,"[""3413868677""]",,,,photo_gap,,pending,"Candidate family/component reference only. Verify visible variant, operator, era and configuration. This is a source record, not a claim about the load-order winner."
3413868677:land_units/usa_tomahawk_launcher,usa_tomahawk_launcher,RGM-109B Site,Land units,land_units,LandUnit,MissileSite,,Red Storm Arsenal,mods-source/3413868677/land_units/usa_tomahawk_launcher.ini,"[""3413868677""]",,,,photo_gap,,pending,"Candidate family/component reference only. Verify visible variant, operator, era and configuration. This is a source record, not a claim about the load-order winner."
3413868677:land_units/wp_bal,wp_bal,Bal,Land units,land_units,LandUnit,MissileSite,,Red Storm Arsenal,mods-source/3413868677/land_units/wp_bal.ini,"[""3413868677""]",,,,photo_gap,,pending,"Candidate family/component reference only. Verify visible variant, operator, era and configuration. This is a source record, not a claim about the load-order winner."
3413868677:ammunition/all_600kW_laser,all_600kW_laser,all_600kW_laser,Weapons & ammunition,ammunition,,,,Red Storm Arsenal,mods-source/3413868677/ammunition/all_600kW_laser.ini,"[""3413868677""]",,,,photo_gap,,pending,"Candidate family/component reference only. Verify visible variant, operator, era and configuration. This is a source record, not a claim about the load-order winner."
3413868677:ammunition/all_laser,all_laser,all_laser,Weapons & ammunition,ammunition,,,,Red Storm Arsenal,mods-source/3413868677/ammunition/all_laser.ini,"[""3413868677""]",,,,photo_gap,,pending,"Candidate family/component reference only. Verify visible variant, operator, era and configuration. This is a source record, not a claim about the load-order winner."
3413868677:ammunition/all_tungsten_rod,all_tungsten_rod,all_tungsten_rod,Weapons & ammunition,ammunition,,,,Red Storm Arsenal,mods-source/3413868677/ammunition/all_tungsten_rod.ini,"[""3413868677""]",,,,photo_gap,,pending,"Candidate family/component reference only. Verify visible variant, operator, era and configuration. This is a source record, not a claim about the load-order winner."
3413868677:ammunition/ir_cm_90,ir_cm_90,ir_cm_90,Weapons & ammunition,ammunition,,,,Red Storm Arsenal,mods-source/3413868677/ammunition/ir_cm_90.ini,"[""3413868677""]",,,,photo_gap,,pending,"Candidate family/component reference only. Verify visible variant, operator, era and configuration. This is a source record, not a claim about the load-order winner."
3413868677:ammunition/ir_kowsar,ir_kowsar,ir_kowsar,Weapons & ammunition,ammunition,,,,Red Storm Arsenal,mods-source/3413868677/ammunition/ir_kowsar.ini,"[""3413868677""]",,,,photo_gap,,pending,"Candidate family/component reference only. Verify visible variant, operator, era and configuration. This is a source record, not a claim about the load-order winner."
3413868677:ammunition/ir_nasir,ir_nasir,ir_nasir,Weapons & ammunition,ammunition,,,,Red Storm Arsenal,mods-source/3413868677/ammunition/ir_nasir.ini,"[""3413868677""]",,,,photo_gap,,pending,"Candidate family/component reference only. Verify visible variant, operator, era and configuration. This is a source record, not a claim about the load-order winner."
3413868677:ammunition/jmsdf_type07,jmsdf_type07,jmsdf_type07,Weapons & ammunition,ammunition,,,,Red Storm Arsenal,mods-source/3413868677/ammunition/jmsdf_type07.ini,"[""3413868677""]",,,,photo_gap,,pending,"Candidate family/component reference only. Verify visible variant, operator, era and configuration. This is a source record, not a claim about the load-order winner."
3413868677:ammunition/jmsdf_type97_air,jmsdf_type97_air,jmsdf_type97_air,Weapons & ammunition,ammunition,,,,Red Storm Arsenal,mods-source/3413868677/ammunition/jmsdf_type97_air.ini,"[""3413868677""]",,,,photo_gap,,pending,"Candidate family/component reference only. Verify visible variant, operator, era and configuration. This is a source record, not a claim about the load-order winner."
3413868677:ammunition/jmsdf_type97_ship,jmsdf_type97_ship,jmsdf_type97_ship,Weapons & ammunition,ammunition,,,,Red Storm Arsenal,mods-source/3413868677/ammunition/jmsdf_type97_ship.ini,"[""3413868677""]",,,,photo_gap,,pending,"Candidate family/component reference only. Verify visible variant, operator, era and configuration. This is a source record, not a claim about the load-order winner."
3413868677:ammunition/jmsdf_type_89,jmsdf_type_89,jmsdf_type_89,Weapons & ammunition,ammunition,,,,Red Storm Arsenal,mods-source/3413868677/ammunition/jmsdf_type_89.ini,"[""3413868677""]",,,,photo_gap,,pending,"Candidate family/component reference only. Verify visible variant, operator, era and configuration. This is a source record, not a claim about the load-order winner."
3413868677:ammunition/plan_3m_80mbe,plan_3m_80mbe,plan_3m_80mbe,Weapons & ammunition,ammunition,,,,Red Storm Arsenal,mods-source/3413868677/ammunition/plan_3m_80mbe.ini,"[""3413868677""]",,,,photo_gap,,pending,"Candidate family/component reference only. Verify visible variant, operator, era and configuration. This is a source record, not a claim about the load-order winner."
3413868677:ammunition/plan_726_4_chaff,plan_726_4_chaff,plan_726_4_chaff,Weapons & ammunition,ammunition,,,,Red Storm Arsenal,mods-source/3413868677/ammunition/plan_726_4_chaff.ini,"[""3413868677""]",,,,photo_gap,,pending,"Candidate family/component reference only. Verify visible variant, operator, era and configuration. This is a source record, not a claim about the load-order winner."
3413868677:ammunition/plan_cal_100mm,plan_cal_100mm,plan_cal_100mm,Weapons & ammunition,ammunition,,,,Red Storm Arsenal,mods-source/3413868677/ammunition/plan_cal_100mm.ini,"[""3413868677""]",,,,photo_gap,,pending,"Candidate family/component reference only. Verify visible variant, operator, era and configuration. This is a source record, not a claim about the load-order winner."
3413868677:ammunition/plan_cal_130mm,plan_cal_130mm,plan_cal_130mm,Weapons & ammunition,ammunition,,,,Red Storm Arsenal,mods-source/3413868677/ammunition/plan_cal_130mm.ini,"[""3413868677""]",,,,photo_gap,,pending,"Candidate family/component reference only. Verify visible variant, operator, era and configuration. This is a source record, not a claim about the load-order winner."
3413868677:ammunition/plan_cal_30mm,plan_cal_30mm,plan_cal_30mm,Weapons & ammunition,ammunition,,,,Red Storm Arsenal,mods-source/3413868677/ammunition/plan_cal_30mm.ini,"[""3413868677""]",,,,photo_gap,,pending,"Candidate family/component reference only. Verify visible variant, operator, era and configuration. This is a source record, not a claim about the load-order winner."
3413868677:ammunition/plan_cy5,plan_cy5,plan_cy5,Weapons & ammunition,ammunition,,,,Red Storm Arsenal,mods-source/3413868677/ammunition/plan_cy5.ini,"[""3413868677""]",,,,photo_gap,,pending,"Candidate family/component reference only. Verify visible variant, operator, era and configuration. This is a source record, not a claim about the load-order winner."
3413868677:ammunition/plan_hq10,plan_hq10,plan_hq10,Weapons & ammunition,ammunition,,,,Red Storm Arsenal,mods-source/3413868677/ammunition/plan_hq10.ini,"[""3413868677""]",,,,photo_gap,,pending,"Candidate family/component reference only. Verify visible variant, operator, era and configuration. This is a source record, not a claim about the load-order winner."
3413868677:ammunition/plan_hq15,plan_hq15,plan_hq15,Weapons & ammunition,ammunition,,,,Red Storm Arsenal,mods-source/3413868677/ammunition/plan_hq15.ini,"[""3413868677""]",,,,photo_gap,,pending,"Candidate family/component reference only. Verify visible variant, operator, era and configuration. This is a source record, not a claim about the load-order winner."
3413868677:ammunition/plan_hq_7,plan_hq_7,plan_hq_7,Weapons & ammunition,ammunition,,,,Red Storm Arsenal,mods-source/3413868677/ammunition/plan_hq_7.ini,"[""3413868677""]",,,,photo_gap,,pending,"Candidate family/component reference only. Verify visible variant, operator, era and configuration. This is a source record, not a claim about the load-order winner."
3413868677:ammunition/plan_ld_10,plan_ld_10,plan_ld_10,Weapons & ammunition,ammunition,,,,Red Storm Arsenal,mods-source/3413868677/ammunition/plan_ld_10.ini,"[""3413868677""]",,,,photo_gap,,pending,"Candidate family/component reference only. Verify visible variant, operator, era and configuration. This is a source record, not a claim about the load-order winner."
3413868677:ammunition/plan_pl21,plan_pl21,plan_pl21,Weapons & ammunition,ammunition,,,,Red Storm Arsenal,mods-source/3413868677/ammunition/plan_pl21.ini,"[""3413868677""]",,,,photo_gap,,pending,"Candidate family/component reference only. Verify visible variant, operator, era and configuration. This is a source record, not a claim about the load-order winner."
3413868677:ammunition/plan_pl9,plan_pl9,plan_pl9,Weapons & ammunition,ammunition,,,,Red Storm Arsenal,mods-source/3413868677/ammunition/plan_pl9.ini,"[""3413868677""]",,,,photo_gap,,pending,"Candidate family/component reference only. Verify visible variant, operator, era and configuration. This is a source record, not a claim about the load-order winner."
3413868677:ammunition/plan_pl_8b,plan_pl_8b,plan_pl_8b,Weapons & ammunition,ammunition,,,,Red Storm Arsenal,mods-source/3413868677/ammunition/plan_pl_8b.ini,"[""3413868677""]",,,,photo_gap,,pending,"Candidate family/component reference only. Verify visible variant, operator, era and configuration. This is a source record, not a claim about the load-order winner."
3413868677:ammunition/plan_yj12_air,plan_yj12_air,plan_yj12_air,Weapons & ammunition,ammunition,,,,Red Storm Arsenal,mods-source/3413868677/ammunition/plan_yj12_air.ini,"[""3413868677""]",,,,photo_gap,,pending,"Candidate family/component reference only. Verify visible variant, operator, era and configuration. This is a source record, not a claim about the load-order winner."
3413868677:ammunition/plan_yj12_land,plan_yj12_land,plan_yj12_land,Weapons & ammunition,ammunition,,,,Red Storm Arsenal,mods-source/3413868677/ammunition/plan_yj12_land.ini,"[""3413868677""]",,,,photo_gap,,pending,"Candidate family/component reference only. Verify visible variant, operator, era and configuration. This is a source record, not a claim about the load-order winner."
3413868677:ammunition/plan_yj12_ship,plan_yj12_ship,plan_yj12_ship,Weapons & ammunition,ammunition,,,,Red Storm Arsenal,mods-source/3413868677/ammunition/plan_yj12_ship.ini,"[""3413868677""]",,,,photo_gap,,pending,"Candidate family/component reference only. Verify visible variant, operator, era and configuration. This is a source record, not a claim about the load-order winner."
3413868677:ammunition/plan_yj18,plan_yj18,plan_yj18,Weapons & ammunition,ammunition,,,,Red Storm Arsenal,mods-source/3413868677/ammunition/plan_yj18.ini,"[""3413868677""]",,,,photo_gap,,pending,"Candidate family/component reference only. Verify visible variant, operator, era and configuration. This is a source record, not a claim about the load-order winner."
3413868677:ammunition/plan_yj18_sub,plan_yj18_sub,plan_yj18_sub,Weapons & ammunition,ammunition,,,,Red Storm Arsenal,mods-source/3413868677/ammunition/plan_yj18_sub.ini,"[""3413868677""]",,,,photo_gap,,pending,"Candidate family/component reference only. Verify visible variant, operator, era and configuration. This is a source record, not a claim about the load-order winner."
3413868677:ammunition/plan_yj21,plan_yj21,plan_yj21,Weapons & ammunition,ammunition,,,,Red Storm Arsenal,mods-source/3413868677/ammunition/plan_yj21.ini,"[""3413868677""]",,,,photo_gap,,pending,"Candidate family/component reference only. Verify visible variant, operator, era and configuration. This is a source record, not a claim about the load-order winner."
3413868677:ammunition/plan_yj61,plan_yj61,plan_yj61,Weapons & ammunition,ammunition,,,,Red Storm Arsenal,mods-source/3413868677/ammunition/plan_yj61.ini,"[""3413868677""]",,,,photo_gap,,pending,"Candidate family/component reference only. Verify visible variant, operator, era and configuration. This is a source record, not a claim about the load-order winner."
3413868677:ammunition/plan_yj_17,plan_yj_17,plan_yj_17,Weapons & ammunition,ammunition,,,,Red Storm Arsenal,mods-source/3413868677/ammunition/plan_yj_17.ini,"[""3413868677""]",,,,photo_gap,,pending,"Candidate family/component reference only. Verify visible variant, operator, era and configuration. This is a source record, not a claim about the load-order winner."
3413868677:ammunition/plan_yj_20,plan_yj_20,plan_yj_20,Weapons & ammunition,ammunition,,,,Red Storm Arsenal,mods-source/3413868677/ammunition/plan_yj_20.ini,"[""3413868677""]",,,,photo_gap,,pending,"Candidate family/component reference only. Verify visible variant, operator, era and configuration. This is a source record, not a claim about the load-order winner."
3413868677:ammunition/plan_yj_62,plan_yj_62,plan_yj_62,Weapons & ammunition,ammunition,,,,Red Storm Arsenal,mods-source/3413868677/ammunition/plan_yj_62.ini,"[""3413868677""]",,,,photo_gap,,pending,"Candidate family/component reference only. Verify visible variant, operator, era and configuration. This is a source record, not a claim about the load-order winner."
3413868677:ammunition/plan_yj_7,plan_yj_7,plan_yj_7,Weapons & ammunition,ammunition,,,,Red Storm Arsenal,mods-source/3413868677/ammunition/plan_yj_7.ini,"[""3413868677""]",,,,photo_gap,,pending,"Candidate family/component reference only. Verify visible variant, operator, era and configuration. This is a source record, not a claim about the load-order winner."
3413868677:ammunition/plan_yj_82,plan_yj_82,plan_yj_82,Weapons & ammunition,ammunition,,,,Red Storm Arsenal,mods-source/3413868677/ammunition/plan_yj_82.ini,"[""3413868677""]",,,,photo_gap,,pending,"Candidate family/component reference only. Verify visible variant, operator, era and configuration. This is a source record, not a claim about the load-order winner."
3413868677:ammunition/plan_yu6,plan_yu6,plan_yu6,Weapons & ammunition,ammunition,,,,Red Storm Arsenal,mods-source/3413868677/ammunition/plan_yu6.ini,"[""3413868677""]",,,,photo_gap,,pending,"Candidate family/component reference only. Verify visible variant, operator, era and configuration. This is a source record, not a claim about the load-order winner."
3413868677:ammunition/plan_yu_12_air,plan_yu_12_air,plan_yu_12_air,Weapons & ammunition,ammunition,,,,Red Storm Arsenal,mods-source/3413868677/ammunition/plan_yu_12_air.ini,"[""3413868677""]",,,,photo_gap,,pending,"Candidate family/component reference only. Verify visible variant, operator, era and configuration. This is a source record, not a claim about the load-order winner."
3413868677:ammunition/plan_yu_12_ship,plan_yu_12_ship,plan_yu_12_ship,Weapons & ammunition,ammunition,,,,Red Storm Arsenal,mods-source/3413868677/ammunition/plan_yu_12_ship.ini,"[""3413868677""]",,,,photo_gap,,pending,"Candidate family/component reference only. Verify visible variant, operator, era and configuration. This is a source record, not a claim about the load-order winner."
3413868677:ammunition/plan_yu_3c,plan_yu_3c,plan_yu_3c,Weapons & ammunition,ammunition,,,,Red Storm Arsenal,mods-source/3413868677/ammunition/plan_yu_3c.ini,"[""3413868677""]",,,,photo_gap,,pending,"Candidate family/component reference only. Verify visible variant, operator, era and configuration. This is a source record, not a claim about the load-order winner."
3413868677:ammunition/plan_yu_7c_air,plan_yu_7c_air,plan_yu_7c_air,Weapons & ammunition,ammunition,,,,Red Storm Arsenal,mods-source/3413868677/ammunition/plan_yu_7c_air.ini,"[""3413868677""]",,,,photo_gap,,pending,"Candidate family/component reference only. Verify visible variant, operator, era and configuration. This is a source record, not a claim about the load-order winner."
3413868677:ammunition/plan_yu_7c_ship,plan_yu_7c_ship,plan_yu_7c_ship,Weapons & ammunition,ammunition,,,,Red Storm Arsenal,mods-source/3413868677/ammunition/plan_yu_7c_ship.ini,"[""3413868677""]",,,,photo_gap,,pending,"Candidate family/component reference only. Verify visible variant, operator, era and configuration. This is a source record, not a claim about the load-order winner."
3413868677:ammunition/usaf_LANTIRN_pod,usaf_LANTIRN_pod,usaf_LANTIRN_pod,Weapons & ammunition,ammunition,,,,Red Storm Arsenal,mods-source/3413868677/ammunition/usaf_LANTIRN_pod.ini,"[""3413868677""]",,,,photo_gap,,pending,"Candidate family/component reference only. Verify visible variant, operator, era and configuration. This is a source record, not a claim about the load-order winner."
3413868677:ammunition/usmc_tank_230_av_8b_plus,usmc_tank_230_av_8b_plus,usmc_tank_230_av_8b_plus,Weapons & ammunition,ammunition,,,,Red Storm Arsenal,mods-source/3413868677/ammunition/usmc_tank_230_av_8b_plus.ini,"[""3413868677""]",,,,photo_gap,,pending,"Candidate family/component reference only. Verify visible variant, operator, era and configuration. This is a source record, not a claim about the load-order winner."
3413868677:ammunition/usn_adc_mk2_noisemaker_rsa,usn_adc_mk2_noisemaker_rsa,usn_adc_mk2_noisemaker_rsa,Weapons & ammunition,ammunition,,,,Red Storm Arsenal,mods-source/3413868677/ammunition/usn_adc_mk2_noisemaker_rsa.ini,"[""3413868677""]",,,,photo_gap,,pending,"Candidate family/component reference only. Verify visible variant, operator, era and configuration. This is a source record, not a claim about the load-order winner."
3413868677:ammunition/usn_adc_mk4_jammer_rsa,usn_adc_mk4_jammer_rsa,usn_adc_mk4_jammer_rsa,Weapons & ammunition,ammunition,,,,Red Storm Arsenal,mods-source/3413868677/ammunition/usn_adc_mk4_jammer_rsa.ini,"[""3413868677""]",,,,photo_gap,,pending,"Candidate family/component reference only. Verify visible variant, operator, era and configuration. This is a source record, not a claim about the load-order winner."
3413868677:ammunition/usn_agm_109b,usn_agm_109b,usn_agm_109b,Weapons & ammunition,ammunition,,,,Red Storm Arsenal,mods-source/3413868677/ammunition/usn_agm_109b.ini,"[""3413868677""]",,,,photo_gap,,pending,"Candidate family/component reference only. Verify visible variant, operator, era and configuration. This is a source record, not a claim about the load-order winner."
3413868677:ammunition/usn_agm_110l,usn_agm_110l,usn_agm_110l,Weapons & ammunition,ammunition,,,,Red Storm Arsenal,mods-source/3413868677/ammunition/usn_agm_110l.ini,"[""3413868677""]",,,,photo_gap,,pending,"Candidate family/component reference only. Verify visible variant, operator, era and configuration. This is a source record, not a claim about the load-order winner."
3413868677:ammunition/usn_agm_122,usn_agm_122,usn_agm_122,Weapons & ammunition,ammunition,,,,Red Storm Arsenal,mods-source/3413868677/ammunition/usn_agm_122.ini,"[""3413868677""]",,,,photo_gap,,pending,"Candidate family/component reference only. Verify visible variant, operator, era and configuration. This is a source record, not a claim about the load-order winner."
3413868677:ammunition/usn_agm_188,usn_agm_188,usn_agm_188,Weapons & ammunition,ammunition,,,,Red Storm Arsenal,mods-source/3413868677/ammunition/usn_agm_188.ini,"[""3413868677""]",,,,photo_gap,,pending,"Candidate family/component reference only. Verify visible variant, operator, era and configuration. This is a source record, not a claim about the load-order winner."
3413868677:ammunition/usn_aim_260,usn_aim_260,usn_aim_260,Weapons & ammunition,ammunition,,,,Red Storm Arsenal,mods-source/3413868677/ammunition/usn_aim_260.ini,"[""3413868677""]",,,,photo_gap,,pending,"Candidate family/component reference only. Verify visible variant, operator, era and configuration. This is a source record, not a claim about the load-order winner."
3413868677:ammunition/usn_aww_13,usn_aww_13,usn_aww_13,Weapons & ammunition,ammunition,,,,Red Storm Arsenal,mods-source/3413868677/ammunition/usn_aww_13.ini,"[""3413868677""]",,,,photo_gap,,pending,"Candidate family/component reference only. Verify visible variant, operator, era and configuration. This is a source record, not a claim about the load-order winner."
3413868677:ammunition/usn_cal_127mm_hvp,usn_cal_127mm_hvp,usn_cal_127mm_hvp,Weapons & ammunition,ammunition,,,,Red Storm Arsenal,mods-source/3413868677/ammunition/usn_cal_127mm_hvp.ini,"[""3413868677""]",,,,photo_gap,,pending,"Candidate family/component reference only. Verify visible variant, operator, era and configuration. This is a source record, not a claim about the load-order winner."
3413868677:ammunition/usn_cal_25mm_gau12,usn_cal_25mm_gau12,usn_cal_25mm_gau12,Weapons & ammunition,ammunition,,,,Red Storm Arsenal,mods-source/3413868677/ammunition/usn_cal_25mm_gau12.ini,"[""3413868677""]",,,,photo_gap,,pending,"Candidate family/component reference only. Verify visible variant, operator, era and configuration. This is a source record, not a claim about the load-order winner."
3413868677:ammunition/usn_cal_32mj,usn_cal_32mj,usn_cal_32mj,Weapons & ammunition,ammunition,,,,Red Storm Arsenal,mods-source/3413868677/ammunition/usn_cal_32mj.ini,"[""3413868677""]",,,,photo_gap,,pending,"Candidate family/component reference only. Verify visible variant, operator, era and configuration. This is a source record, not a claim about the load-order winner."
3413868677:ammunition/usn_cal_32mj_hvp,usn_cal_32mj_hvp,usn_cal_32mj_hvp,Weapons & ammunition,ammunition,,,,Red Storm Arsenal,mods-source/3413868677/ammunition/usn_cal_32mj_hvp.ini,"[""3413868677""]",,,,photo_gap,,pending,"Candidate family/component reference only. Verify visible variant, operator, era and configuration. This is a source record, not a claim about the load-order winner."
3413868677:ammunition/usn_cal_57mm,usn_cal_57mm,usn_cal_57mm,Weapons & ammunition,ammunition,,,,Red Storm Arsenal,mods-source/3413868677/ammunition/usn_cal_57mm.ini,"[""3413868677""]",,,,photo_gap,,pending,"Candidate family/component reference only. Verify visible variant, operator, era and configuration. This is a source record, not a claim about the load-order winner."
3413868677:ammunition/usn_cps,usn_cps,usn_cps,Weapons & ammunition,ammunition,,,,Red Storm Arsenal,mods-source/3413868677/ammunition/usn_cps.ini,"[""3413868677""]",,,,photo_gap,,pending,"Candidate family/component reference only. Verify visible variant, operator, era and configuration. This is a source record, not a claim about the load-order winner."
3413868677:ammunition/usn_mk48_5_adcap,usn_mk48_5_adcap,usn_mk48_5_adcap,Weapons & ammunition,ammunition,,,,Red Storm Arsenal,mods-source/3413868677/ammunition/usn_mk48_5_adcap.ini,"[""3413868677""]",,,,photo_gap,,pending,"Candidate family/component reference only. Verify visible variant, operator, era and configuration. This is a source record, not a claim about the load-order winner."
3413868677:ammunition/usn_mk48_6_adcap,usn_mk48_6_adcap,usn_mk48_6_adcap,Weapons & ammunition,ammunition,,,,Red Storm Arsenal,mods-source/3413868677/ammunition/usn_mk48_6_adcap.ini,"[""3413868677""]",,,,photo_gap,,pending,"Candidate family/component reference only. Verify visible variant, operator, era and configuration. This is a source record, not a claim about the load-order winner."
3413868677:ammunition/usn_mk48_7_cbass,usn_mk48_7_cbass,usn_mk48_7_cbass,Weapons & ammunition,ammunition,,,,Red Storm Arsenal,mods-source/3413868677/ammunition/usn_mk48_7_cbass.ini,"[""3413868677""]",,,,photo_gap,,pending,"Candidate family/component reference only. Verify visible variant, operator, era and configuration. This is a source record, not a claim about the load-order winner."
3413868677:ammunition/usn_rgm_109b3,usn_rgm_109b3,usn_rgm_109b3,Weapons & ammunition,ammunition,,,,Red Storm Arsenal,mods-source/3413868677/ammunition/usn_rgm_109b3.ini,"[""3413868677""]",,,,photo_gap,,pending,"Candidate family/component reference only. Verify visible variant, operator, era and configuration. This is a source record, not a claim about the load-order winner."
3413868677:ammunition/usn_rgm_109c,usn_rgm_109c,usn_rgm_109c,Weapons & ammunition,ammunition,,,,Red Storm Arsenal,mods-source/3413868677/ammunition/usn_rgm_109c.ini,"[""3413868677""]",,,,photo_gap,,pending,"Candidate family/component reference only. Verify visible variant, operator, era and configuration. This is a source record, not a claim about the load-order winner."
3413868677:ammunition/usn_rgm_109c3,usn_rgm_109c3,usn_rgm_109c3,Weapons & ammunition,ammunition,,,,Red Storm Arsenal,mods-source/3413868677/ammunition/usn_rgm_109c3.ini,"[""3413868677""]",,,,photo_gap,,pending,"Candidate family/component reference only. Verify visible variant, operator, era and configuration. This is a source record, not a claim about the load-order winner."
3413868677:ammunition/usn_rgm_109e,usn_rgm_109e,usn_rgm_109e,Weapons & ammunition,ammunition,,,,Red Storm Arsenal,mods-source/3413868677/ammunition/usn_rgm_109e.ini,"[""3413868677""]",,,,photo_gap,,pending,"Candidate family/component reference only. Verify visible variant, operator, era and configuration. This is a source record, not a claim about the load-order winner."
3413868677:ammunition/usn_rgm_109e5,usn_rgm_109e5,usn_rgm_109e5,Weapons & ammunition,ammunition,,,,Red Storm Arsenal,mods-source/3413868677/ammunition/usn_rgm_109e5.ini,"[""3413868677""]",,,,photo_gap,,pending,"Candidate family/component reference only. Verify visible variant, operator, era and configuration. This is a source record, not a claim about the load-order winner."
3413868677:ammunition/usn_rgm_109e_tactical,usn_rgm_109e_tactical,usn_rgm_109e_tactical,Weapons & ammunition,ammunition,,,,Red Storm Arsenal,mods-source/3413868677/ammunition/usn_rgm_109e_tactical.ini,"[""3413868677""]",,,,photo_gap,,pending,"Candidate family/component reference only. Verify visible variant, operator, era and configuration. This is a source record, not a claim about the load-order winner."
3413868677:ammunition/usn_rgm_110b,usn_rgm_110b,usn_rgm_110b,Weapons & ammunition,ammunition,,,,Red Storm Arsenal,mods-source/3413868677/ammunition/usn_rgm_110b.ini,"[""3413868677""]",,,,photo_gap,,pending,"Candidate family/component reference only. Verify visible variant, operator, era and configuration. This is a source record, not a claim about the load-order winner."
3413868677:ammunition/usn_rgm_110l,usn_rgm_110l,usn_rgm_110l,Weapons & ammunition,ammunition,,,,Red Storm Arsenal,mods-source/3413868677/ammunition/usn_rgm_110l.ini,"[""3413868677""]",,,,photo_gap,,pending,"Candidate family/component reference only. Verify visible variant, operator, era and configuration. This is a source record, not a claim about the load-order winner."
3413868677:ammunition/usn_rgm_184a,usn_rgm_184a,usn_rgm_184a,Weapons & ammunition,ammunition,,,,Red Storm Arsenal,mods-source/3413868677/ammunition/usn_rgm_184a.ini,"[""3413868677""]",,,,photo_gap,,pending,"Candidate family/component reference only. Verify visible variant, operator, era and configuration. This is a source record, not a claim about the load-order winner."
3413868677:ammunition/usn_rim_162a,usn_rim_162a,usn_rim_162a,Weapons & ammunition,ammunition,,,,Red Storm Arsenal,mods-source/3413868677/ammunition/usn_rim_162a.ini,"[""3413868677""]",,,,photo_gap,,pending,"Candidate family/component reference only. Verify visible variant, operator, era and configuration. This is a source record, not a claim about the load-order winner."
3413868677:ammunition/usn_rim_162a_blk2,usn_rim_162a_blk2,usn_rim_162a_blk2,Weapons & ammunition,ammunition,,,,Red Storm Arsenal,mods-source/3413868677/ammunition/usn_rim_162a_blk2.ini,"[""3413868677""]",,,,photo_gap,,pending,"Candidate family/component reference only. Verify visible variant, operator, era and configuration. This is a source record, not a claim about the load-order winner."
3413868677:ammunition/usn_rim_162d,usn_rim_162d,usn_rim_162d,Weapons & ammunition,ammunition,,,,Red Storm Arsenal,mods-source/3413868677/ammunition/usn_rim_162d.ini,"[""3413868677""]",,,,photo_gap,,pending,"Candidate family/component reference only. Verify visible variant, operator, era and configuration. This is a source record, not a claim about the load-order winner."
3413868677:ammunition/usn_rim_174a,usn_rim_174a,usn_rim_174a,Weapons & ammunition,ammunition,,,,Red Storm Arsenal,mods-source/3413868677/ammunition/usn_rim_174a.ini,"[""3413868677""]",,,,photo_gap,,pending,"Candidate family/component reference only. Verify visible variant, operator, era and configuration. This is a source record, not a claim about the load-order winner."
3413868677:ammunition/usn_rim_174b,usn_rim_174b,usn_rim_174b,Weapons & ammunition,ammunition,,,,Red Storm Arsenal,mods-source/3413868677/ammunition/usn_rim_174b.ini,"[""3413868677""]",,,,photo_gap,,pending,"Candidate family/component reference only. Verify visible variant, operator, era and configuration. This is a source record, not a claim about the load-order winner."
3413868677:ammunition/usn_rim_174c,usn_rim_174c,usn_rim_174c,Weapons & ammunition,ammunition,,,,Red Storm Arsenal,mods-source/3413868677/ammunition/usn_rim_174c.ini,"[""3413868677""]",,,,photo_gap,,pending,"Candidate family/component reference only. Verify visible variant, operator, era and configuration. This is a source record, not a claim about the load-order winner."
3413868677:ammunition/usn_rum125a,usn_rum125a,usn_rum125a,Weapons & ammunition,ammunition,,,,Red Storm Arsenal,mods-source/3413868677/ammunition/usn_rum125a.ini,"[""3413868677""]",,,,photo_gap,,pending,"Candidate family/component reference only. Verify visible variant, operator, era and configuration. This is a source record, not a claim about the load-order winner."
3413868677:ammunition/usn_rum125b,usn_rum125b,usn_rum125b,Weapons & ammunition,ammunition,,,,Red Storm Arsenal,mods-source/3413868677/ammunition/usn_rum125b.ini,"[""3413868677""]",,,,photo_gap,,pending,"Candidate family/component reference only. Verify visible variant, operator, era and configuration. This is a source record, not a claim about the load-order winner."
3413868677:ammunition/usn_rum_139a,usn_rum_139a,usn_rum_139a,Weapons & ammunition,ammunition,,,,Red Storm Arsenal,mods-source/3413868677/ammunition/usn_rum_139a.ini,"[""3413868677""]",,,,photo_gap,,pending,"Candidate family/component reference only. Verify visible variant, operator, era and configuration. This is a source record, not a claim about the load-order winner."
3413868677:ammunition/usn_rum_139c,usn_rum_139c,usn_rum_139c,Weapons & ammunition,ammunition,,,,Red Storm Arsenal,mods-source/3413868677/ammunition/usn_rum_139c.ini,"[""3413868677""]",,,,photo_gap,,pending,"Candidate family/component reference only. Verify visible variant, operator, era and configuration. This is a source record, not a claim about the load-order winner."
3413868677:ammunition/usn_tank_370_f-18,usn_tank_370_f-18,usn_tank_370_f-18,Weapons & ammunition,ammunition,,,,Red Storm Arsenal,mods-source/3413868677/ammunition/usn_tank_370_f-18.ini,"[""3413868677""]",,,,photo_gap,,pending,"Candidate family/component reference only. Verify visible variant, operator, era and configuration. This is a source record, not a claim about the load-order winner."
3413868677:ammunition/usn_tank_610_f-18,usn_tank_610_f-18,usn_tank_610_f-18,Weapons & ammunition,ammunition,,,,Red Storm Arsenal,mods-source/3413868677/ammunition/usn_tank_610_f-18.ini,"[""3413868677""]",,,,photo_gap,,pending,"Candidate family/component reference only. Verify visible variant, operator, era and configuration. This is a source record, not a claim about the load-order winner."
3413868677:ammunition/usn_ugm_109c3,usn_ugm_109c3,usn_ugm_109c3,Weapons & ammunition,ammunition,,,,Red Storm Arsenal,mods-source/3413868677/ammunition/usn_ugm_109c3.ini,"[""3413868677""]",,,,photo_gap,,pending,"Candidate family/component reference only. Verify visible variant, operator, era and configuration. This is a source record, not a claim about the load-order winner."
3413868677:ammunition/usn_ugm_109e,usn_ugm_109e,usn_ugm_109e,Weapons & ammunition,ammunition,,,,Red Storm Arsenal,mods-source/3413868677/ammunition/usn_ugm_109e.ini,"[""3413868677""]",,,,photo_gap,,pending,"Candidate family/component reference only. Verify visible variant, operator, era and configuration. This is a source record, not a claim about the load-order winner."
3413868677:ammunition/usn_ugm_109e_tactical,usn_ugm_109e_tactical,usn_ugm_109e_tactical,Weapons & ammunition,ammunition,,,,Red Storm Arsenal,mods-source/3413868677/ammunition/usn_ugm_109e_tactical.ini,"[""3413868677""]",,,,photo_gap,,pending,"Candidate family/component reference only. Verify visible variant, operator, era and configuration. This is a source record, not a claim about the load-order winner."
3413868677:ammunition/wp_aa_9,wp_aa_9,wp_aa_9,Weapons & ammunition,ammunition,,,,Red Storm Arsenal,mods-source/3413868677/ammunition/wp_aa_9.ini,"[""3413868677""]",,,,photo_gap,,pending,"Candidate family/component reference only. Verify visible variant, operator, era and configuration. This is a source record, not a claim about the load-order winner."
3413868677:ammunition/wp_apr_3,wp_apr_3,wp_apr_3,Weapons & ammunition,ammunition,,,,Red Storm Arsenal,mods-source/3413868677/ammunition/wp_apr_3.ini,"[""3413868677""]",,,,photo_gap,,pending,"Candidate family/component reference only. Verify visible variant, operator, era and configuration. This is a source record, not a claim about the load-order winner."
3413868677:ammunition/wp_as_18,wp_as_18,wp_as_18,Weapons & ammunition,ammunition,,,,Red Storm Arsenal,mods-source/3413868677/ammunition/wp_as_18.ini,"[""3413868677""]",,,,photo_gap,,pending,"Candidate family/component reference only. Verify visible variant, operator, era and configuration. This is a source record, not a claim about the load-order winner."
3413868677:ammunition/wp_as_20,wp_as_20,wp_as_20,Weapons & ammunition,ammunition,,,,Red Storm Arsenal,mods-source/3413868677/ammunition/wp_as_20.ini,"[""3413868677""]",,,,photo_gap,,pending,"Candidate family/component reference only. Verify visible variant, operator, era and configuration. This is a source record, not a claim about the load-order winner."
3413868677:ammunition/wp_sa_n_11,wp_sa_n_11,wp_sa_n_11,Weapons & ammunition,ammunition,,,,Red Storm Arsenal,mods-source/3413868677/ammunition/wp_sa_n_11.ini,"[""3413868677""]",,,,photo_gap,,pending,"Candidate family/component reference only. Verify visible variant, operator, era and configuration. This is a source record, not a claim about the load-order winner."
3413868677:ammunition/wp_sa_n_12,wp_sa_n_12,wp_sa_n_12,Weapons & ammunition,ammunition,,,,Red Storm Arsenal,mods-source/3413868677/ammunition/wp_sa_n_12.ini,"[""3413868677""]",,,,photo_gap,,pending,"Candidate family/component reference only. Verify visible variant, operator, era and configuration. This is a source record, not a claim about the load-order winner."
3413868677:ammunition/wp_sa_n_12b,wp_sa_n_12b,wp_sa_n_12b,Weapons & ammunition,ammunition,,,,Red Storm Arsenal,mods-source/3413868677/ammunition/wp_sa_n_12b.ini,"[""3413868677""]",,,,photo_gap,,pending,"Candidate family/component reference only. Verify visible variant, operator, era and configuration. This is a source record, not a claim about the load-order winner."
3413868677:ammunition/wp_sa_n_20,wp_sa_n_20,wp_sa_n_20,Weapons & ammunition,ammunition,,,,Red Storm Arsenal,mods-source/3413868677/ammunition/wp_sa_n_20.ini,"[""3413868677""]",,,,photo_gap,,pending,"Candidate family/component reference only. Verify visible variant, operator, era and configuration. This is a source record, not a claim about the load-order winner."
3413868677:ammunition/wp_sa_n_20b,wp_sa_n_20b,wp_sa_n_20b,Weapons & ammunition,ammunition,,,,Red Storm Arsenal,mods-source/3413868677/ammunition/wp_sa_n_20b.ini,"[""3413868677""]",,,,photo_gap,,pending,"Candidate family/component reference only. Verify visible variant, operator, era and configuration. This is a source record, not a claim about the load-order winner."
3413868677:ammunition/wp_sa_n_28a,wp_sa_n_28a,wp_sa_n_28a,Weapons & ammunition,ammunition,,,,Red Storm Arsenal,mods-source/3413868677/ammunition/wp_sa_n_28a.ini,"[""3413868677""]",,,,photo_gap,,pending,"Candidate family/component reference only. Verify visible variant, operator, era and configuration. This is a source record, not a claim about the load-order winner."
3413868677:ammunition/wp_sa_n_28n,wp_sa_n_28n,wp_sa_n_28n,Weapons & ammunition,ammunition,,,,Red Storm Arsenal,mods-source/3413868677/ammunition/wp_sa_n_28n.ini,"[""3413868677""]",,,,photo_gap,,pending,"Candidate family/component reference only. Verify visible variant, operator, era and configuration. This is a source record, not a claim about the load-order winner."
3413868677:ammunition/wp_sa_n_4b,wp_sa_n_4b,wp_sa_n_4b,Weapons & ammunition,ammunition,,,,Red Storm Arsenal,mods-source/3413868677/ammunition/wp_sa_n_4b.ini,"[""3413868677""]",,,,photo_gap,,pending,"Candidate family/component reference only. Verify visible variant, operator, era and configuration. This is a source record, not a claim about the load-order winner."
3413868677:ammunition/wp_sa_n_9a,wp_sa_n_9a,wp_sa_n_9a,Weapons & ammunition,ammunition,,,,Red Storm Arsenal,mods-source/3413868677/ammunition/wp_sa_n_9a.ini,"[""3413868677""]",,,,photo_gap,,pending,"Candidate family/component reference only. Verify visible variant, operator, era and configuration. This is a source record, not a claim about the load-order winner."
3413868677:ammunition/wp_ss_n_12b,wp_ss_n_12b,wp_ss_n_12b,Weapons & ammunition,ammunition,,,,Red Storm Arsenal,mods-source/3413868677/ammunition/wp_ss_n_12b.ini,"[""3413868677""]",,,,photo_gap,,pending,"Candidate family/component reference only. Verify visible variant, operator, era and configuration. This is a source record, not a claim about the load-order winner."
3413868677:ammunition/wp_ss_n_14b,wp_ss_n_14b,wp_ss_n_14b,Weapons & ammunition,ammunition,,,,Red Storm Arsenal,mods-source/3413868677/ammunition/wp_ss_n_14b.ini,"[""3413868677""]",,,,photo_gap,,pending,"Candidate family/component reference only. Verify visible variant, operator, era and configuration. This is a source record, not a claim about the load-order winner."
3413868677:ammunition/wp_ss_n_14c,wp_ss_n_14c,wp_ss_n_14c,Weapons & ammunition,ammunition,,,,Red Storm Arsenal,mods-source/3413868677/ammunition/wp_ss_n_14c.ini,"[""3413868677""]",,,,photo_gap,,pending,"Candidate family/component reference only. Verify visible variant, operator, era and configuration. This is a source record, not a claim about the load-order winner."
3413868677:ammunition/wp_ss_n_19a,wp_ss_n_19a,wp_ss_n_19a,Weapons & ammunition,ammunition,,,,Red Storm Arsenal,mods-source/3413868677/ammunition/wp_ss_n_19a.ini,"[""3413868677""]",,,,photo_gap,,pending,"Candidate family/component reference only. Verify visible variant, operator, era and configuration. This is a source record, not a claim about the load-order winner."
3413868677:ammunition/wp_ss_n_22a,wp_ss_n_22a,wp_ss_n_22a,Weapons & ammunition,ammunition,,,,Red Storm Arsenal,mods-source/3413868677/ammunition/wp_ss_n_22a.ini,"[""3413868677""]",,,,photo_gap,,pending,"Candidate family/component reference only. Verify visible variant, operator, era and configuration. This is a source record, not a claim about the load-order winner."
3413868677:ammunition/wp_ss_n_25,wp_ss_n_25,wp_ss_n_25,Weapons & ammunition,ammunition,,,,Red Storm Arsenal,mods-source/3413868677/ammunition/wp_ss_n_25.ini,"[""3413868677""]",,,,photo_gap,,pending,"Candidate family/component reference only. Verify visible variant, operator, era and configuration. This is a source record, not a claim about the load-order winner."
3413868677:ammunition/wp_ss_n_26a,wp_ss_n_26a,wp_ss_n_26a,Weapons & ammunition,ammunition,,,,Red Storm Arsenal,mods-source/3413868677/ammunition/wp_ss_n_26a.ini,"[""3413868677""]",,,,photo_gap,,pending,"Candidate family/component reference only. Verify visible variant, operator, era and configuration. This is a source record, not a claim about the load-order winner."
3413868677:ammunition/wp_ss_n_27,wp_ss_n_27,wp_ss_n_27,Weapons & ammunition,ammunition,,,,Red Storm Arsenal,mods-source/3413868677/ammunition/wp_ss_n_27.ini,"[""3413868677""]",,,,photo_gap,,pending,"Candidate family/component reference only. Verify visible variant, operator, era and configuration. This is a source record, not a claim about the load-order winner."
3413868677:ammunition/wp_ss_n_30a,wp_ss_n_30a,wp_ss_n_30a,Weapons & ammunition,ammunition,,,,Red Storm Arsenal,mods-source/3413868677/ammunition/wp_ss_n_30a.ini,"[""3413868677""]",,,,photo_gap,,pending,"Candidate family/component reference only. Verify visible variant, operator, era and configuration. This is a source record, not a claim about the load-order winner."
3413868677:ammunition/wp_test_71mk,wp_test_71mk,wp_test_71mk,Weapons & ammunition,ammunition,,,,Red Storm Arsenal,mods-source/3413868677/ammunition/wp_test_71mk.ini,"[""3413868677""]",,,,photo_gap,,pending,"Candidate family/component reference only. Verify visible variant, operator, era and configuration. This is a source record, not a claim about the load-order winner."
3413868677:ammunition/wp_umgt_1m,wp_umgt_1m,wp_umgt_1m,Weapons & ammunition,ammunition,,,,Red Storm Arsenal,mods-source/3413868677/ammunition/wp_umgt_1m.ini,"[""3413868677""]",,,,photo_gap,,pending,"Candidate family/component reference only. Verify visible variant, operator, era and configuration. This is a source record, not a claim about the load-order winner."
3413868677:ammunition/wp_uset_80k,wp_uset_80k,wp_uset_80k,Weapons & ammunition,ammunition,,,,Red Storm Arsenal,mods-source/3413868677/ammunition/wp_uset_80k.ini,"[""3413868677""]",,,,photo_gap,,pending,"Candidate family/component reference only. Verify visible variant, operator, era and configuration. This is a source record, not a claim about the load-order winner."
3414146266:land_units/airfield_a-10,airfield_a-10,A-10 Airbase,Bases & installations,land_units,LandUnit,Airbase,,A-10,mods-source/3414146266/land_units/airfield_a-10.ini,"[""3414146266""]",,,,photo_gap,,pending,"Candidate family/component reference only. Verify visible variant, operator, era and configuration. This is a source record, not a claim about the load-order winner."
3414146266:ammunition/usn_cal_pgu-14b,usn_cal_pgu-14b,usn_cal_pgu-14b,Weapons & ammunition,ammunition,,,,A-10,mods-source/3414146266/ammunition/usn_cal_pgu-14b.ini,"[""3414146266""]",,,,photo_gap,,pending,"Candidate family/component reference only. Verify visible variant, operator, era and configuration. This is a source record, not a claim about the load-order winner."
3416372890:land_units/airfield_us,airfield_us,US aviation base,Bases & installations,land_units,LandUnit,Airbase,,MIG-29A & F-16A,mods-source/3416372890/land_units/airfield_us.ini,"[""3416372890""]",,,,photo_gap,,pending,"Candidate family/component reference only. Verify visible variant, operator, era and configuration. This is a source record, not a claim about the load-order winner."
3416372890:land_units/airfield_wp,airfield_wp,Soviet aviation base,Bases & installations,land_units,LandUnit,Airbase,,MIG-29A & F-16A,mods-source/3416372890/land_units/airfield_wp.ini,"[""3416372890""]",,,,photo_gap,,pending,"Candidate family/component reference only. Verify visible variant, operator, era and configuration. This is a source record, not a claim about the load-order winner."
3416372890:ammunition/usaf_tank_370_f-16,usaf_tank_370_f-16,usaf_tank_370_f-16,Weapons & ammunition,ammunition,,,,MIG-29A & F-16A,mods-source/3416372890/ammunition/usaf_tank_370_f-16.ini,"[""3416372890""]",,,,photo_gap,,pending,"Candidate family/component reference only. Verify visible variant, operator, era and configuration. This is a source record, not a claim about the load-order winner."
3416372890:ammunition/wp_tank_1500_mig-29,wp_tank_1500_mig-29,wp_tank_1500_mig-29,Weapons & ammunition,ammunition,,,,MIG-29A & F-16A,mods-source/3416372890/ammunition/wp_tank_1500_mig-29.ini,"[""3416372890""]",,,,photo_gap,,pending,"Candidate family/component reference only. Verify visible variant, operator, era and configuration. This is a source record, not a claim about the load-order winner."
3417446309:vessels/wp_cv_orel_1991,wp_cv_orel_1991,Orel-class (1991),Ships,vessels,Vessel,,,MIG-29 Family,mods-source/3417446309/vessels/wp_cv_orel_1991.ini,"[""3417446309""]",,,,photo_gap,,pending,"Candidate family/component reference only. Verify visible variant, operator, era and configuration. This is a source record, not a claim about the load-order winner."
3417446309:ammunition/su_kh-35,su_kh-35,su_kh-35,Weapons & ammunition,ammunition,,,,MIG-29 Family,mods-source/3417446309/ammunition/su_kh-35.ini,"[""3417446309""]",,,,photo_gap,,pending,"Candidate family/component reference only. Verify visible variant, operator, era and configuration. This is a source record, not a claim about the load-order winner."
3417446309:ammunition/wp_kab-500kr,wp_kab-500kr,wp_kab-500kr,Weapons & ammunition,ammunition,,,,MIG-29 Family,mods-source/3417446309/ammunition/wp_kab-500kr.ini,"[""3417446309""]",,,,photo_gap,,pending,"Candidate family/component reference only. Verify visible variant, operator, era and configuration. This is a source record, not a claim about the load-order winner."
3417446309:ammunition/wp_tank_1150_mig-29,wp_tank_1150_mig-29,wp_tank_1150_mig-29,Weapons & ammunition,ammunition,,,,MIG-29 Family,mods-source/3417446309/ammunition/wp_tank_1150_mig-29.ini,"[""3417446309""]",,,,photo_gap,,pending,"Candidate family/component reference only. Verify visible variant, operator, era and configuration. This is a source record, not a claim about the load-order winner."
3417446309:ammunition/wp_tank_1500_mig-29,wp_tank_1500_mig-29,wp_tank_1500_mig-29,Weapons & ammunition,ammunition,,,,MIG-29 Family,mods-source/3417446309/ammunition/wp_tank_1500_mig-29.ini,"[""3417446309""]",,,,photo_gap,,pending,"Candidate family/component reference only. Verify visible variant, operator, era and configuration. This is a source record, not a claim about the load-order winner."
3417801942:ammunition/plan_pl-10,plan_pl-10,plan_pl-10,Weapons & ammunition,ammunition,,,,PRC Chinese Navy (PLAN),mods-source/3417801942/ammunition/plan_pl-10.ini,"[""3417801942""]",,,,photo_gap,,pending,"Candidate family/component reference only. Verify visible variant, operator, era and configuration. This is a source record, not a claim about the load-order winner."
3417801942:ammunition/plan_sq-4,plan_sq-4,plan_sq-4,Weapons & ammunition,ammunition,,,,PRC Chinese Navy (PLAN),mods-source/3417801942/ammunition/plan_sq-4.ini,"[""3417801942""]",,,,photo_gap,,pending,"Candidate family/component reference only. Verify visible variant, operator, era and configuration. This is a source record, not a claim about the load-order winner."
3417801942:ammunition/plan_yu-3,plan_yu-3,plan_yu-3,Weapons & ammunition,ammunition,,,,PRC Chinese Navy (PLAN),mods-source/3417801942/ammunition/plan_yu-3.ini,"[""3417801942""]",,,,photo_gap,,pending,"Candidate family/component reference only. Verify visible variant, operator, era and configuration. This is a source record, not a claim about the load-order winner."
3417801942:ammunition/plan_yu-5,plan_yu-5,plan_yu-5,Weapons & ammunition,ammunition,,,,PRC Chinese Navy (PLAN),mods-source/3417801942/ammunition/plan_yu-5.ini,"[""3417801942""]",,,,photo_gap,,pending,"Candidate family/component reference only. Verify visible variant, operator, era and configuration. This is a source record, not a claim about the load-order winner."
3417801942:ammunition/plan_yu-6,plan_yu-6,plan_yu-6,Weapons & ammunition,ammunition,,,,PRC Chinese Navy (PLAN),mods-source/3417801942/ammunition/plan_yu-6.ini,"[""3417801942""]",,,,photo_gap,,pending,"Candidate family/component reference only. Verify visible variant, operator, era and configuration. This is a source record, not a claim about the load-order winner."
3417801942:ammunition/plan_yu-7_air,plan_yu-7_air,plan_yu-7_air,Weapons & ammunition,ammunition,,,,PRC Chinese Navy (PLAN),mods-source/3417801942/ammunition/plan_yu-7_air.ini,"[""3417801942""]",,,,photo_gap,,pending,"Candidate family/component reference only. Verify visible variant, operator, era and configuration. This is a source record, not a claim about the load-order winner."
3417801942:ammunition/plan_yu-7_ship,plan_yu-7_ship,plan_yu-7_ship,Weapons & ammunition,ammunition,,,,PRC Chinese Navy (PLAN),mods-source/3417801942/ammunition/plan_yu-7_ship.ini,"[""3417801942""]",,,,photo_gap,,pending,"Candidate family/component reference only. Verify visible variant, operator, era and configuration. This is a source record, not a claim about the load-order winner."
3418252667:land_units/airfield_us_large,airfield_us_large,Morden Air base,Bases & installations,land_units,LandUnit,Airbase,,F-22,mods-source/3418252667/land_units/airfield_us_large.ini,"[""3418252667""]",,,,photo_gap,,pending,"Candidate family/component reference only. Verify visible variant, operator, era and configuration. This is a source record, not a claim about the load-order winner."
3418252667:ammunition/usn_aim-260a,usn_aim-260a,usn_aim-260a,Weapons & ammunition,ammunition,,,,F-22,mods-source/3418252667/ammunition/usn_aim-260a.ini,"[""3418252667""]",,,,photo_gap,,pending,"Candidate family/component reference only. Verify visible variant, operator, era and configuration. This is a source record, not a claim about the load-order winner."
3418252667:ammunition/usn_bru-61a,usn_bru-61a,usn_bru-61a,Weapons & ammunition,ammunition,,,,F-22,mods-source/3418252667/ammunition/usn_bru-61a.ini,"[""3418252667""]",,,,photo_gap,,pending,"Candidate family/component reference only. Verify visible variant, operator, era and configuration. This is a source record, not a claim about the load-order winner."
3418252667:ammunition/usn_gbu-39,usn_gbu-39,usn_gbu-39,Weapons & ammunition,ammunition,,,,F-22,mods-source/3418252667/ammunition/usn_gbu-39.ini,"[""3418252667""]",,,,photo_gap,,pending,"Candidate family/component reference only. Verify visible variant, operator, era and configuration. This is a source record, not a claim about the load-order winner."
3418252667:ammunition/usn_siaw,usn_siaw,usn_siaw,Weapons & ammunition,ammunition,,,,F-22,mods-source/3418252667/ammunition/usn_siaw.ini,"[""3418252667""]",,,,photo_gap,,pending,"Candidate family/component reference only. Verify visible variant, operator, era and configuration. This is a source record, not a claim about the load-order winner."
3425450153:ammunition/chaff_dircm,chaff_dircm,chaff_dircm,Weapons & ammunition,ammunition,,,,AH-64  Apache,mods-source/3425450153/ammunition/chaff_dircm.ini,"[""3425450153""]",,,,photo_gap,,pending,"Candidate family/component reference only. Verify visible variant, operator, era and configuration. This is a source record, not a claim about the load-order winner."
3425450153:ammunition/usa_apkws_2_m282,usa_apkws_2_m282,usa_apkws_2_m282,Weapons & ammunition,ammunition,,,,AH-64  Apache,mods-source/3425450153/ammunition/usa_apkws_2_m282.ini,"[""3425450153""]",,,,photo_gap,,pending,"Candidate family/component reference only. Verify visible variant, operator, era and configuration. This is a source record, not a claim about the load-order winner."
3425450153:ammunition/usa_lau-3a_apache,usa_lau-3a_apache,usa_lau-3a_apache,Weapons & ammunition,ammunition,,,,AH-64  Apache,mods-source/3425450153/ammunition/usa_lau-3a_apache.ini,"[""3425450153""]",,,,photo_gap,,pending,"Candidate family/component reference only. Verify visible variant, operator, era and configuration. This is a source record, not a claim about the load-order winner."
3425450153:ammunition/usn_agr-20b_apache,usn_agr-20b_apache,usn_agr-20b_apache,Weapons & ammunition,ammunition,,,,AH-64  Apache,mods-source/3425450153/ammunition/usn_agr-20b_apache.ini,"[""3425450153""]",,,,photo_gap,,pending,"Candidate family/component reference only. Verify visible variant, operator, era and configuration. This is a source record, not a claim about the load-order winner."
3425450153:ammunition/usn_cal_30mm_hedp,usn_cal_30mm_hedp,usn_cal_30mm_hedp,Weapons & ammunition,ammunition,,,,AH-64  Apache,mods-source/3425450153/ammunition/usn_cal_30mm_hedp.ini,"[""3425450153""]",,,,photo_gap,,pending,"Candidate family/component reference only. Verify visible variant, operator, era and configuration. This is a source record, not a claim about the load-order winner."
3430135740:ammunition/usn_tank_1200_f-18,usn_tank_1200_f-18,usn_tank_1200_f-18,Weapons & ammunition,ammunition,,,,Murder Hornet with AIM-174B,mods-source/3430135740/ammunition/usn_tank_1200_f-18.ini,"[""3430135740""]",,,,photo_gap,,pending,"Candidate family/component reference only. Verify visible variant, operator, era and configuration. This is a source record, not a claim about the load-order winner."
3433577445:ammunition/plaaf_130-Ⅱ_rocket,plaaf_130-Ⅱ_rocket,plaaf_130-Ⅱ_rocket,Weapons & ammunition,ammunition,,,,PLAAF J-8,mods-source/3433577445/ammunition/plaaf_130-Ⅱ_rocket.ini,"[""3433577445""]",,,,photo_gap,,pending,"Candidate family/component reference only. Verify visible variant, operator, era and configuration. This is a source record, not a claim about the load-order winner."
3433577445:ammunition/plaaf_1400l_fueltank,plaaf_1400l_fueltank,plaaf_1400l_fueltank,Weapons & ammunition,ammunition,,,,PLAAF J-8,mods-source/3433577445/ammunition/plaaf_1400l_fueltank.ini,"[""3433577445""]",,,,photo_gap,,pending,"Candidate family/component reference only. Verify visible variant, operator, era and configuration. This is a source record, not a claim about the load-order winner."
3433577445:ammunition/plaaf_1400l_fueltank_new,plaaf_1400l_fueltank_new,plaaf_1400l_fueltank_new,Weapons & ammunition,ammunition,,,,PLAAF J-8,mods-source/3433577445/ammunition/plaaf_1400l_fueltank_new.ini,"[""3433577445""]",,,,photo_gap,,pending,"Candidate family/component reference only. Verify visible variant, operator, era and configuration. This is a source record, not a claim about the load-order winner."
3433577445:ammunition/plaaf_250-Ⅲ,plaaf_250-Ⅲ,plaaf_250-Ⅲ,Weapons & ammunition,ammunition,,,,PLAAF J-8,mods-source/3433577445/ammunition/plaaf_250-Ⅲ.ini,"[""3433577445""]",,,,photo_gap,,pending,"Candidate family/component reference only. Verify visible variant, operator, era and configuration. This is a source record, not a claim about the load-order winner."
3433577445:ammunition/plaaf_500-Ⅲ,plaaf_500-Ⅲ,plaaf_500-Ⅲ,Weapons & ammunition,ammunition,,,,PLAAF J-8,mods-source/3433577445/ammunition/plaaf_500-Ⅲ.ini,"[""3433577445""]",,,,photo_gap,,pending,"Candidate family/component reference only. Verify visible variant, operator, era and configuration. This is a source record, not a claim about the load-order winner."
3433577445:ammunition/plaaf_800l_fueltank,plaaf_800l_fueltank,plaaf_800l_fueltank,Weapons & ammunition,ammunition,,,,PLAAF J-8,mods-source/3433577445/ammunition/plaaf_800l_fueltank.ini,"[""3433577445""]",,,,photo_gap,,pending,"Candidate family/component reference only. Verify visible variant, operator, era and configuration. This is a source record, not a claim about the load-order winner."
3433577445:ammunition/plaaf_800l_fueltank_new,plaaf_800l_fueltank_new,plaaf_800l_fueltank_new,Weapons & ammunition,ammunition,,,,PLAAF J-8,mods-source/3433577445/ammunition/plaaf_800l_fueltank_new.ini,"[""3433577445""]",,,,photo_gap,,pending,"Candidate family/component reference only. Verify visible variant, operator, era and configuration. This is a source record, not a claim about the load-order winner."
3433577445:ammunition/plaaf_90-Ⅰ_rocket,plaaf_90-Ⅰ_rocket,plaaf_90-Ⅰ_rocket,Weapons & ammunition,ammunition,,,,PLAAF J-8,mods-source/3433577445/ammunition/plaaf_90-Ⅰ_rocket.ini,"[""3433577445""]",,,,photo_gap,,pending,"Candidate family/component reference only. Verify visible variant, operator, era and configuration. This is a source record, not a claim about the load-order winner."
3433577445:ammunition/plaaf_hf-6,plaaf_hf-6,plaaf_hf-6,Weapons & ammunition,ammunition,,,,PLAAF J-8,mods-source/3433577445/ammunition/plaaf_hf-6.ini,"[""3433577445""]",,,,photo_gap,,pending,"Candidate family/component reference only. Verify visible variant, operator, era and configuration. This is a source record, not a claim about the load-order winner."
3433577445:ammunition/plaaf_ls-6_500,plaaf_ls-6_500,plaaf_ls-6_500,Weapons & ammunition,ammunition,,,,PLAAF J-8,mods-source/3433577445/ammunition/plaaf_ls-6_500.ini,"[""3433577445""]",,,,photo_gap,,pending,"Candidate family/component reference only. Verify visible variant, operator, era and configuration. This is a source record, not a claim about the load-order winner."
3433577445:ammunition/plaaf_pl-5c,plaaf_pl-5c,plaaf_pl-5c,Weapons & ammunition,ammunition,,,,PLAAF J-8,mods-source/3433577445/ammunition/plaaf_pl-5c.ini,"[""3433577445""]",,,,photo_gap,,pending,"Candidate family/component reference only. Verify visible variant, operator, era and configuration. This is a source record, not a claim about the load-order winner."
3433577445:ammunition/plaaf_pl-8b,plaaf_pl-8b,plaaf_pl-8b,Weapons & ammunition,ammunition,,,,PLAAF J-8,mods-source/3433577445/ammunition/plaaf_pl-8b.ini,"[""3433577445""]",,,,photo_gap,,pending,"Candidate family/component reference only. Verify visible variant, operator, era and configuration. This is a source record, not a claim about the load-order winner."
3433957933:ammunition/usn_mk48_7,usn_mk48_7,usn_mk48_7,Weapons & ammunition,ammunition,,,,"Virginia, Seawolf, and Ohio-class submarines",mods-source/3433957933/ammunition/usn_mk48_7.ini,"[""3433957933""]",,,,photo_gap,,pending,"Candidate family/component reference only. Verify visible variant, operator, era and configuration. This is a source record, not a claim about the load-order winner."
3433957933:ammunition/usn_trident,usn_trident,usn_trident,Weapons & ammunition,ammunition,,,,"Virginia, Seawolf, and Ohio-class submarines",mods-source/3433957933/ammunition/usn_trident.ini,"[""3433957933""]",,,,photo_gap,,pending,"Candidate family/component reference only. Verify visible variant, operator, era and configuration. This is a source record, not a claim about the load-order winner."
3434072450:ammunition/su_aa-13,su_aa-13,su_aa-13,Weapons & ammunition,ammunition,,,,Sukhoi Su-27,mods-source/3434072450/ammunition/su_aa-13.ini,"[""3434072450""]",,,,photo_gap,,pending,"Candidate family/component reference only. Verify visible variant, operator, era and configuration. This is a source record, not a claim about the load-order winner."
3434072450:ammunition/su_as-14,su_as-14,su_as-14,Weapons & ammunition,ammunition,,,,Sukhoi Su-27,mods-source/3434072450/ammunition/su_as-14.ini,"[""3434072450""]",,,,photo_gap,,pending,"Candidate family/component reference only. Verify visible variant, operator, era and configuration. This is a source record, not a claim about the load-order winner."
3434072450:ammunition/su_as-18,su_as-18,su_as-18,Weapons & ammunition,ammunition,,,,Sukhoi Su-27,mods-source/3434072450/ammunition/su_as-18.ini,"[""3434072450""]",,,,photo_gap,,pending,"Candidate family/component reference only. Verify visible variant, operator, era and configuration. This is a source record, not a claim about the load-order winner."
3434072450:ammunition/su_as-20,su_as-20,su_as-20,Weapons & ammunition,ammunition,,,,Sukhoi Su-27,mods-source/3434072450/ammunition/su_as-20.ini,"[""3434072450""]",,,,photo_gap,,pending,"Candidate family/component reference only. Verify visible variant, operator, era and configuration. This is a source record, not a claim about the load-order winner."
3434072450:ammunition/su_kab-1500kr,su_kab-1500kr,su_kab-1500kr,Weapons & ammunition,ammunition,,,,Sukhoi Su-27,mods-source/3434072450/ammunition/su_kab-1500kr.ini,"[""3434072450""]",,,,photo_gap,,pending,"Candidate family/component reference only. Verify visible variant, operator, era and configuration. This is a source record, not a claim about the load-order winner."
3434072450:ammunition/su_kh-35,su_kh-35,su_kh-35,Weapons & ammunition,ammunition,,,,Sukhoi Su-27,mods-source/3434072450/ammunition/su_kh-35.ini,"[""3434072450""]",,,,photo_gap,,pending,"Candidate family/component reference only. Verify visible variant, operator, era and configuration. This is a source record, not a claim about the load-order winner."
3434072450:ammunition/su_kh-38,su_kh-38,su_kh-38,Weapons & ammunition,ammunition,,,,Sukhoi Su-27,mods-source/3434072450/ammunition/su_kh-38.ini,"[""3434072450""]",,,,photo_gap,,pending,"Candidate family/component reference only. Verify visible variant, operator, era and configuration. This is a source record, not a claim about the load-order winner."
3434072450:ammunition/su_l004,su_l004,su_l004,Weapons & ammunition,ammunition,,,,Sukhoi Su-27,mods-source/3434072450/ammunition/su_l004.ini,"[""3434072450""]",,,,photo_gap,,pending,"Candidate family/component reference only. Verify visible variant, operator, era and configuration. This is a source record, not a claim about the load-order winner."
3436170138:ammunition/mbd_pyl_ofab-100,mbd_pyl_ofab-100,mbd_pyl_ofab-100,Weapons & ammunition,ammunition,,,,PLAAF J-11,mods-source/3436170138/ammunition/mbd_pyl_ofab-100.ini,"[""3436170138""]",,,,photo_gap,,pending,"Candidate family/component reference only. Verify visible variant, operator, era and configuration. This is a source record, not a claim about the load-order winner."
3436170138:ammunition/plaaf_130-Ⅱ_rocket,plaaf_130-Ⅱ_rocket,plaaf_130-Ⅱ_rocket,Weapons & ammunition,ammunition,,,,PLAAF J-11,mods-source/3436170138/ammunition/plaaf_130-Ⅱ_rocket.ini,"[""3436170138""]",,,,photo_gap,,pending,"Candidate family/component reference only. Verify visible variant, operator, era and configuration. This is a source record, not a claim about the load-order winner."
3436170138:ammunition/plaaf_250-Ⅲ,plaaf_250-Ⅲ,plaaf_250-Ⅲ,Weapons & ammunition,ammunition,,,,PLAAF J-11,mods-source/3436170138/ammunition/plaaf_250-Ⅲ.ini,"[""3436170138""]",,,,photo_gap,,pending,"Candidate family/component reference only. Verify visible variant, operator, era and configuration. This is a source record, not a claim about the load-order winner."
3436170138:ammunition/plaaf_500-Ⅲ,plaaf_500-Ⅲ,plaaf_500-Ⅲ,Weapons & ammunition,ammunition,,,,PLAAF J-11,mods-source/3436170138/ammunition/plaaf_500-Ⅲ.ini,"[""3436170138""]",,,,photo_gap,,pending,"Candidate family/component reference only. Verify visible variant, operator, era and configuration. This is a source record, not a claim about the load-order winner."
3436170138:ammunition/plaaf_90-Ⅰ_rocket,plaaf_90-Ⅰ_rocket,plaaf_90-Ⅰ_rocket,Weapons & ammunition,ammunition,,,,PLAAF J-11,mods-source/3436170138/ammunition/plaaf_90-Ⅰ_rocket.ini,"[""3436170138""]",,,,photo_gap,,pending,"Candidate family/component reference only. Verify visible variant, operator, era and configuration. This is a source record, not a claim about the load-order winner."
3436170138:ammunition/plaaf_hf-14,plaaf_hf-14,plaaf_hf-14,Weapons & ammunition,ammunition,,,,PLAAF J-11,mods-source/3436170138/ammunition/plaaf_hf-14.ini,"[""3436170138""]",,,,photo_gap,,pending,"Candidate family/component reference only. Verify visible variant, operator, era and configuration. This is a source record, not a claim about the load-order winner."
3436170138:ammunition/plaaf_hf-6,plaaf_hf-6,plaaf_hf-6,Weapons & ammunition,ammunition,,,,PLAAF J-11,mods-source/3436170138/ammunition/plaaf_hf-6.ini,"[""3436170138""]",,,,photo_gap,,pending,"Candidate family/component reference only. Verify visible variant, operator, era and configuration. This is a source record, not a claim about the load-order winner."
3436170138:ammunition/plaaf_ls-6_500,plaaf_ls-6_500,plaaf_ls-6_500,Weapons & ammunition,ammunition,,,,PLAAF J-11,mods-source/3436170138/ammunition/plaaf_ls-6_500.ini,"[""3436170138""]",,,,photo_gap,,pending,"Candidate family/component reference only. Verify visible variant, operator, era and configuration. This is a source record, not a claim about the load-order winner."
3436170138:ammunition/plaaf_pl-10,plaaf_pl-10,plaaf_pl-10,Weapons & ammunition,ammunition,,,,PLAAF J-11,mods-source/3436170138/ammunition/plaaf_pl-10.ini,"[""3436170138""]",,,,photo_gap,,pending,"Candidate family/component reference only. Verify visible variant, operator, era and configuration. This is a source record, not a claim about the load-order winner."
3436170138:ammunition/plaaf_pl-8b,plaaf_pl-8b,plaaf_pl-8b,Weapons & ammunition,ammunition,,,,PLAAF J-11,mods-source/3436170138/ammunition/plaaf_pl-8b.ini,"[""3436170138""]",,,,photo_gap,,pending,"Candidate family/component reference only. Verify visible variant, operator, era and configuration. This is a source record, not a claim about the load-order winner."
3436170138:ammunition/plaaf_yj-91,plaaf_yj-91,plaaf_yj-91,Weapons & ammunition,ammunition,,,,PLAAF J-11,mods-source/3436170138/ammunition/plaaf_yj-91.ini,"[""3436170138""]",,,,photo_gap,,pending,"Candidate family/component reference only. Verify visible variant, operator, era and configuration. This is a source record, not a claim about the load-order winner."
3438479626:ammunition/su_sa-n-11,su_sa-n-11,su_sa-n-11,Weapons & ammunition,ammunition,,,,1143.5 Kuznetsov,mods-source/3438479626/ammunition/su_sa-n-11.ini,"[""3438479626""]",,,,photo_gap,,pending,"Candidate family/component reference only. Verify visible variant, operator, era and configuration. This is a source record, not a claim about the load-order winner."
3438479626:ammunition/su_ss-n-22_air,su_ss-n-22_air,su_ss-n-22_air,Weapons & ammunition,ammunition,,,,1143.5 Kuznetsov,mods-source/3438479626/ammunition/su_ss-n-22_air.ini,"[""3438479626""]",,,,photo_gap,,pending,"Candidate family/component reference only. Verify visible variant, operator, era and configuration. This is a source record, not a claim about the load-order winner."
3440622312:ammunition/RGM-184A,RGM-184A,RGM-184A,Weapons & ammunition,ammunition,,,,Anzac Class Frigate,mods-source/3440622312/ammunition/RGM-184A.ini,"[""3440622312""]",,,,photo_gap,,pending,"Candidate family/component reference only. Verify visible variant, operator, era and configuration. This is a source record, not a claim about the load-order winner."
3440622312:ammunition/RIM-162 ESSM,RIM-162 ESSM,RIM-162 ESSM,Weapons & ammunition,ammunition,,,,Anzac Class Frigate,mods-source/3440622312/ammunition/RIM-162 ESSM.ini,"[""3440622312""]",,,,photo_gap,,pending,"Candidate family/component reference only. Verify visible variant, operator, era and configuration. This is a source record, not a claim about the load-order winner."
3444379330:vessels/rnn_ffg_Van_Galen,rnn_ffg_Van_Galen,Van Galen Class,Ships,vessels,Vessel,,,Euromod-Dutch Navy,mods-source/3444379330/vessels/rnn_ffg_Van_Galen.ini,"[""3444379330""]",,,,photo_gap,,pending,"Candidate family/component reference only. Verify visible variant, operator, era and configuration. This is a source record, not a claim about the load-order winner."
3444379330:vessels/rnn_mcm_city,rnn_mcm_city,City-class,Ships,vessels,Vessel,,,Euromod-Dutch Navy,mods-source/3444379330/vessels/rnn_mcm_city.ini,"[""3444379330""]",,,,photo_gap,,pending,"Candidate family/component reference only. Verify visible variant, operator, era and configuration. This is a source record, not a claim about the load-order winner."
3444379330:vessels/rnn_usv_12m,rnn_usv_12m,12m USV Anti Submarine Warfare drone for the ASWF Van Galen Class frigates,Ships,vessels,Vessel,,,Euromod-Dutch Navy,mods-source/3444379330/vessels/rnn_usv_12m.ini,"[""3444379330""]",,,,photo_gap,,pending,"Candidate family/component reference only. Verify visible variant, operator, era and configuration. This is a source record, not a claim about the load-order winner."
3444379330:ammunition/ship_spawner_usv,ship_spawner_usv,ship_spawner_usv,Weapons & ammunition,ammunition,,,,Euromod-Dutch Navy,mods-source/3444379330/ammunition/ship_spawner_usv.ini,"[""3444379330""]",,,,photo_gap,,pending,"Candidate family/component reference only. Verify visible variant, operator, era and configuration. This is a source record, not a claim about the load-order winner."
3444379330:ammunition/usn_mk182_chaff,usn_mk182_chaff,usn_mk182_chaff,Weapons & ammunition,ammunition,,,,Euromod-Dutch Navy,mods-source/3444379330/ammunition/usn_mk182_chaff.ini,"[""3444379330""]",,,,photo_gap,,pending,"Candidate family/component reference only. Verify visible variant, operator, era and configuration. This is a source record, not a claim about the load-order winner."
3451166840:ammunition/ru_kh-38mt,ru_kh-38mt,ru_kh-38mt,Weapons & ammunition,ammunition,,,,SU-25 Frogfoot,mods-source/3451166840/ammunition/ru_kh-38mt.ini,"[""3451166840""]",,,,photo_gap,,pending,"Candidate family/component reference only. Verify visible variant, operator, era and configuration. This is a source record, not a claim about the load-order winner."
3451166840:ammunition/wp_as-14,wp_as-14,wp_as-14,Weapons & ammunition,ammunition,,,,SU-25 Frogfoot,mods-source/3451166840/ammunition/wp_as-14.ini,"[""3451166840""]",,,,photo_gap,,pending,"Candidate family/component reference only. Verify visible variant, operator, era and configuration. This is a source record, not a claim about the load-order winner."
3451166840:ammunition/wp_as-14a,wp_as-14a,wp_as-14a,Weapons & ammunition,ammunition,,,,SU-25 Frogfoot,mods-source/3451166840/ammunition/wp_as-14a.ini,"[""3451166840""]",,,,photo_gap,,pending,"Candidate family/component reference only. Verify visible variant, operator, era and configuration. This is a source record, not a claim about the load-order winner."
3451166840:ammunition/wp_kab-500kr,wp_kab-500kr,wp_kab-500kr,Weapons & ammunition,ammunition,,,,SU-25 Frogfoot,mods-source/3451166840/ammunition/wp_kab-500kr.ini,"[""3451166840""]",,,,photo_gap,,pending,"Candidate family/component reference only. Verify visible variant, operator, era and configuration. This is a source record, not a claim about the load-order winner."
3451166840:ammunition/wp_ub-32-57,wp_ub-32-57,wp_ub-32-57,Weapons & ammunition,ammunition,,,,SU-25 Frogfoot,mods-source/3451166840/ammunition/wp_ub-32-57.ini,"[""3451166840""]",,,,photo_gap,,pending,"Candidate family/component reference only. Verify visible variant, operator, era and configuration. This is a source record, not a claim about the load-order winner."
3455404959:aircraft/adf_ah-1g,adf_ah-1g,AH-1G (Fict),Aircraft & helicopters,aircraft,Helicopter,,,Royal Australian Defence Forces [v0.7.5.0.2],mods-source/3455404959/aircraft/adf_ah-1g.ini,"[""3455404959""]",,,,photo_gap,,pending,"Candidate family/component reference only. Verify visible variant, operator, era and configuration. This is a source record, not a claim about the load-order winner."
3455404959:aircraft/fr_mirage_iii,fr_mirage_iii,fr_mirage_iii,Aircraft & helicopters,aircraft,Aircraft,,,Royal Australian Defence Forces [v0.7.5.0.2],mods-source/3455404959/aircraft/fr_mirage_iii.ini,"[""3455404959""]",,,,photo_gap,,pending,"Candidate family/component reference only. Verify visible variant, operator, era and configuration. This is a source record, not a claim about the load-order winner."
3455404959:aircraft/idn_mig-21,idn_mig-21,MiG-21F-13,Aircraft & helicopters,aircraft,Aircraft,,,Royal Australian Defence Forces [v0.7.5.0.2],mods-source/3455404959/aircraft/idn_mig-21.ini,"[""3455404959""]",,,,photo_gap,,pending,"Candidate family/component reference only. Verify visible variant, operator, era and configuration. This is a source record, not a claim about the load-order winner."
3455404959:aircraft/idn_tu-16ks1,idn_tu-16ks1,Tu-16KS-1,Aircraft & helicopters,aircraft,Aircraft,,,Royal Australian Defence Forces [v0.7.5.0.2],mods-source/3455404959/aircraft/idn_tu-16ks1.ini,"[""3455404959""]",,,,photo_gap,,pending,"Candidate family/component reference only. Verify visible variant, operator, era and configuration. This is a source record, not a claim about the load-order winner."
3455404959:aircraft/idn_wasp,idn_wasp,Wasp HAS.1 TNI-AL,Aircraft & helicopters,aircraft,Helicopter,,,Royal Australian Defence Forces [v0.7.5.0.2],mods-source/3455404959/aircraft/idn_wasp.ini,"[""3455404959""]",,,,photo_gap,,pending,"Candidate family/component reference only. Verify visible variant, operator, era and configuration. This is a source record, not a claim about the load-order winner."
3455404959:aircraft/raaf_f-4e,raaf_f-4e,F-4E RAAF,Aircraft & helicopters,aircraft,Aircraft,,,Royal Australian Defence Forces [v0.7.5.0.2],mods-source/3455404959/aircraft/raaf_f-4e.ini,"[""3455404959""]",,,,photo_gap,,pending,"Candidate family/component reference only. Verify visible variant, operator, era and configuration. This is a source record, not a claim about the load-order winner."
3455404959:aircraft/raaf_f-4e_79,raaf_f-4e_79,F-4E RAAF (Fict),Aircraft & helicopters,aircraft,Aircraft,,,Royal Australian Defence Forces [v0.7.5.0.2],mods-source/3455404959/aircraft/raaf_f-4e_79.ini,"[""3455404959""]",,,,photo_gap,,pending,"Candidate family/component reference only. Verify visible variant, operator, era and configuration. This is a source record, not a claim about the load-order winner."
3455404959:aircraft/raaf_queenair,raaf_queenair,Beechcraft Queen Air,Aircraft & helicopters,aircraft,Aircraft,,,Royal Australian Defence Forces [v0.7.5.0.2],mods-source/3455404959/aircraft/raaf_queenair.ini,"[""3455404959""]",,,,photo_gap,,pending,"Candidate family/component reference only. Verify visible variant, operator, era and configuration. This is a source record, not a claim about the load-order winner."
3455404959:aircraft/raaf_winjeel,raaf_winjeel,CAC Winjeel,Aircraft & helicopters,aircraft,Aircraft,,,Royal Australian Defence Forces [v0.7.5.0.2],mods-source/3455404959/aircraft/raaf_winjeel.ini,"[""3455404959""]",,,,photo_gap,,pending,"Candidate family/component reference only. Verify visible variant, operator, era and configuration. This is a source record, not a claim about the load-order winner."
3455404959:aircraft/ran_C1A,ran_C1A,C-1A RAN (Fict),Aircraft & helicopters,aircraft,Aircraft,,,Royal Australian Defence Forces [v0.7.5.0.2],mods-source/3455404959/aircraft/ran_C1A.ini,"[""3455404959""]",,,,photo_gap,,pending,"Candidate family/component reference only. Verify visible variant, operator, era and configuration. This is a source record, not a claim about the load-order winner."
3455404959:aircraft/ran_S-70B-2_Seahawk,ran_S-70B-2_Seahawk,S-70B-2,Aircraft & helicopters,aircraft,Helicopter,,,Royal Australian Defence Forces [v0.7.5.0.2],mods-source/3455404959/aircraft/ran_S-70B-2_Seahawk.ini,"[""3455404959""]",,,,photo_gap,,pending,"Candidate family/component reference only. Verify visible variant, operator, era and configuration. This is a source record, not a claim about the load-order winner."
3455404959:aircraft/ran_S-70B-2_Seahawk_late,ran_S-70B-2_Seahawk_late,S-70B-2 (Fict),Aircraft & helicopters,aircraft,Helicopter,,,Royal Australian Defence Forces [v0.7.5.0.2],mods-source/3455404959/aircraft/ran_S-70B-2_Seahawk_late.ini,"[""3455404959""]",,,,photo_gap,,pending,"Candidate family/component reference only. Verify visible variant, operator, era and configuration. This is a source record, not a claim about the load-order winner."
3455404959:aircraft/ran_as350,ran_as350,AS.350BA (Trainer),Aircraft & helicopters,aircraft,Helicopter,,,Royal Australian Defence Forces [v0.7.5.0.2],mods-source/3455404959/aircraft/ran_as350.ini,"[""3455404959""]",,,,photo_gap,,pending,"Candidate family/component reference only. Verify visible variant, operator, era and configuration. This is a source record, not a claim about the load-order winner."
3455404959:aircraft/ran_as350_recon,ran_as350_recon,AS.350BA (Recon),Aircraft & helicopters,aircraft,Helicopter,,,Royal Australian Defence Forces [v0.7.5.0.2],mods-source/3455404959/aircraft/ran_as350_recon.ini,"[""3455404959""]",,,,photo_gap,,pending,"Candidate family/component reference only. Verify visible variant, operator, era and configuration. This is a source record, not a claim about the load-order winner."
3455404959:aircraft/ran_h34,ran_h34,Wessex HAS.31B,Aircraft & helicopters,aircraft,Helicopter,,,Royal Australian Defence Forces [v0.7.5.0.2],mods-source/3455404959/aircraft/ran_h34.ini,"[""3455404959""]",,,,photo_gap,,pending,"Candidate family/component reference only. Verify visible variant, operator, era and configuration. This is a source record, not a claim about the load-order winner."
3455404959:aircraft/ran_h34_sar,ran_h34_sar,Wessex HAS.31B SAR,Aircraft & helicopters,aircraft,Helicopter,,,Royal Australian Defence Forces [v0.7.5.0.2],mods-source/3455404959/aircraft/ran_h34_sar.ini,"[""3455404959""]",,,,photo_gap,,pending,"Candidate family/component reference only. Verify visible variant, operator, era and configuration. This is a source record, not a claim about the load-order winner."
3455404959:aircraft/ran_scout,ran_scout,Scout AH.1,Aircraft & helicopters,aircraft,Helicopter,,,Royal Australian Defence Forces [v0.7.5.0.2],mods-source/3455404959/aircraft/ran_scout.ini,"[""3455404959""]",,,,photo_gap,,pending,"Candidate family/component reference only. Verify visible variant, operator, era and configuration. This is a source record, not a claim about the load-order winner."
3455404959:aircraft/ran_sea_harrier84,ran_sea_harrier84,Sea Harrier FRS.50 (Fict),Aircraft & helicopters,aircraft,VTOL,,,Royal Australian Defence Forces [v0.7.5.0.2],mods-source/3455404959/aircraft/ran_sea_harrier84.ini,"[""3455404959""]",,,,photo_gap,,pending,"Candidate family/component reference only. Verify visible variant, operator, era and configuration. This is a source record, not a claim about the load-order winner."
3455404959:aircraft/ran_sea_king_aew2,ran_sea_king_aew2,Sea King AEW.2A (Fict),Aircraft & helicopters,aircraft,Helicopter,,,Royal Australian Defence Forces [v0.7.5.0.2],mods-source/3455404959/aircraft/ran_sea_king_aew2.ini,"[""3455404959""]",,,,photo_gap,,pending,"Candidate family/component reference only. Verify visible variant, operator, era and configuration. This is a source record, not a claim about the load-order winner."
3455404959:aircraft/ran_westlandseaking,ran_westlandseaking,Sea King Mk.50,Aircraft & helicopters,aircraft,Helicopter,,,Royal Australian Defence Forces [v0.7.5.0.2],mods-source/3455404959/aircraft/ran_westlandseaking.ini,"[""3455404959""]",,,,photo_gap,,pending,"Candidate family/component reference only. Verify visible variant, operator, era and configuration. This is a source record, not a claim about the load-order winner."
3455404959:aircraft/rnzn_sh-2gi,rnzn_sh-2gi,SH-2G,Aircraft & helicopters,aircraft,Helicopter,,,Royal Australian Defence Forces [v0.7.5.0.2],mods-source/3455404959/aircraft/rnzn_sh-2gi.ini,"[""3455404959""]",,,,photo_gap,,pending,"Candidate family/component reference only. Verify visible variant, operator, era and configuration. This is a source record, not a claim about the load-order winner."
3455404959:aircraft/rnzn_wasp,rnzn_wasp,Wasp HAS.1 RNZN,Aircraft & helicopters,aircraft,Helicopter,,,Royal Australian Defence Forces [v0.7.5.0.2],mods-source/3455404959/aircraft/rnzn_wasp.ini,"[""3455404959""]",,,,photo_gap,,pending,"Candidate family/component reference only. Verify visible variant, operator, era and configuration. This is a source record, not a claim about the load-order winner."
3455404959:vessels/idn_dd_skory,idn_dd_skory,Skory-class TNI-AL,Ships,vessels,Vessel,,,Royal Australian Defence Forces [v0.7.5.0.2],mods-source/3455404959/vessels/idn_dd_skory.ini,"[""3455404959""]",,,,photo_gap,,pending,"Candidate family/component reference only. Verify visible variant, operator, era and configuration. This is a source record, not a claim about the load-order winner."
3455404959:vessels/idn_ff_riga,idn_ff_riga,Riga-class TNI-AL,Ships,vessels,Vessel,,,Royal Australian Defence Forces [v0.7.5.0.2],mods-source/3455404959/vessels/idn_ff_riga.ini,"[""3455404959""]",,,,photo_gap,,pending,"Candidate family/component reference only. Verify visible variant, operator, era and configuration. This is a source record, not a claim about the load-order winner."
3455404959:vessels/idn_ff_vanspeijk,idn_ff_vanspeijk,Ahmad Yani-class,Ships,vessels,Vessel,,,Royal Australian Defence Forces [v0.7.5.0.2],mods-source/3455404959/vessels/idn_ff_vanspeijk.ini,"[""3455404959""]",,,,photo_gap,,pending,"Candidate family/component reference only. Verify visible variant, operator, era and configuration. This is a source record, not a claim about the load-order winner."
3455404959:vessels/idn_kr_sverdlov,idn_kr_sverdlov,Sverdlov-class TNI-AL,Ships,vessels,Vessel,,,Royal Australian Defence Forces [v0.7.5.0.2],mods-source/3455404959/vessels/idn_kr_sverdlov.ini,"[""3455404959""]",,,,photo_gap,,pending,"Candidate family/component reference only. Verify visible variant, operator, era and configuration. This is a source record, not a claim about the load-order winner."
3455404959:vessels/idn_ss_tjakra_71,idn_ss_tjakra_71,Whiskey-class (TNI-AL),Submarines,vessels,Submarine,,,Royal Australian Defence Forces [v0.7.5.0.2],mods-source/3455404959/vessels/idn_ss_tjakra_71.ini,"[""3455404959""]",,,,photo_gap,,pending,"Candidate family/component reference only. Verify visible variant, operator, era and configuration. This is a source record, not a claim about the load-order winner."
3455404959:vessels/idn_vt_uda,idn_vt_uda,Uda-class,Ships,vessels,Vessel,,,Royal Australian Defence Forces [v0.7.5.0.2],mods-source/3455404959/vessels/idn_vt_uda.ini,"[""3455404959""]",,,,photo_gap,,pending,"Candidate family/component reference only. Verify visible variant, operator, era and configuration. This is a source record, not a claim about the load-order winner."
3455404959:vessels/ran_cv_invincible,ran_cv_invincible,Invincible-class RAN (Fict),Ships,vessels,Vessel,,,Royal Australian Defence Forces [v0.7.5.0.2],mods-source/3455404959/vessels/ran_cv_invincible.ini,"[""3455404959""]",,,,photo_gap,,pending,"Candidate family/component reference only. Verify visible variant, operator, era and configuration. This is a source record, not a claim about the load-order winner."
3455404959:vessels/ran_de_type15,ran_de_type15,Type 15-class RAN,Ships,vessels,Vessel,,,Royal Australian Defence Forces [v0.7.5.0.2],mods-source/3455404959/vessels/ran_de_type15.ini,"[""3455404959""]",,,,photo_gap,,pending,"Candidate family/component reference only. Verify visible variant, operator, era and configuration. This is a source record, not a claim about the load-order winner."
3455404959:vessels/ran_ffg_adelaide,ran_ffg_adelaide,Adelaide-class (Long-hull),Ships,vessels,Vessel,,,Royal Australian Defence Forces [v0.7.5.0.2],mods-source/3455404959/vessels/ran_ffg_adelaide.ini,"[""3455404959""]",,,,photo_gap,,pending,"Candidate family/component reference only. Verify visible variant, operator, era and configuration. This is a source record, not a claim about the load-order winner."
3455404959:vessels/ran_ffg_adelaide_93,ran_ffg_adelaide_93,Adelaide-class (Seahawk),Ships,vessels,Vessel,,,Royal Australian Defence Forces [v0.7.5.0.2],mods-source/3455404959/vessels/ran_ffg_adelaide_93.ini,"[""3455404959""]",,,,photo_gap,,pending,"Candidate family/component reference only. Verify visible variant, operator, era and configuration. This is a source record, not a claim about the load-order winner."
3455404959:vessels/ran_ffg_adelaide_late,ran_ffg_adelaide_late,Adelaide-class (FFG Upgrade),Ships,vessels,Vessel,,,Royal Australian Defence Forces [v0.7.5.0.2],mods-source/3455404959/vessels/ran_ffg_adelaide_late.ini,"[""3455404959""]",,,,photo_gap,,pending,"Candidate family/component reference only. Verify visible variant, operator, era and configuration. This is a source record, not a claim about the load-order winner."
3455404959:vessels/ran_lsh_tobruk,ran_lsh_tobruk,Tobruk-class,Ships,vessels,Vessel,,,Royal Australian Defence Forces [v0.7.5.0.2],mods-source/3455404959/vessels/ran_lsh_tobruk.ini,"[""3455404959""]",,,,photo_gap,,pending,"Candidate family/component reference only. Verify visible variant, operator, era and configuration. This is a source record, not a claim about the load-order winner."
3455404959:vessels/ran_lsm_lsm1,ran_lsm_lsm1,LSM-1-class (AU),Ships,vessels,Vessel,,,Royal Australian Defence Forces [v0.7.5.0.2],mods-source/3455404959/vessels/ran_lsm_lsm1.ini,"[""3455404959""]",,,,photo_gap,,pending,"Candidate family/component reference only. Verify visible variant, operator, era and configuration. This is a source record, not a claim about the load-order winner."
3455404959:vessels/ran_melbourne,ran_melbourne,Majestic-class,Ships,vessels,Vessel,,,Royal Australian Defence Forces [v0.7.5.0.2],mods-source/3455404959/vessels/ran_melbourne.ini,"[""3455404959""]",,,,photo_gap,,pending,"Candidate family/component reference only. Verify visible variant, operator, era and configuration. This is a source record, not a claim about the load-order winner."
3455404959:vessels/ran_msc_ton,ran_msc_ton,Ton-class,Ships,vessels,Vessel,,,Royal Australian Defence Forces [v0.7.5.0.2],mods-source/3455404959/vessels/ran_msc_ton.ini,"[""3455404959""]",,,,photo_gap,,pending,"Candidate family/component reference only. Verify visible variant, operator, era and configuration. This is a source record, not a claim about the load-order winner."
3455404959:vessels/ran_oa_supply,ran_oa_supply,Tide-class,Ships,vessels,Vessel,,,Royal Australian Defence Forces [v0.7.5.0.2],mods-source/3455404959/vessels/ran_oa_supply.ini,"[""3455404959""]",,,,photo_gap,,pending,"Candidate family/component reference only. Verify visible variant, operator, era and configuration. This is a source record, not a claim about the load-order winner."
3455404959:vessels/ran_pb_attack,ran_pb_attack,Attack-class,Ships,vessels,Vessel,,,Royal Australian Defence Forces [v0.7.5.0.2],mods-source/3455404959/vessels/ran_pb_attack.ini,"[""3455404959""]",,,,photo_gap,,pending,"Candidate family/component reference only. Verify visible variant, operator, era and configuration. This is a source record, not a claim about the load-order winner."
3455404959:vessels/ran_river,ran_river,River(M)-class,Ships,vessels,Vessel,,,Royal Australian Defence Forces [v0.7.5.0.2],mods-source/3455404959/vessels/ran_river.ini,"[""3455404959""]",,,,photo_gap,,pending,"Candidate family/component reference only. Verify visible variant, operator, era and configuration. This is a source record, not a claim about the load-order winner."
3455404959:vessels/ran_river_early,ran_river_early,River(M)-class,Ships,vessels,Vessel,,,Royal Australian Defence Forces [v0.7.5.0.2],mods-source/3455404959/vessels/ran_river_early.ini,"[""3455404959""]",,,,photo_gap,,pending,"Candidate family/component reference only. Verify visible variant, operator, era and configuration. This is a source record, not a claim about the load-order winner."
3455404959:vessels/ran_river_mid,ran_river_mid,River(M)-class,Ships,vessels,Vessel,,,Royal Australian Defence Forces [v0.7.5.0.2],mods-source/3455404959/vessels/ran_river_mid.ini,"[""3455404959""]",,,,photo_gap,,pending,"Candidate family/component reference only. Verify visible variant, operator, era and configuration. This is a source record, not a claim about the load-order winner."
3455404959:vessels/ran_ss_oberon1968,ran_ss_oberon1968,Oberon-class (RAN-early),Submarines,vessels,Submarine,,,Royal Australian Defence Forces [v0.7.5.0.2],mods-source/3455404959/vessels/ran_ss_oberon1968.ini,"[""3455404959""]",,,,photo_gap,,pending,"Candidate family/component reference only. Verify visible variant, operator, era and configuration. This is a source record, not a claim about the load-order winner."
3455404959:vessels/rnzn_ff_leander_batch1,rnzn_ff_leander_batch1,Leander-class RNZN (Batch-1B),Ships,vessels,Vessel,,,Royal Australian Defence Forces [v0.7.5.0.2],mods-source/3455404959/vessels/rnzn_ff_leander_batch1.ini,"[""3455404959""]",,,,photo_gap,,pending,"Candidate family/component reference only. Verify visible variant, operator, era and configuration. This is a source record, not a claim about the load-order winner."
3455404959:vessels/rnzn_ff_leander_batch2,rnzn_ff_leander_batch2,Leander-class RNZN (Batch-2TA),Ships,vessels,Vessel,,,Royal Australian Defence Forces [v0.7.5.0.2],mods-source/3455404959/vessels/rnzn_ff_leander_batch2.ini,"[""3455404959""]",,,,photo_gap,,pending,"Candidate family/component reference only. Verify visible variant, operator, era and configuration. This is a source record, not a claim about the load-order winner."
3455404959:vessels/rnzn_ff_leander_batch3,rnzn_ff_leander_batch3,Leander-class RNZN (Batch-3),Ships,vessels,Vessel,,,Royal Australian Defence Forces [v0.7.5.0.2],mods-source/3455404959/vessels/rnzn_ff_leander_batch3.ini,"[""3455404959""]",,,,photo_gap,,pending,"Candidate family/component reference only. Verify visible variant, operator, era and configuration. This is a source record, not a claim about the load-order winner."
3455404959:vessels/rnzn_ff_leander_batch3refit,rnzn_ff_leander_batch3refit,Leander-class RNZN (Batch-3),Ships,vessels,Vessel,,,Royal Australian Defence Forces [v0.7.5.0.2],mods-source/3455404959/vessels/rnzn_ff_leander_batch3refit.ini,"[""3455404959""]",,,,photo_gap,,pending,"Candidate family/component reference only. Verify visible variant, operator, era and configuration. This is a source record, not a claim about the load-order winner."
3455404959:vessels/rnzn_ff_rothesay,rnzn_ff_rothesay,Rothesay-class RNZN,Ships,vessels,Vessel,,,Royal Australian Defence Forces [v0.7.5.0.2],mods-source/3455404959/vessels/rnzn_ff_rothesay.ini,"[""3455404959""]",,,,photo_gap,,pending,"Candidate family/component reference only. Verify visible variant, operator, era and configuration. This is a source record, not a claim about the load-order winner."
3455404959:land_units/adf_bofors,adf_bofors,Bofors AAA (ADF),Land units,land_units,LandUnit,AAA,,Royal Australian Defence Forces [v0.7.5.0.2],mods-source/3455404959/land_units/adf_bofors.ini,"[""3455404959""]",,,,photo_gap,,pending,"Candidate family/component reference only. Verify visible variant, operator, era and configuration. This is a source record, not a claim about the load-order winner."
3455404959:land_units/adf_mbt_leopard1,adf_mbt_leopard1,Leopard AS1,Land units,land_units,LandUnit,MobileUnit,,Royal Australian Defence Forces [v0.7.5.0.2],mods-source/3455404959/land_units/adf_mbt_leopard1.ini,"[""3455404959""]",,,,photo_gap,,pending,"Candidate family/component reference only. Verify visible variant, operator, era and configuration. This is a source record, not a claim about the load-order winner."
3455404959:land_units/adf_mbt_leopard1_dozer,adf_mbt_leopard1_dozer,Leopard AS1 (Medium Tank Dozer),Land units,land_units,LandUnit,MobileUnit,,Royal Australian Defence Forces [v0.7.5.0.2],mods-source/3455404959/land_units/adf_mbt_leopard1_dozer.ini,"[""3455404959""]",,,,photo_gap,,pending,"Candidate family/component reference only. Verify visible variant, operator, era and configuration. This is a source record, not a claim about the load-order winner."
3455404959:land_units/iaf_small_base,iaf_small_base,IDAF Airbase -small,Bases & installations,land_units,LandUnit,Airbase,,Royal Australian Defence Forces [v0.7.5.0.2],mods-source/3455404959/land_units/iaf_small_base.ini,"[""3455404959""]",,,,photo_gap,,pending,"Candidate family/component reference only. Verify visible variant, operator, era and configuration. This is a source record, not a claim about the load-order winner."
3455404959:land_units/raaf_small_base,raaf_small_base,RAAF Airbase -small (Early),Bases & installations,land_units,LandUnit,Airbase,,Royal Australian Defence Forces [v0.7.5.0.2],mods-source/3455404959/land_units/raaf_small_base.ini,"[""3455404959""]",,,,photo_gap,,pending,"Candidate family/component reference only. Verify visible variant, operator, era and configuration. This is a source record, not a claim about the load-order winner."
3455404959:land_units/raaf_small_base_late,raaf_small_base_late,RAAF Airbase -small (Late),Bases & installations,land_units,LandUnit,Airbase,,Royal Australian Defence Forces [v0.7.5.0.2],mods-source/3455404959/land_units/raaf_small_base_late.ini,"[""3455404959""]",,,,photo_gap,,pending,"Candidate family/component reference only. Verify visible variant, operator, era and configuration. This is a source record, not a claim about the load-order winner."
3455404959:land_units/ran_pt_boats_docks,ran_pt_boats_docks,RAN base,Bases & installations,land_units,LandUnit,Port,,Royal Australian Defence Forces [v0.7.5.0.2],mods-source/3455404959/land_units/ran_pt_boats_docks.ini,"[""3455404959""]",,,,photo_gap,,pending,"Candidate family/component reference only. Verify visible variant, operator, era and configuration. This is a source record, not a claim about the load-order winner."
3455404959:land_units/ran_pt_boats_docks_small,ran_pt_boats_docks_small,RAN base small,Bases & installations,land_units,LandUnit,Port,,Royal Australian Defence Forces [v0.7.5.0.2],mods-source/3455404959/land_units/ran_pt_boats_docks_small.ini,"[""3455404959""]",,,,photo_gap,,pending,"Candidate family/component reference only. Verify visible variant, operator, era and configuration. This is a source record, not a claim about the load-order winner."
3455404959:land_units/ran_small_base,ran_small_base,RAN Airbase -small (Early),Bases & installations,land_units,LandUnit,Airbase,,Royal Australian Defence Forces [v0.7.5.0.2],mods-source/3455404959/land_units/ran_small_base.ini,"[""3455404959""]",,,,photo_gap,,pending,"Candidate family/component reference only. Verify visible variant, operator, era and configuration. This is a source record, not a claim about the load-order winner."
3455404959:land_units/ran_small_base_late,ran_small_base_late,RAN Airbase  -small (Late),Bases & installations,land_units,LandUnit,Airbase,,Royal Australian Defence Forces [v0.7.5.0.2],mods-source/3455404959/land_units/ran_small_base_late.ini,"[""3455404959""]",,,,photo_gap,,pending,"Candidate family/component reference only. Verify visible variant, operator, era and configuration. This is a source record, not a claim about the load-order winner."
3455404959:ammunition/fr_sneb,fr_sneb,fr_sneb,Weapons & ammunition,ammunition,,,,Royal Australian Defence Forces [v0.7.5.0.2],mods-source/3455404959/ammunition/fr_sneb.ini,"[""3455404959""]",,,,photo_gap,,pending,"Candidate family/component reference only. Verify visible variant, operator, era and configuration. This is a source record, not a claim about the load-order winner."
3455404959:ammunition/fr_type_155,fr_type_155,fr_type_155,Weapons & ammunition,ammunition,,,,Royal Australian Defence Forces [v0.7.5.0.2],mods-source/3455404959/ammunition/fr_type_155.ini,"[""3455404959""]",,,,photo_gap,,pending,"Candidate family/component reference only. Verify visible variant, operator, era and configuration. This is a source record, not a claim about the load-order winner."
3455404959:ammunition/ran_an_slq_25_nixie_decoy,ran_an_slq_25_nixie_decoy,ran_an_slq_25_nixie_decoy,Weapons & ammunition,ammunition,,,,Royal Australian Defence Forces [v0.7.5.0.2],mods-source/3455404959/ammunition/ran_an_slq_25_nixie_decoy.ini,"[""3455404959""]",,,,photo_gap,,pending,"Candidate family/component reference only. Verify visible variant, operator, era and configuration. This is a source record, not a claim about the load-order winner."
3455404959:ammunition/ran_rim_66m_rail,ran_rim_66m_rail,ran_rim_66m_rail,Weapons & ammunition,ammunition,,,,Royal Australian Defence Forces [v0.7.5.0.2],mods-source/3455404959/ammunition/ran_rim_66m_rail.ini,"[""3455404959""]",,,,photo_gap,,pending,"Candidate family/component reference only. Verify visible variant, operator, era and configuration. This is a source record, not a claim about the load-order winner."
3455404959:ammunition/ran_rp3_ap_rack_l,ran_rp3_ap_rack_l,ran_rp3_ap_rack_l,Weapons & ammunition,ammunition,,,,Royal Australian Defence Forces [v0.7.5.0.2],mods-source/3455404959/ammunition/ran_rp3_ap_rack_l.ini,"[""3455404959""]",,,,photo_gap,,pending,"Candidate family/component reference only. Verify visible variant, operator, era and configuration. This is a source record, not a claim about the load-order winner."
3455404959:ammunition/ran_rp3_ap_rack_r,ran_rp3_ap_rack_r,ran_rp3_ap_rack_r,Weapons & ammunition,ammunition,,,,Royal Australian Defence Forces [v0.7.5.0.2],mods-source/3455404959/ammunition/ran_rp3_ap_rack_r.ini,"[""3455404959""]",,,,photo_gap,,pending,"Candidate family/component reference only. Verify visible variant, operator, era and configuration. This is a source record, not a claim about the load-order winner."
3455404959:ammunition/ran_rp3_sap_rack_l,ran_rp3_sap_rack_l,ran_rp3_sap_rack_l,Weapons & ammunition,ammunition,,,,Royal Australian Defence Forces [v0.7.5.0.2],mods-source/3455404959/ammunition/ran_rp3_sap_rack_l.ini,"[""3455404959""]",,,,photo_gap,,pending,"Candidate family/component reference only. Verify visible variant, operator, era and configuration. This is a source record, not a claim about the load-order winner."
3455404959:ammunition/ran_rp3_sap_rack_r,ran_rp3_sap_rack_r,ran_rp3_sap_rack_r,Weapons & ammunition,ammunition,,,,Royal Australian Defence Forces [v0.7.5.0.2],mods-source/3455404959/ammunition/ran_rp3_sap_rack_r.ini,"[""3455404959""]",,,,photo_gap,,pending,"Candidate family/component reference only. Verify visible variant, operator, era and configuration. This is a source record, not a claim about the load-order winner."
3455404959:ammunition/ran_ssq-81b,ran_ssq-81b,ran_ssq-81b,Weapons & ammunition,ammunition,,,,Royal Australian Defence Forces [v0.7.5.0.2],mods-source/3455404959/ammunition/ran_ssq-81b.ini,"[""3455404959""]",,,,photo_gap,,pending,"Candidate family/component reference only. Verify visible variant, operator, era and configuration. This is a source record, not a claim about the load-order winner."
3455404959:ammunition/ran_tank_230_sea_harrier,ran_tank_230_sea_harrier,ran_tank_230_sea_harrier,Weapons & ammunition,ammunition,,,,Royal Australian Defence Forces [v0.7.5.0.2],mods-source/3455404959/ammunition/ran_tank_230_sea_harrier.ini,"[""3455404959""]",,,,photo_gap,,pending,"Candidate family/component reference only. Verify visible variant, operator, era and configuration. This is a source record, not a claim about the load-order winner."
3455404959:ammunition/rn_as11,rn_as11,rn_as11,Weapons & ammunition,ammunition,,,,Royal Australian Defence Forces [v0.7.5.0.2],mods-source/3455404959/ammunition/rn_as11.ini,"[""3455404959""]",,,,photo_gap,,pending,"Candidate family/component reference only. Verify visible variant, operator, era and configuration. This is a source record, not a claim about the load-order winner."
3455404959:ammunition/rn_cal_113mm_2,rn_cal_113mm_2,rn_cal_113mm_2,Weapons & ammunition,ammunition,,,,Royal Australian Defence Forces [v0.7.5.0.2],mods-source/3455404959/ammunition/rn_cal_113mm_2.ini,"[""3455404959""]",,,,photo_gap,,pending,"Candidate family/component reference only. Verify visible variant, operator, era and configuration. This is a source record, not a claim about the load-order winner."
3455404959:ammunition/rn_cal_20mm,rn_cal_20mm,rn_cal_20mm,Weapons & ammunition,ammunition,,,,Royal Australian Defence Forces [v0.7.5.0.2],mods-source/3455404959/ammunition/rn_cal_20mm.ini,"[""3455404959""]",,,,photo_gap,,pending,"Candidate family/component reference only. Verify visible variant, operator, era and configuration. This is a source record, not a claim about the load-order winner."
3455404959:ammunition/rn_cal_84mm,rn_cal_84mm,rn_cal_84mm,Weapons & ammunition,ammunition,,,,Royal Australian Defence Forces [v0.7.5.0.2],mods-source/3455404959/ammunition/rn_cal_84mm.ini,"[""3455404959""]",,,,photo_gap,,pending,"Candidate family/component reference only. Verify visible variant, operator, era and configuration. This is a source record, not a claim about the load-order winner."
3455404959:ammunition/rn_gp_1000,rn_gp_1000,rn_gp_1000,Weapons & ammunition,ammunition,,,,Royal Australian Defence Forces [v0.7.5.0.2],mods-source/3455404959/ammunition/rn_gp_1000.ini,"[""3455404959""]",,,,photo_gap,,pending,"Candidate family/component reference only. Verify visible variant, operator, era and configuration. This is a source record, not a claim about the load-order winner."
3455404959:ammunition/rn_gp_500,rn_gp_500,rn_gp_500,Weapons & ammunition,ammunition,,,,Royal Australian Defence Forces [v0.7.5.0.2],mods-source/3455404959/ammunition/rn_gp_500.ini,"[""3455404959""]",,,,photo_gap,,pending,"Candidate family/component reference only. Verify visible variant, operator, era and configuration. This is a source record, not a claim about the load-order winner."
3455404959:ammunition/rn_ikara,rn_ikara,rn_ikara,Weapons & ammunition,ammunition,,,,Royal Australian Defence Forces [v0.7.5.0.2],mods-source/3455404959/ammunition/rn_ikara.ini,"[""3455404959""]",,,,photo_gap,,pending,"Candidate family/component reference only. Verify visible variant, operator, era and configuration. This is a source record, not a claim about the load-order winner."
3455404959:ammunition/rn_mark8_mod4,rn_mark8_mod4,rn_mark8_mod4,Weapons & ammunition,ammunition,,,,Royal Australian Defence Forces [v0.7.5.0.2],mods-source/3455404959/ammunition/rn_mark8_mod4.ini,"[""3455404959""]",,,,photo_gap,,pending,"Candidate family/component reference only. Verify visible variant, operator, era and configuration. This is a source record, not a claim about the load-order winner."
3455404959:ammunition/rn_mk23,rn_mk23,rn_mk23,Weapons & ammunition,ammunition,,,,Royal Australian Defence Forces [v0.7.5.0.2],mods-source/3455404959/ammunition/rn_mk23.ini,"[""3455404959""]",,,,photo_gap,,pending,"Candidate family/component reference only. Verify visible variant, operator, era and configuration. This is a source record, not a claim about the load-order winner."
3455404959:ammunition/rn_mk24,rn_mk24,rn_mk24,Weapons & ammunition,ammunition,,,,Royal Australian Defence Forces [v0.7.5.0.2],mods-source/3455404959/ammunition/rn_mk24.ini,"[""3455404959""]",,,,photo_gap,,pending,"Candidate family/component reference only. Verify visible variant, operator, era and configuration. This is a source record, not a claim about the load-order winner."
3455404959:ammunition/rn_mk30_air,rn_mk30_air,rn_mk30_air,Weapons & ammunition,ammunition,,,,Royal Australian Defence Forces [v0.7.5.0.2],mods-source/3455404959/ammunition/rn_mk30_air.ini,"[""3455404959""]",,,,photo_gap,,pending,"Candidate family/component reference only. Verify visible variant, operator, era and configuration. This is a source record, not a claim about the load-order winner."
3455404959:ammunition/rn_mk_11,rn_mk_11,rn_mk_11,Weapons & ammunition,ammunition,,,,Royal Australian Defence Forces [v0.7.5.0.2],mods-source/3455404959/ammunition/rn_mk_11.ini,"[""3455404959""]",,,,photo_gap,,pending,"Candidate family/component reference only. Verify visible variant, operator, era and configuration. This is a source record, not a claim about the load-order winner."
3455404959:ammunition/rn_rp3_ap_rack,rn_rp3_ap_rack,rn_rp3_ap_rack,Weapons & ammunition,ammunition,,,,Royal Australian Defence Forces [v0.7.5.0.2],mods-source/3455404959/ammunition/rn_rp3_ap_rack.ini,"[""3455404959""]",,,,photo_gap,,pending,"Candidate family/component reference only. Verify visible variant, operator, era and configuration. This is a source record, not a claim about the load-order winner."
3455404959:ammunition/rn_rp3_ap_rack_l,rn_rp3_ap_rack_l,rn_rp3_ap_rack_l,Weapons & ammunition,ammunition,,,,Royal Australian Defence Forces [v0.7.5.0.2],mods-source/3455404959/ammunition/rn_rp3_ap_rack_l.ini,"[""3455404959""]",,,,photo_gap,,pending,"Candidate family/component reference only. Verify visible variant, operator, era and configuration. This is a source record, not a claim about the load-order winner."
3455404959:ammunition/rn_rp3_ap_rack_r,rn_rp3_ap_rack_r,rn_rp3_ap_rack_r,Weapons & ammunition,ammunition,,,,Royal Australian Defence Forces [v0.7.5.0.2],mods-source/3455404959/ammunition/rn_rp3_ap_rack_r.ini,"[""3455404959""]",,,,photo_gap,,pending,"Candidate family/component reference only. Verify visible variant, operator, era and configuration. This is a source record, not a claim about the load-order winner."
3455404959:ammunition/rn_rp3_sap_rack,rn_rp3_sap_rack,rn_rp3_sap_rack,Weapons & ammunition,ammunition,,,,Royal Australian Defence Forces [v0.7.5.0.2],mods-source/3455404959/ammunition/rn_rp3_sap_rack.ini,"[""3455404959""]",,,,photo_gap,,pending,"Candidate family/component reference only. Verify visible variant, operator, era and configuration. This is a source record, not a claim about the load-order winner."
3455404959:ammunition/rn_rp3_sap_rack_l,rn_rp3_sap_rack_l,rn_rp3_sap_rack_l,Weapons & ammunition,ammunition,,,,Royal Australian Defence Forces [v0.7.5.0.2],mods-source/3455404959/ammunition/rn_rp3_sap_rack_l.ini,"[""3455404959""]",,,,photo_gap,,pending,"Candidate family/component reference only. Verify visible variant, operator, era and configuration. This is a source record, not a claim about the load-order winner."
3455404959:ammunition/rn_rp3_sap_rack_r,rn_rp3_sap_rack_r,rn_rp3_sap_rack_r,Weapons & ammunition,ammunition,,,,Royal Australian Defence Forces [v0.7.5.0.2],mods-source/3455404959/ammunition/rn_rp3_sap_rack_r.ini,"[""3455404959""]",,,,photo_gap,,pending,"Candidate family/component reference only. Verify visible variant, operator, era and configuration. This is a source record, not a claim about the load-order winner."
3455404959:ammunition/rn_rp_3_ap,rn_rp_3_ap,rn_rp_3_ap,Weapons & ammunition,ammunition,,,,Royal Australian Defence Forces [v0.7.5.0.2],mods-source/3455404959/ammunition/rn_rp_3_ap.ini,"[""3455404959""]",,,,photo_gap,,pending,"Candidate family/component reference only. Verify visible variant, operator, era and configuration. This is a source record, not a claim about the load-order winner."
3455404959:ammunition/rn_rp_3_sap,rn_rp_3_sap,rn_rp_3_sap,Weapons & ammunition,ammunition,,,,Royal Australian Defence Forces [v0.7.5.0.2],mods-source/3455404959/ammunition/rn_rp_3_sap.ini,"[""3455404959""]",,,,photo_gap,,pending,"Candidate family/component reference only. Verify visible variant, operator, era and configuration. This is a source record, not a claim about the load-order winner."
3455404959:ammunition/rn_tank_100_as_4,rn_tank_100_as_4,rn_tank_100_as_4,Weapons & ammunition,ammunition,,,,Royal Australian Defence Forces [v0.7.5.0.2],mods-source/3455404959/ammunition/rn_tank_100_as_4.ini,"[""3455404959""]",,,,photo_gap,,pending,"Candidate family/component reference only. Verify visible variant, operator, era and configuration. This is a source record, not a claim about the load-order winner."
3455404959:ammunition/usn_adc_mk2_noisemaker_ran,usn_adc_mk2_noisemaker_ran,usn_adc_mk2_noisemaker_ran,Weapons & ammunition,ammunition,,,,Royal Australian Defence Forces [v0.7.5.0.2],mods-source/3455404959/ammunition/usn_adc_mk2_noisemaker_ran.ini,"[""3455404959""]",,,,photo_gap,,pending,"Candidate family/component reference only. Verify visible variant, operator, era and configuration. This is a source record, not a claim about the load-order winner."
3455404959:ammunition/usn_cal_03in,usn_cal_03in,usn_cal_03in,Weapons & ammunition,ammunition,,,,Royal Australian Defence Forces [v0.7.5.0.2],mods-source/3455404959/ammunition/usn_cal_03in.ini,"[""3455404959""]",,,,photo_gap,,pending,"Candidate family/component reference only. Verify visible variant, operator, era and configuration. This is a source record, not a claim about the load-order winner."
3455404959:ammunition/usn_cal_40mm_2,usn_cal_40mm_2,usn_cal_40mm_2,Weapons & ammunition,ammunition,,,,Royal Australian Defence Forces [v0.7.5.0.2],mods-source/3455404959/ammunition/usn_cal_40mm_2.ini,"[""3455404959""]",,,,photo_gap,,pending,"Candidate family/component reference only. Verify visible variant, operator, era and configuration. This is a source record, not a claim about the load-order winner."
3455404959:ammunition/usn_cal_7.62mm,usn_cal_7.62mm,usn_cal_7.62mm,Weapons & ammunition,ammunition,,,,Royal Australian Defence Forces [v0.7.5.0.2],mods-source/3455404959/ammunition/usn_cal_7.62mm.ini,"[""3455404959""]",,,,photo_gap,,pending,"Candidate family/component reference only. Verify visible variant, operator, era and configuration. This is a source record, not a claim about the load-order winner."
3455404959:ammunition/wp_as-1,wp_as-1,wp_as-1,Weapons & ammunition,ammunition,,,,Royal Australian Defence Forces [v0.7.5.0.2],mods-source/3455404959/ammunition/wp_as-1.ini,"[""3455404959""]",,,,photo_gap,,pending,"Candidate family/component reference only. Verify visible variant, operator, era and configuration. This is a source record, not a claim about the load-order winner."
3455931957:aircraft/nl_sea_lynx_D,nl_sea_lynx_D,SH-14C,Aircraft & helicopters,aircraft,Helicopter,,,Sea Lynx,mods-source/3455931957/aircraft/nl_sea_lynx_D.ini,"[""3455931957""]",,,,photo_gap,,pending,"Candidate family/component reference only. Verify visible variant, operator, era and configuration. This is a source record, not a claim about the load-order winner."
3455931957:ammunition/gre_as11,gre_as11,gre_as11,Weapons & ammunition,ammunition,,,,Sea Lynx,mods-source/3455931957/ammunition/gre_as11.ini,"[""3455931957""]",,,,photo_gap,,pending,"Candidate family/component reference only. Verify visible variant, operator, era and configuration. This is a source record, not a claim about the load-order winner."
3455931957:ammunition/gre_as12,gre_as12,gre_as12,Weapons & ammunition,ammunition,,,,Sea Lynx,mods-source/3455931957/ammunition/gre_as12.ini,"[""3455931957""]",,,,photo_gap,,pending,"Candidate family/component reference only. Verify visible variant, operator, era and configuration. This is a source record, not a claim about the load-order winner."
3459682829:ammunition/usa_apkws_2_m282,usa_apkws_2_m282,usa_apkws_2_m282,Weapons & ammunition,ammunition,,,,A-10C,mods-source/3459682829/ammunition/usa_apkws_2_m282.ini,"[""3459682829""]",,,,photo_gap,,pending,"Candidate family/component reference only. Verify visible variant, operator, era and configuration. This is a source record, not a claim about the load-order winner."
3459682829:ammunition/usaf_alq-184_2,usaf_alq-184_2,usaf_alq-184_2,Weapons & ammunition,ammunition,,,,A-10C,mods-source/3459682829/ammunition/usaf_alq-184_2.ini,"[""3459682829""]",,,,photo_gap,,pending,"Candidate family/component reference only. Verify visible variant, operator, era and configuration. This is a source record, not a claim about the load-order winner."
3459682829:ammunition/usn_agr-20b,usn_agr-20b,usn_agr-20b,Weapons & ammunition,ammunition,,,,A-10C,mods-source/3459682829/ammunition/usn_agr-20b.ini,"[""3459682829""]",,,,photo_gap,,pending,"Candidate family/component reference only. Verify visible variant, operator, era and configuration. This is a source record, not a claim about the load-order winner."
3459682829:ammunition/usn_bru-61a_10,usn_bru-61a_10,usn_bru-61a_10,Weapons & ammunition,ammunition,,,,A-10C,mods-source/3459682829/ammunition/usn_bru-61a_10.ini,"[""3459682829""]",,,,photo_gap,,pending,"Candidate family/component reference only. Verify visible variant, operator, era and configuration. This is a source record, not a claim about the load-order winner."
3459682829:ammunition/usn_cal_pgu-14b,usn_cal_pgu-14b,usn_cal_pgu-14b,Weapons & ammunition,ammunition,,,,A-10C,mods-source/3459682829/ammunition/usn_cal_pgu-14b.ini,"[""3459682829""]",,,,photo_gap,,pending,"Candidate family/component reference only. Verify visible variant, operator, era and configuration. This is a source record, not a claim about the load-order winner."
3459682829:ammunition/usn_ft600_10,usn_ft600_10,usn_ft600_10,Weapons & ammunition,ammunition,,,,A-10C,mods-source/3459682829/ammunition/usn_ft600_10.ini,"[""3459682829""]",,,,photo_gap,,pending,"Candidate family/component reference only. Verify visible variant, operator, era and configuration. This is a source record, not a claim about the load-order winner."
3459682829:ammunition/usn_gbu-39_10,usn_gbu-39_10,usn_gbu-39_10,Weapons & ammunition,ammunition,,,,A-10C,mods-source/3459682829/ammunition/usn_gbu-39_10.ini,"[""3459682829""]",,,,photo_gap,,pending,"Candidate family/component reference only. Verify visible variant, operator, era and configuration. This is a source record, not a claim about the load-order winner."
3465256032:ammunition/wp_9m17p,wp_9m17p,wp_9m17p,Weapons & ammunition,ammunition,,,,Mi-8T/TV,mods-source/3465256032/ammunition/wp_9m17p.ini,"[""3465256032""]",,,,photo_gap,,pending,"Candidate family/component reference only. Verify visible variant, operator, era and configuration. This is a source record, not a claim about the load-order winner."
3465256032:ammunition/wp_cal_12.7mm,wp_cal_12.7mm,wp_cal_12.7mm,Weapons & ammunition,ammunition,,,,Mi-8T/TV,mods-source/3465256032/ammunition/wp_cal_12.7mm.ini,"[""3465256032""]",,,,photo_gap,,pending,"Candidate family/component reference only. Verify visible variant, operator, era and configuration. This is a source record, not a claim about the load-order winner."
3465256032:ammunition/wp_ub-32,wp_ub-32,wp_ub-32,Weapons & ammunition,ammunition,,,,Mi-8T/TV,mods-source/3465256032/ammunition/wp_ub-32.ini,"[""3465256032""]",,,,photo_gap,,pending,"Candidate family/component reference only. Verify visible variant, operator, era and configuration. This is a source record, not a claim about the load-order winner."
3468260539:vessels/wp_ssbn_borei,wp_ssbn_borei,Borei-class,Submarines,vessels,Submarine,,,Russian Submarines,mods-source/3468260539/vessels/wp_ssbn_borei.ini,"[""3468260539""]",,,,photo_gap,,pending,"Candidate family/component reference only. Verify visible variant, operator, era and configuration. This is a source record, not a claim about the load-order winner."
3468260539:vessels/wp_ssgn_belgorod,wp_ssgn_belgorod,Belgorod-class,Submarines,vessels,Submarine,,,Russian Submarines,mods-source/3468260539/vessels/wp_ssgn_belgorod.ini,"[""3468260539""]",,,,photo_gap,,pending,"Candidate family/component reference only. Verify visible variant, operator, era and configuration. This is a source record, not a claim about the load-order winner."
3468260539:vessels/wp_ssgn_oscar2,wp_ssgn_oscar2,Oscar II-class,Submarines,vessels,Submarine,,,Russian Submarines,mods-source/3468260539/vessels/wp_ssgn_oscar2.ini,"[""3468260539""]",,,,photo_gap,,pending,"Candidate family/component reference only. Verify visible variant, operator, era and configuration. This is a source record, not a claim about the load-order winner."
3468260539:vessels/wp_ssgn_yasen,wp_ssgn_yasen,Yasen-class,Submarines,vessels,Submarine,,,Russian Submarines,mods-source/3468260539/vessels/wp_ssgn_yasen.ini,"[""3468260539""]",,,,photo_gap,,pending,"Candidate family/component reference only. Verify visible variant, operator, era and configuration. This is a source record, not a claim about the load-order winner."
3468260539:ammunition/wp_r-29rmu,wp_r-29rmu,wp_r-29rmu,Weapons & ammunition,ammunition,,,,Russian Submarines,mods-source/3468260539/ammunition/wp_r-29rmu.ini,"[""3468260539""]",,,,photo_gap,,pending,"Candidate family/component reference only. Verify visible variant, operator, era and configuration. This is a source record, not a claim about the load-order winner."
3468260539:ammunition/wp_r-39,wp_r-39,wp_r-39,Weapons & ammunition,ammunition,,,,Russian Submarines,mods-source/3468260539/ammunition/wp_r-39.ini,"[""3468260539""]",,,,photo_gap,,pending,"Candidate family/component reference only. Verify visible variant, operator, era and configuration. This is a source record, not a claim about the load-order winner."
3468260539:ammunition/wp_rsm-56,wp_rsm-56,wp_rsm-56,Weapons & ammunition,ammunition,,,,Russian Submarines,mods-source/3468260539/ammunition/wp_rsm-56.ini,"[""3468260539""]",,,,photo_gap,,pending,"Candidate family/component reference only. Verify visible variant, operator, era and configuration. This is a source record, not a claim about the load-order winner."
3468260539:ammunition/wp_sa-25,wp_sa-25,wp_sa-25,Weapons & ammunition,ammunition,,,,Russian Submarines,mods-source/3468260539/ammunition/wp_sa-25.ini,"[""3468260539""]",,,,photo_gap,,pending,"Candidate family/component reference only. Verify visible variant, operator, era and configuration. This is a source record, not a claim about the load-order winner."
3468260539:ammunition/wp_sa-n-11,wp_sa-n-11,wp_sa-n-11,Weapons & ammunition,ammunition,,,,Russian Submarines,mods-source/3468260539/ammunition/wp_sa-n-11.ini,"[""3468260539""]",,,,photo_gap,,pending,"Candidate family/component reference only. Verify visible variant, operator, era and configuration. This is a source record, not a claim about the load-order winner."
3468260539:ammunition/wp_sa-n-20,wp_sa-n-20,wp_sa-n-20,Weapons & ammunition,ammunition,,,,Russian Submarines,mods-source/3468260539/ammunition/wp_sa-n-20.ini,"[""3468260539""]",,,,photo_gap,,pending,"Candidate family/component reference only. Verify visible variant, operator, era and configuration. This is a source record, not a claim about the load-order winner."
3468260539:ammunition/wp_sa-n-7c,wp_sa-n-7c,wp_sa-n-7c,Weapons & ammunition,ammunition,,,,Russian Submarines,mods-source/3468260539/ammunition/wp_sa-n-7c.ini,"[""3468260539""]",,,,photo_gap,,pending,"Candidate family/component reference only. Verify visible variant, operator, era and configuration. This is a source record, not a claim about the load-order winner."
3468260539:ammunition/wp_ss-n-25,wp_ss-n-25,wp_ss-n-25,Weapons & ammunition,ammunition,,,,Russian Submarines,mods-source/3468260539/ammunition/wp_ss-n-25.ini,"[""3468260539""]",,,,photo_gap,,pending,"Candidate family/component reference only. Verify visible variant, operator, era and configuration. This is a source record, not a claim about the load-order winner."
3468260539:ammunition/wp_ss-n-27a,wp_ss-n-27a,wp_ss-n-27a,Weapons & ammunition,ammunition,,,,Russian Submarines,mods-source/3468260539/ammunition/wp_ss-n-27a.ini,"[""3468260539""]",,,,photo_gap,,pending,"Candidate family/component reference only. Verify visible variant, operator, era and configuration. This is a source record, not a claim about the load-order winner."
3468959181:aircraft/pla_spy_balloon,pla_spy_balloon,Spy Balloon,Aircraft & helicopters,aircraft,Aircraft,,,U-2 Dragon Lady,mods-source/3468959181/aircraft/pla_spy_balloon.ini,"[""3468959181""]",,,,photo_gap,,pending,"Candidate family/component reference only. Verify visible variant, operator, era and configuration. This is a source record, not a claim about the load-order winner."
3470643173:land_units/jp_12ssmht,jp_12ssmht,Type-12-SSM-ER-System-2024,Land units,land_units,LandUnit,MobileUnit,,日本陆上自卫队12式岸舰导弹系统,mods-source/3470643173/land_units/jp_12ssmht.ini,"[""3470643173""]",,,,photo_gap,,pending,"Candidate family/component reference only. Verify visible variant, operator, era and configuration. This is a source record, not a claim about the load-order winner."
3470643173:ammunition/jp_12ssm,jp_12ssm,jp_12ssm,Weapons & ammunition,ammunition,,,,日本陆上自卫队12式岸舰导弹系统,mods-source/3470643173/ammunition/jp_12ssm.ini,"[""3470643173""]",,,,photo_gap,,pending,"Candidate family/component reference only. Verify visible variant, operator, era and configuration. This is a source record, not a claim about the load-order winner."
3480965706:ammunition/b-2_agm-109b,b-2_agm-109b,b-2_agm-109b,Weapons & ammunition,ammunition,,,,B-2 Spirit,mods-source/3480965706/ammunition/b-2_agm-109b.ini,"[""3480965706""]",,,,photo_gap,,pending,"Candidate family/component reference only. Verify visible variant, operator, era and configuration. This is a source record, not a claim about the load-order winner."
3480965706:ammunition/b-2_agm-109c,b-2_agm-109c,b-2_agm-109c,Weapons & ammunition,ammunition,,,,B-2 Spirit,mods-source/3480965706/ammunition/b-2_agm-109c.ini,"[""3480965706""]",,,,photo_gap,,pending,"Candidate family/component reference only. Verify visible variant, operator, era and configuration. This is a source record, not a claim about the load-order winner."
3480965706:ammunition/b-2_jassm,b-2_jassm,b-2_jassm,Weapons & ammunition,ammunition,,,,B-2 Spirit,mods-source/3480965706/ammunition/b-2_jassm.ini,"[""3480965706""]",,,,photo_gap,,pending,"Candidate family/component reference only. Verify visible variant, operator, era and configuration. This is a source record, not a claim about the load-order winner."
3481228992:ammunition/mbd_pyl_ofab-100,mbd_pyl_ofab-100,mbd_pyl_ofab-100,Weapons & ammunition,ammunition,,,,J10C,mods-source/3481228992/ammunition/mbd_pyl_ofab-100.ini,"[""3481228992""]",,,,photo_gap,,pending,"Candidate family/component reference only. Verify visible variant, operator, era and configuration. This is a source record, not a claim about the load-order winner."
3481228992:ammunition/plaaf_130-Ⅱ_rocket,plaaf_130-Ⅱ_rocket,plaaf_130-Ⅱ_rocket,Weapons & ammunition,ammunition,,,,J10C,mods-source/3481228992/ammunition/plaaf_130-Ⅱ_rocket.ini,"[""3481228992""]",,,,photo_gap,,pending,"Candidate family/component reference only. Verify visible variant, operator, era and configuration. This is a source record, not a claim about the load-order winner."
3481228992:ammunition/plaaf_250-Ⅲ,plaaf_250-Ⅲ,plaaf_250-Ⅲ,Weapons & ammunition,ammunition,,,,J10C,mods-source/3481228992/ammunition/plaaf_250-Ⅲ.ini,"[""3481228992""]",,,,photo_gap,,pending,"Candidate family/component reference only. Verify visible variant, operator, era and configuration. This is a source record, not a claim about the load-order winner."
3481228992:ammunition/plaaf_500-Ⅲ,plaaf_500-Ⅲ,plaaf_500-Ⅲ,Weapons & ammunition,ammunition,,,,J10C,mods-source/3481228992/ammunition/plaaf_500-Ⅲ.ini,"[""3481228992""]",,,,photo_gap,,pending,"Candidate family/component reference only. Verify visible variant, operator, era and configuration. This is a source record, not a claim about the load-order winner."
3481228992:ammunition/plaaf_90-Ⅰ_rocket,plaaf_90-Ⅰ_rocket,plaaf_90-Ⅰ_rocket,Weapons & ammunition,ammunition,,,,J10C,mods-source/3481228992/ammunition/plaaf_90-Ⅰ_rocket.ini,"[""3481228992""]",,,,photo_gap,,pending,"Candidate family/component reference only. Verify visible variant, operator, era and configuration. This is a source record, not a claim about the load-order winner."
3481228992:ammunition/plaaf_J10_fueltank_new,plaaf_J10_fueltank_new,plaaf_J10_fueltank_new,Weapons & ammunition,ammunition,,,,J10C,mods-source/3481228992/ammunition/plaaf_J10_fueltank_new.ini,"[""3481228992""]",,,,photo_gap,,pending,"Candidate family/component reference only. Verify visible variant, operator, era and configuration. This is a source record, not a claim about the load-order winner."
3481228992:ammunition/plaaf_J10_fueltank_under,plaaf_J10_fueltank_under,plaaf_J10_fueltank_under,Weapons & ammunition,ammunition,,,,J10C,mods-source/3481228992/ammunition/plaaf_J10_fueltank_under.ini,"[""3481228992""]",,,,photo_gap,,pending,"Candidate family/component reference only. Verify visible variant, operator, era and configuration. This is a source record, not a claim about the load-order winner."
3481228992:ammunition/plaaf_hf-14,plaaf_hf-14,plaaf_hf-14,Weapons & ammunition,ammunition,,,,J10C,mods-source/3481228992/ammunition/plaaf_hf-14.ini,"[""3481228992""]",,,,photo_gap,,pending,"Candidate family/component reference only. Verify visible variant, operator, era and configuration. This is a source record, not a claim about the load-order winner."
3481228992:ammunition/plaaf_hf-6,plaaf_hf-6,plaaf_hf-6,Weapons & ammunition,ammunition,,,,J10C,mods-source/3481228992/ammunition/plaaf_hf-6.ini,"[""3481228992""]",,,,photo_gap,,pending,"Candidate family/component reference only. Verify visible variant, operator, era and configuration. This is a source record, not a claim about the load-order winner."
3481228992:ammunition/plaaf_kd-88,plaaf_kd-88,plaaf_kd-88,Weapons & ammunition,ammunition,,,,J10C,mods-source/3481228992/ammunition/plaaf_kd-88.ini,"[""3481228992""]",,,,photo_gap,,pending,"Candidate family/component reference only. Verify visible variant, operator, era and configuration. This is a source record, not a claim about the load-order winner."
3481228992:ammunition/plaaf_ls-500,plaaf_ls-500,plaaf_ls-500,Weapons & ammunition,ammunition,,,,J10C,mods-source/3481228992/ammunition/plaaf_ls-500.ini,"[""3481228992""]",,,,photo_gap,,pending,"Candidate family/component reference only. Verify visible variant, operator, era and configuration. This is a source record, not a claim about the load-order winner."
3481228992:ammunition/plaaf_ls-6_500,plaaf_ls-6_500,plaaf_ls-6_500,Weapons & ammunition,ammunition,,,,J10C,mods-source/3481228992/ammunition/plaaf_ls-6_500.ini,"[""3481228992""]",,,,photo_gap,,pending,"Candidate family/component reference only. Verify visible variant, operator, era and configuration. This is a source record, not a claim about the load-order winner."
3481228992:ammunition/plaaf_pl-10,plaaf_pl-10,plaaf_pl-10,Weapons & ammunition,ammunition,,,,J10C,mods-source/3481228992/ammunition/plaaf_pl-10.ini,"[""3481228992""]",,,,photo_gap,,pending,"Candidate family/component reference only. Verify visible variant, operator, era and configuration. This is a source record, not a claim about the load-order winner."
3481228992:ammunition/plaaf_pl-5c,plaaf_pl-5c,plaaf_pl-5c,Weapons & ammunition,ammunition,,,,J10C,mods-source/3481228992/ammunition/plaaf_pl-5c.ini,"[""3481228992""]",,,,photo_gap,,pending,"Candidate family/component reference only. Verify visible variant, operator, era and configuration. This is a source record, not a claim about the load-order winner."
3481228992:ammunition/plaaf_pl-8b,plaaf_pl-8b,plaaf_pl-8b,Weapons & ammunition,ammunition,,,,J10C,mods-source/3481228992/ammunition/plaaf_pl-8b.ini,"[""3481228992""]",,,,photo_gap,,pending,"Candidate family/component reference only. Verify visible variant, operator, era and configuration. This is a source record, not a claim about the load-order winner."
3481228992:ammunition/plaaf_yj-91,plaaf_yj-91,plaaf_yj-91,Weapons & ammunition,ammunition,,,,J10C,mods-source/3481228992/ammunition/plaaf_yj-91.ini,"[""3481228992""]",,,,photo_gap,,pending,"Candidate family/component reference only. Verify visible variant, operator, era and configuration. This is a source record, not a claim about the load-order winner."
3485917612:ammunition/wp_cal_100mm_d10_naval,wp_cal_100mm_d10_naval,wp_cal_100mm_d10_naval,Weapons & ammunition,ammunition,,,,Moloti's Armed Merchantmen,mods-source/3485917612/ammunition/wp_cal_100mm_d10_naval.ini,"[""3485917612""]",#!alias ammunition/wp_cal_100mm_d10.ini,,,photo_gap,,pending,"Candidate family/component reference only. Verify visible variant, operator, era and configuration. This is a source record, not a claim about the load-order winner."
3486502935:aircraft/pla_z-8,pla_z-8,pla_z-8,Aircraft & helicopters,aircraft,Helicopter,,,Type 003 CV / future Type 004 CVN aircraft carriers,mods-source/3486502935/aircraft/pla_z-8.ini,"[""3486502935""]",,,,photo_gap,,pending,"Candidate family/component reference only. Verify visible variant, operator, era and configuration. This is a source record, not a claim about the load-order winner."
3486502935:vessels/plan_cvn_004,plan_cvn_004,Type 004 Zhejiang-class,Ships,vessels,Vessel,,,Type 003 CV / future Type 004 CVN aircraft carriers,mods-source/3486502935/vessels/plan_cvn_004.ini,"[""3486502935""]",,,,photo_gap,,pending,"Candidate family/component reference only. Verify visible variant, operator, era and configuration. This is a source record, not a claim about the load-order winner."
3486502935:ammunition/mbd_pyl_ofab-100,mbd_pyl_ofab-100,mbd_pyl_ofab-100,Weapons & ammunition,ammunition,,,,Type 003 CV / future Type 004 CVN aircraft carriers,mods-source/3486502935/ammunition/mbd_pyl_ofab-100.ini,"[""3486502935""]",,,,photo_gap,,pending,"Candidate family/component reference only. Verify visible variant, operator, era and configuration. This is a source record, not a claim about the load-order winner."
3486502935:ammunition/pla_cal_30mm,pla_cal_30mm,pla_cal_30mm,Weapons & ammunition,ammunition,,,,Type 003 CV / future Type 004 CVN aircraft carriers,mods-source/3486502935/ammunition/pla_cal_30mm.ini,"[""3486502935""]",,,,photo_gap,,pending,"Candidate family/component reference only. Verify visible variant, operator, era and configuration. This is a source record, not a claim about the load-order winner."
3486502935:ammunition/pla_hq-10,pla_hq-10,pla_hq-10,Weapons & ammunition,ammunition,,,,Type 003 CV / future Type 004 CVN aircraft carriers,mods-source/3486502935/ammunition/pla_hq-10.ini,"[""3486502935""]",,,,photo_gap,,pending,"Candidate family/component reference only. Verify visible variant, operator, era and configuration. This is a source record, not a claim about the load-order winner."
3486502935:ammunition/pla_kd-88,pla_kd-88,pla_kd-88,Weapons & ammunition,ammunition,,,,Type 003 CV / future Type 004 CVN aircraft carriers,mods-source/3486502935/ammunition/pla_kd-88.ini,"[""3486502935""]",,,,photo_gap,,pending,"Candidate family/component reference only. Verify visible variant, operator, era and configuration. This is a source record, not a claim about the load-order winner."
3486502935:ammunition/pla_ls-6_500,pla_ls-6_500,pla_ls-6_500,Weapons & ammunition,ammunition,,,,Type 003 CV / future Type 004 CVN aircraft carriers,mods-source/3486502935/ammunition/pla_ls-6_500.ini,"[""3486502935""]",,,,photo_gap,,pending,"Candidate family/component reference only. Verify visible variant, operator, era and configuration. This is a source record, not a claim about the load-order winner."
3486502935:ammunition/pla_pod_kg-800,pla_pod_kg-800,pla_pod_kg-800,Weapons & ammunition,ammunition,,,,Type 003 CV / future Type 004 CVN aircraft carriers,mods-source/3486502935/ammunition/pla_pod_kg-800.ini,"[""3486502935""]",,,,photo_gap,,pending,"Candidate family/component reference only. Verify visible variant, operator, era and configuration. This is a source record, not a claim about the load-order winner."
3486502935:ammunition/pla_yu-11_air,pla_yu-11_air,pla_yu-11_air,Weapons & ammunition,ammunition,,,,Type 003 CV / future Type 004 CVN aircraft carriers,mods-source/3486502935/ammunition/pla_yu-11_air.ini,"[""3486502935""]",,,,photo_gap,,pending,"Candidate family/component reference only. Verify visible variant, operator, era and configuration. This is a source record, not a claim about the load-order winner."
3486502935:ammunition/plaaf_130-Ⅱ_rocket,plaaf_130-Ⅱ_rocket,plaaf_130-Ⅱ_rocket,Weapons & ammunition,ammunition,,,,Type 003 CV / future Type 004 CVN aircraft carriers,mods-source/3486502935/ammunition/plaaf_130-Ⅱ_rocket.ini,"[""3486502935""]",,,,photo_gap,,pending,"Candidate family/component reference only. Verify visible variant, operator, era and configuration. This is a source record, not a claim about the load-order winner."
3486502935:ammunition/plaaf_250-Ⅲ,plaaf_250-Ⅲ,plaaf_250-Ⅲ,Weapons & ammunition,ammunition,,,,Type 003 CV / future Type 004 CVN aircraft carriers,mods-source/3486502935/ammunition/plaaf_250-Ⅲ.ini,"[""3486502935""]",,,,photo_gap,,pending,"Candidate family/component reference only. Verify visible variant, operator, era and configuration. This is a source record, not a claim about the load-order winner."
3486502935:ammunition/plaaf_500-Ⅲ,plaaf_500-Ⅲ,plaaf_500-Ⅲ,Weapons & ammunition,ammunition,,,,Type 003 CV / future Type 004 CVN aircraft carriers,mods-source/3486502935/ammunition/plaaf_500-Ⅲ.ini,"[""3486502935""]",,,,photo_gap,,pending,"Candidate family/component reference only. Verify visible variant, operator, era and configuration. This is a source record, not a claim about the load-order winner."
3486502935:ammunition/plaaf_90-Ⅰ_rocket,plaaf_90-Ⅰ_rocket,plaaf_90-Ⅰ_rocket,Weapons & ammunition,ammunition,,,,Type 003 CV / future Type 004 CVN aircraft carriers,mods-source/3486502935/ammunition/plaaf_90-Ⅰ_rocket.ini,"[""3486502935""]",,,,photo_gap,,pending,"Candidate family/component reference only. Verify visible variant, operator, era and configuration. This is a source record, not a claim about the load-order winner."
3486502935:ammunition/plaaf_hf-14,plaaf_hf-14,plaaf_hf-14,Weapons & ammunition,ammunition,,,,Type 003 CV / future Type 004 CVN aircraft carriers,mods-source/3486502935/ammunition/plaaf_hf-14.ini,"[""3486502935""]",,,,photo_gap,,pending,"Candidate family/component reference only. Verify visible variant, operator, era and configuration. This is a source record, not a claim about the load-order winner."
3486502935:ammunition/plaaf_hf-6,plaaf_hf-6,plaaf_hf-6,Weapons & ammunition,ammunition,,,,Type 003 CV / future Type 004 CVN aircraft carriers,mods-source/3486502935/ammunition/plaaf_hf-6.ini,"[""3486502935""]",,,,photo_gap,,pending,"Candidate family/component reference only. Verify visible variant, operator, era and configuration. This is a source record, not a claim about the load-order winner."
3486502935:ammunition/plaaf_kd-88,plaaf_kd-88,plaaf_kd-88,Weapons & ammunition,ammunition,,,,Type 003 CV / future Type 004 CVN aircraft carriers,mods-source/3486502935/ammunition/plaaf_kd-88.ini,"[""3486502935""]",,,,photo_gap,,pending,"Candidate family/component reference only. Verify visible variant, operator, era and configuration. This is a source record, not a claim about the load-order winner."
3486502935:ammunition/plaaf_pl-10,plaaf_pl-10,plaaf_pl-10,Weapons & ammunition,ammunition,,,,Type 003 CV / future Type 004 CVN aircraft carriers,mods-source/3486502935/ammunition/plaaf_pl-10.ini,"[""3486502935""]",,,,photo_gap,,pending,"Candidate family/component reference only. Verify visible variant, operator, era and configuration. This is a source record, not a claim about the load-order winner."
3486502935:ammunition/plaaf_pl-5c,plaaf_pl-5c,plaaf_pl-5c,Weapons & ammunition,ammunition,,,,Type 003 CV / future Type 004 CVN aircraft carriers,mods-source/3486502935/ammunition/plaaf_pl-5c.ini,"[""3486502935""]",,,,photo_gap,,pending,"Candidate family/component reference only. Verify visible variant, operator, era and configuration. This is a source record, not a claim about the load-order winner."
3486502935:ammunition/plaaf_pl-8b,plaaf_pl-8b,plaaf_pl-8b,Weapons & ammunition,ammunition,,,,Type 003 CV / future Type 004 CVN aircraft carriers,mods-source/3486502935/ammunition/plaaf_pl-8b.ini,"[""3486502935""]",,,,photo_gap,,pending,"Candidate family/component reference only. Verify visible variant, operator, era and configuration. This is a source record, not a claim about the load-order winner."
3486502935:ammunition/plaaf_yj-91,plaaf_yj-91,plaaf_yj-91,Weapons & ammunition,ammunition,,,,Type 003 CV / future Type 004 CVN aircraft carriers,mods-source/3486502935/ammunition/plaaf_yj-91.ini,"[""3486502935""]",,,,photo_gap,,pending,"Candidate family/component reference only. Verify visible variant, operator, era and configuration. This is a source record, not a claim about the load-order winner."
3486502935:ammunition/plaaf_yj-91a,plaaf_yj-91a,plaaf_yj-91a,Weapons & ammunition,ammunition,,,,Type 003 CV / future Type 004 CVN aircraft carriers,mods-source/3486502935/ammunition/plaaf_yj-91a.ini,"[""3486502935""]",,,,photo_gap,,pending,"Candidate family/component reference only. Verify visible variant, operator, era and configuration. This is a source record, not a claim about the load-order winner."
3488139470:vessels/ita_ddg_ddx,ita_ddg_ddx,DDX class,Ships,vessels,Vessel,,,Modern Italian Navy - Euromod,mods-source/3488139470/vessels/ita_ddg_ddx.ini,"[""3488139470""]",,,,photo_gap,,pending,"Candidate family/component reference only. Verify visible variant, operator, era and configuration. This is a source record, not a claim about the load-order winner."
3488139470:vessels/ita_fs_ppx,ita_fs_ppx,Vivaldi Class,Ships,vessels,Vessel,,,Modern Italian Navy - Euromod,mods-source/3488139470/vessels/ita_fs_ppx.ini,"[""3488139470""]",,,,photo_gap,,pending,"Candidate family/component reference only. Verify visible variant, operator, era and configuration. This is a source record, not a claim about the load-order winner."
3488139470:vessels/ita_ssk_todaro_batch1,ita_ssk_todaro_batch1,Todaro class (Batch I),Submarines,vessels,Submarine,,,Modern Italian Navy - Euromod,mods-source/3488139470/vessels/ita_ssk_todaro_batch1.ini,"[""3488139470""]",,,,photo_gap,,pending,"Candidate family/component reference only. Verify visible variant, operator, era and configuration. This is a source record, not a claim about the load-order winner."
3488139470:ammunition/30mm_lionfish_AB,30mm_lionfish_AB,30mm_lionfish_AB,Weapons & ammunition,ammunition,,,,Modern Italian Navy - Euromod,mods-source/3488139470/ammunition/30mm_lionfish_AB.ini,"[""3488139470""]",,,,photo_gap,,pending,"Candidate family/component reference only. Verify visible variant, operator, era and configuration. This is a source record, not a claim about the load-order winner."
3488139470:ammunition/30mm_lionfish_AP,30mm_lionfish_AP,30mm_lionfish_AP,Weapons & ammunition,ammunition,,,,Modern Italian Navy - Euromod,mods-source/3488139470/ammunition/30mm_lionfish_AP.ini,"[""3488139470""]",,,,photo_gap,,pending,"Candidate family/component reference only. Verify visible variant, operator, era and configuration. This is a source record, not a claim about the load-order winner."
3491248180:aircraft/Mirage_III,Mirage_III,Mirage_III,Aircraft & helicopters,aircraft,Aircraft,,,The Royal Navy,mods-source/3491248180/aircraft/Mirage_III.ini,"[""3491248180""]",,,,photo_gap,,pending,"Candidate family/component reference only. Verify visible variant, operator, era and configuration. This is a source record, not a claim about the load-order winner."
3491248180:aircraft/h34,h34,h34,Aircraft & helicopters,aircraft,Helicopter,,,The Royal Navy,mods-source/3491248180/aircraft/h34.ini,"[""3491248180""]",,,,photo_gap,,pending,"Candidate family/component reference only. Verify visible variant, operator, era and configuration. This is a source record, not a claim about the load-order winner."
3491248180:aircraft/rn_harrier_gr3,rn_harrier_gr3,Harrier GR.3,Aircraft & helicopters,aircraft,VTOL,,,The Royal Navy,mods-source/3491248180/aircraft/rn_harrier_gr3.ini,"[""3491248180""]",,,,photo_gap,,pending,"Candidate family/component reference only. Verify visible variant, operator, era and configuration. This is a source record, not a claim about the load-order winner."
3491248180:aircraft/rn_lynx_has2,rn_lynx_has2,Sea Lynx HAS.2,Aircraft & helicopters,aircraft,Helicopter,,,The Royal Navy,mods-source/3491248180/aircraft/rn_lynx_has2.ini,"[""3491248180""]",,,,photo_gap,,pending,"Candidate family/component reference only. Verify visible variant, operator, era and configuration. This is a source record, not a claim about the load-order winner."
3491248180:aircraft/rn_lynx_has3,rn_lynx_has3,Sea Lynx HAS.3,Aircraft & helicopters,aircraft,Helicopter,,,The Royal Navy,mods-source/3491248180/aircraft/rn_lynx_has3.ini,"[""3491248180""]",,,,photo_gap,,pending,"Candidate family/component reference only. Verify visible variant, operator, era and configuration. This is a source record, not a claim about the load-order winner."
3491248180:aircraft/rn_nimrod,rn_nimrod,rn_nimrod,Aircraft & helicopters,aircraft,Aircraft,,,The Royal Navy,mods-source/3491248180/aircraft/rn_nimrod.ini,"[""3491248180""]",,,,photo_gap,,pending,"Candidate family/component reference only. Verify visible variant, operator, era and configuration. This is a source record, not a claim about the load-order winner."
3491248180:aircraft/rn_nimrod_aew3,rn_nimrod_aew3,Hawker Siddeley Nimrod AEW.3 (AH),Aircraft & helicopters,aircraft,Aircraft,,,The Royal Navy,mods-source/3491248180/aircraft/rn_nimrod_aew3.ini,"[""3491248180""]",,,,photo_gap,,pending,"Candidate family/component reference only. Verify visible variant, operator, era and configuration. This is a source record, not a claim about the load-order winner."
3491248180:aircraft/rn_nimrod_r1,rn_nimrod_r1,Hawker Siddeley Nimrod R.1,Aircraft & helicopters,aircraft,Aircraft,,,The Royal Navy,mods-source/3491248180/aircraft/rn_nimrod_r1.ini,"[""3491248180""]",,,,photo_gap,,pending,"Candidate family/component reference only. Verify visible variant, operator, era and configuration. This is a source record, not a claim about the load-order winner."
3491248180:aircraft/rn_sea_harrier,rn_sea_harrier,Sea Harrier FRS.1,Aircraft & helicopters,aircraft,VTOL,,,The Royal Navy,mods-source/3491248180/aircraft/rn_sea_harrier.ini,"[""3491248180""]",,,,photo_gap,,pending,"Candidate family/component reference only. Verify visible variant, operator, era and configuration. This is a source record, not a claim about the load-order winner."
3491248180:aircraft/rn_sea_harrier_early,rn_sea_harrier_early,Sea Harrier FRS.1 Early,Aircraft & helicopters,aircraft,VTOL,,,The Royal Navy,mods-source/3491248180/aircraft/rn_sea_harrier_early.ini,"[""3491248180""]",,,,photo_gap,,pending,"Candidate family/component reference only. Verify visible variant, operator, era and configuration. This is a source record, not a claim about the load-order winner."
3491248180:aircraft/rn_sea_king,rn_sea_king,Sea King HAS.5,Aircraft & helicopters,aircraft,Helicopter,,,The Royal Navy,mods-source/3491248180/aircraft/rn_sea_king.ini,"[""3491248180""]",,,,photo_gap,,pending,"Candidate family/component reference only. Verify visible variant, operator, era and configuration. This is a source record, not a claim about the load-order winner."
3491248180:aircraft/rn_sea_king_aew,rn_sea_king_aew,Sea King AEW.5,Aircraft & helicopters,aircraft,Helicopter,,,The Royal Navy,mods-source/3491248180/aircraft/rn_sea_king_aew.ini,"[""3491248180""]",,,,photo_gap,,pending,"Candidate family/component reference only. Verify visible variant, operator, era and configuration. This is a source record, not a claim about the load-order winner."
3491248180:aircraft/rn_sea_lynx_3,rn_sea_lynx_3,rn_sea_lynx_3,Aircraft & helicopters,aircraft,Helicopter,,,The Royal Navy,mods-source/3491248180/aircraft/rn_sea_lynx_3.ini,"[""3491248180""]",,,,photo_gap,,pending,"Candidate family/component reference only. Verify visible variant, operator, era and configuration. This is a source record, not a claim about the load-order winner."
3491248180:aircraft/rn_wasp,rn_wasp,Wasp HAS.1,Aircraft & helicopters,aircraft,Helicopter,,,The Royal Navy,mods-source/3491248180/aircraft/rn_wasp.ini,"[""3491248180""]",,,,photo_gap,,pending,"Candidate family/component reference only. Verify visible variant, operator, era and configuration. This is a source record, not a claim about the load-order winner."
3491248180:aircraft/rn_wessex,rn_wessex,Westland Wessex HU.5,Aircraft & helicopters,aircraft,Helicopter,,,The Royal Navy,mods-source/3491248180/aircraft/rn_wessex.ini,"[""3491248180""]",,,,photo_gap,,pending,"Candidate family/component reference only. Verify visible variant, operator, era and configuration. This is a source record, not a claim about the load-order winner."
3491248180:aircraft/usn_a-4c,usn_a-4c,usn_a-4c,Aircraft & helicopters,aircraft,Aircraft,,,The Royal Navy,mods-source/3491248180/aircraft/usn_a-4c.ini,"[""3491248180""]",,,,photo_gap,,pending,"Candidate family/component reference only. Verify visible variant, operator, era and configuration. This is a source record, not a claim about the load-order winner."
3491248180:aircraft/usn_a-4g,usn_a-4g,usn_a-4g,Aircraft & helicopters,aircraft,Aircraft,,,The Royal Navy,mods-source/3491248180/aircraft/usn_a-4g.ini,"[""3491248180""]",,,,photo_gap,,pending,"Candidate family/component reference only. Verify visible variant, operator, era and configuration. This is a source record, not a claim about the load-order winner."
3491248180:vessels/rn_churchill_class_ssn,rn_churchill_class_ssn,Churchill-class,Submarines,vessels,Submarine,,,The Royal Navy,mods-source/3491248180/vessels/rn_churchill_class_ssn.ini,"[""3491248180""]",,,,photo_gap,,pending,"Candidate family/component reference only. Verify visible variant, operator, era and configuration. This is a source record, not a claim about the load-order winner."
3491248180:vessels/rn_ff_leander_1963,rn_ff_leander_1963,Leander-class,Ships,vessels,Vessel,,,The Royal Navy,mods-source/3491248180/vessels/rn_ff_leander_1963.ini,"[""3491248180""]",,,,photo_gap,,pending,"Candidate family/component reference only. Verify visible variant, operator, era and configuration. This is a source record, not a claim about the load-order winner."
3491248180:vessels/rn_ff_leander_1963_noVDS,rn_ff_leander_1963_noVDS,Leander-class (No VDS),Ships,vessels,Vessel,,,The Royal Navy,mods-source/3491248180/vessels/rn_ff_leander_1963_noVDS.ini,"[""3491248180""]",,,,photo_gap,,pending,"Candidate family/component reference only. Verify visible variant, operator, era and configuration. This is a source record, not a claim about the load-order winner."
3491248180:vessels/rn_ff_leander_batch1,rn_ff_leander_batch1,Leander-class (Batch-1 Refit),Ships,vessels,Vessel,,,The Royal Navy,mods-source/3491248180/vessels/rn_ff_leander_batch1.ini,"[""3491248180""]",,,,photo_gap,,pending,"Candidate family/component reference only. Verify visible variant, operator, era and configuration. This is a source record, not a claim about the load-order winner."
3491248180:vessels/rn_ff_leander_batch2,rn_ff_leander_batch2,Leander-class (Batch-2 Refit),Ships,vessels,Vessel,,,The Royal Navy,mods-source/3491248180/vessels/rn_ff_leander_batch2.ini,"[""3491248180""]",,,,photo_gap,,pending,"Candidate family/component reference only. Verify visible variant, operator, era and configuration. This is a source record, not a claim about the load-order winner."
3491248180:vessels/rn_ff_leander_batch3,rn_ff_leander_batch3,Leander-class (Batch-3 Refit),Ships,vessels,Vessel,,,The Royal Navy,mods-source/3491248180/vessels/rn_ff_leander_batch3.ini,"[""3491248180""]",,,,photo_gap,,pending,"Candidate family/component reference only. Verify visible variant, operator, era and configuration. This is a source record, not a claim about the load-order winner."
3491248180:vessels/rn_ff_rothesay,rn_ff_rothesay,Rothesay-class,Ships,vessels,Vessel,,,The Royal Navy,mods-source/3491248180/vessels/rn_ff_rothesay.ini,"[""3491248180""]",,,,photo_gap,,pending,"Candidate family/component reference only. Verify visible variant, operator, era and configuration. This is a source record, not a claim about the load-order winner."
3491248180:vessels/rn_oberon_class,rn_oberon_class,rn_oberon_class,Submarines,vessels,Submarine,,,The Royal Navy,mods-source/3491248180/vessels/rn_oberon_class.ini,"[""3491248180""]",,,,photo_gap,,pending,"Candidate family/component reference only. Verify visible variant, operator, era and configuration. This is a source record, not a claim about the load-order winner."
3491248180:vessels/rn_valiant_class_ssn,rn_valiant_class_ssn,Valiant-class,Submarines,vessels,Submarine,,,The Royal Navy,mods-source/3491248180/vessels/rn_valiant_class_ssn.ini,"[""3491248180""]",,,,photo_gap,,pending,"Candidate family/component reference only. Verify visible variant, operator, era and configuration. This is a source record, not a claim about the load-order winner."
3491248180:vessels/type_21+ACSL_lynx,type_21+ACSL_lynx,Type 21-class,Ships,vessels,Vessel,,,The Royal Navy,mods-source/3491248180/vessels/type_21+ACSL_lynx.ini,"[""3491248180""]",,,,photo_gap,,pending,"Candidate family/component reference only. Verify visible variant, operator, era and configuration. This is a source record, not a claim about the load-order winner."
3491248180:ammunition/depth_charge,depth_charge,depth_charge,Weapons & ammunition,ammunition,,,,The Royal Navy,mods-source/3491248180/ammunition/depth_charge.ini,"[""3491248180""]",,,,photo_gap,,pending,"Candidate family/component reference only. Verify visible variant, operator, era and configuration. This is a source record, not a claim about the load-order winner."
3491248180:ammunition/fr_r-530,fr_r-530,fr_r-530,Weapons & ammunition,ammunition,,,,The Royal Navy,mods-source/3491248180/ammunition/fr_r-530.ini,"[""3491248180""]",,,,photo_gap,,pending,"Candidate family/component reference only. Verify visible variant, operator, era and configuration. This is a source record, not a claim about the load-order winner."
3491248180:ammunition/fr_sneb,fr_sneb,fr_sneb,Weapons & ammunition,ammunition,,,,The Royal Navy,mods-source/3491248180/ammunition/fr_sneb.ini,"[""3491248180""]",,,,photo_gap,,pending,"Candidate family/component reference only. Verify visible variant, operator, era and configuration. This is a source record, not a claim about the load-order winner."
3491248180:ammunition/fr_type_155,fr_type_155,fr_type_155,Weapons & ammunition,ammunition,,,,The Royal Navy,mods-source/3491248180/ammunition/fr_type_155.ini,"[""3491248180""]",,,,photo_gap,,pending,"Candidate family/component reference only. Verify visible variant, operator, era and configuration. This is a source record, not a claim about the load-order winner."
3491248180:ammunition/gre_mk37,gre_mk37,gre_mk37,Weapons & ammunition,ammunition,,,,The Royal Navy,mods-source/3491248180/ammunition/gre_mk37.ini,"[""3491248180""]",,,,photo_gap,,pending,"Candidate family/component reference only. Verify visible variant, operator, era and configuration. This is a source record, not a claim about the load-order winner."
3491248180:ammunition/knm_terne_shell,knm_terne_shell,knm_terne_shell,Weapons & ammunition,ammunition,,,,The Royal Navy,mods-source/3491248180/ammunition/knm_terne_shell.ini,"[""3491248180""]",,,,photo_gap,,pending,"Candidate family/component reference only. Verify visible variant, operator, era and configuration. This is a source record, not a claim about the load-order winner."
3491248180:ammunition/nl_tank_685,nl_tank_685,nl_tank_685,Weapons & ammunition,ammunition,,,,The Royal Navy,mods-source/3491248180/ammunition/nl_tank_685.ini,"[""3491248180""]",,,,photo_gap,,pending,"Candidate family/component reference only. Verify visible variant, operator, era and configuration. This is a source record, not a claim about the load-order winner."
3491248180:ammunition/rn_2inch,rn_2inch,rn_2inch,Weapons & ammunition,ammunition,,,,The Royal Navy,mods-source/3491248180/ammunition/rn_2inch.ini,"[""3491248180""]",,,,photo_gap,,pending,"Candidate family/component reference only. Verify visible variant, operator, era and configuration. This is a source record, not a claim about the load-order winner."
3491248180:ammunition/rn_as-37,rn_as-37,rn_as-37,Weapons & ammunition,ammunition,,,,The Royal Navy,mods-source/3491248180/ammunition/rn_as-37.ini,"[""3491248180""]",,,,photo_gap,,pending,"Candidate family/component reference only. Verify visible variant, operator, era and configuration. This is a source record, not a claim about the load-order winner."
3491248180:ammunition/rn_as11,rn_as11,rn_as11,Weapons & ammunition,ammunition,,,,The Royal Navy,mods-source/3491248180/ammunition/rn_as11.ini,"[""3491248180""]",,,,photo_gap,,pending,"Candidate family/component reference only. Verify visible variant, operator, era and configuration. This is a source record, not a claim about the load-order winner."
3491248180:ammunition/rn_bl755,rn_bl755,rn_bl755,Weapons & ammunition,ammunition,,,,The Royal Navy,mods-source/3491248180/ammunition/rn_bl755.ini,"[""3491248180""]",,,,photo_gap,,pending,"Candidate family/component reference only. Verify visible variant, operator, era and configuration. This is a source record, not a claim about the load-order winner."
3491248180:ammunition/rn_cal_113mm,rn_cal_113mm,rn_cal_113mm,Weapons & ammunition,ammunition,,,,The Royal Navy,mods-source/3491248180/ammunition/rn_cal_113mm.ini,"[""3491248180""]",,,,photo_gap,,pending,"Candidate family/component reference only. Verify visible variant, operator, era and configuration. This is a source record, not a claim about the load-order winner."
3491248180:ammunition/rn_cal_120mm,rn_cal_120mm,rn_cal_120mm,Weapons & ammunition,ammunition,,,,The Royal Navy,mods-source/3491248180/ammunition/rn_cal_120mm.ini,"[""3491248180""]",,,,photo_gap,,pending,"Candidate family/component reference only. Verify visible variant, operator, era and configuration. This is a source record, not a claim about the load-order winner."
3491248180:ammunition/rn_cal_84mm,rn_cal_84mm,rn_cal_84mm,Weapons & ammunition,ammunition,,,,The Royal Navy,mods-source/3491248180/ammunition/rn_cal_84mm.ini,"[""3491248180""]",,,,photo_gap,,pending,"Candidate family/component reference only. Verify visible variant, operator, era and configuration. This is a source record, not a claim about the load-order winner."
3491248180:ammunition/rn_firestreak,rn_firestreak,rn_firestreak,Weapons & ammunition,ammunition,,,,The Royal Navy,mods-source/3491248180/ammunition/rn_firestreak.ini,"[""3491248180""]",,,,photo_gap,,pending,"Candidate family/component reference only. Verify visible variant, operator, era and configuration. This is a source record, not a claim about the load-order winner."
3491248180:ammunition/rn_gp_1000,rn_gp_1000,rn_gp_1000,Weapons & ammunition,ammunition,,,,The Royal Navy,mods-source/3491248180/ammunition/rn_gp_1000.ini,"[""3491248180""]",,,,photo_gap,,pending,"Candidate family/component reference only. Verify visible variant, operator, era and configuration. This is a source record, not a claim about the load-order winner."
3491248180:ammunition/rn_gp_500,rn_gp_500,rn_gp_500,Weapons & ammunition,ammunition,,,,The Royal Navy,mods-source/3491248180/ammunition/rn_gp_500.ini,"[""3491248180""]",,,,photo_gap,,pending,"Candidate family/component reference only. Verify visible variant, operator, era and configuration. This is a source record, not a claim about the load-order winner."
3491248180:ammunition/rn_ikara,rn_ikara,rn_ikara,Weapons & ammunition,ammunition,,,,The Royal Navy,mods-source/3491248180/ammunition/rn_ikara.ini,"[""3491248180""]",,,,photo_gap,,pending,"Candidate family/component reference only. Verify visible variant, operator, era and configuration. This is a source record, not a claim about the load-order winner."
3491248180:ammunition/rn_jezebel_rack,rn_jezebel_rack,rn_jezebel_rack,Weapons & ammunition,ammunition,,,,The Royal Navy,mods-source/3491248180/ammunition/rn_jezebel_rack.ini,"[""3491248180""]",,,,photo_gap,,pending,"Candidate family/component reference only. Verify visible variant, operator, era and configuration. This is a source record, not a claim about the load-order winner."
3491248180:ammunition/rn_jezebel_rack_2,rn_jezebel_rack_2,rn_jezebel_rack_2,Weapons & ammunition,ammunition,,,,The Royal Navy,mods-source/3491248180/ammunition/rn_jezebel_rack_2.ini,"[""3491248180""]",,,,photo_gap,,pending,"Candidate family/component reference only. Verify visible variant, operator, era and configuration. This is a source record, not a claim about the load-order winner."
3491248180:ammunition/rn_mark8_mod4,rn_mark8_mod4,rn_mark8_mod4,Weapons & ammunition,ammunition,,,,The Royal Navy,mods-source/3491248180/ammunition/rn_mark8_mod4.ini,"[""3491248180""]",,,,photo_gap,,pending,"Candidate family/component reference only. Verify visible variant, operator, era and configuration. This is a source record, not a claim about the load-order winner."
3491248180:ammunition/rn_mk23,rn_mk23,rn_mk23,Weapons & ammunition,ammunition,,,,The Royal Navy,mods-source/3491248180/ammunition/rn_mk23.ini,"[""3491248180""]",,,,photo_gap,,pending,"Candidate family/component reference only. Verify visible variant, operator, era and configuration. This is a source record, not a claim about the load-order winner."
3491248180:ammunition/rn_mk24,rn_mk24,rn_mk24,Weapons & ammunition,ammunition,,,,The Royal Navy,mods-source/3491248180/ammunition/rn_mk24.ini,"[""3491248180""]",,,,photo_gap,,pending,"Candidate family/component reference only. Verify visible variant, operator, era and configuration. This is a source record, not a claim about the load-order winner."
3491248180:ammunition/rn_mk30_air,rn_mk30_air,rn_mk30_air,Weapons & ammunition,ammunition,,,,The Royal Navy,mods-source/3491248180/ammunition/rn_mk30_air.ini,"[""3491248180""]",,,,photo_gap,,pending,"Candidate family/component reference only. Verify visible variant, operator, era and configuration. This is a source record, not a claim about the load-order winner."
3491248180:ammunition/rn_mk_11,rn_mk_11,rn_mk_11,Weapons & ammunition,ammunition,,,,The Royal Navy,mods-source/3491248180/ammunition/rn_mk_11.ini,"[""3491248180""]",,,,photo_gap,,pending,"Candidate family/component reference only. Verify visible variant, operator, era and configuration. This is a source record, not a claim about the load-order winner."
3491248180:ammunition/rn_red_top,rn_red_top,rn_red_top,Weapons & ammunition,ammunition,,,,The Royal Navy,mods-source/3491248180/ammunition/rn_red_top.ini,"[""3491248180""]",,,,photo_gap,,pending,"Candidate family/component reference only. Verify visible variant, operator, era and configuration. This is a source record, not a claim about the load-order winner."
3491248180:ammunition/rn_rp3_ap_rack,rn_rp3_ap_rack,rn_rp3_ap_rack,Weapons & ammunition,ammunition,,,,The Royal Navy,mods-source/3491248180/ammunition/rn_rp3_ap_rack.ini,"[""3491248180""]",,,,photo_gap,,pending,"Candidate family/component reference only. Verify visible variant, operator, era and configuration. This is a source record, not a claim about the load-order winner."
3491248180:ammunition/rn_rp3_ap_rack_l,rn_rp3_ap_rack_l,rn_rp3_ap_rack_l,Weapons & ammunition,ammunition,,,,The Royal Navy,mods-source/3491248180/ammunition/rn_rp3_ap_rack_l.ini,"[""3491248180""]",,,,photo_gap,,pending,"Candidate family/component reference only. Verify visible variant, operator, era and configuration. This is a source record, not a claim about the load-order winner."
3491248180:ammunition/rn_rp3_ap_rack_r,rn_rp3_ap_rack_r,rn_rp3_ap_rack_r,Weapons & ammunition,ammunition,,,,The Royal Navy,mods-source/3491248180/ammunition/rn_rp3_ap_rack_r.ini,"[""3491248180""]",,,,photo_gap,,pending,"Candidate family/component reference only. Verify visible variant, operator, era and configuration. This is a source record, not a claim about the load-order winner."
3491248180:ammunition/rn_rp3_sap_rack,rn_rp3_sap_rack,rn_rp3_sap_rack,Weapons & ammunition,ammunition,,,,The Royal Navy,mods-source/3491248180/ammunition/rn_rp3_sap_rack.ini,"[""3491248180""]",,,,photo_gap,,pending,"Candidate family/component reference only. Verify visible variant, operator, era and configuration. This is a source record, not a claim about the load-order winner."
3491248180:ammunition/rn_rp3_sap_rack_l,rn_rp3_sap_rack_l,rn_rp3_sap_rack_l,Weapons & ammunition,ammunition,,,,The Royal Navy,mods-source/3491248180/ammunition/rn_rp3_sap_rack_l.ini,"[""3491248180""]",,,,photo_gap,,pending,"Candidate family/component reference only. Verify visible variant, operator, era and configuration. This is a source record, not a claim about the load-order winner."
3491248180:ammunition/rn_rp3_sap_rack_r,rn_rp3_sap_rack_r,rn_rp3_sap_rack_r,Weapons & ammunition,ammunition,,,,The Royal Navy,mods-source/3491248180/ammunition/rn_rp3_sap_rack_r.ini,"[""3491248180""]",,,,photo_gap,,pending,"Candidate family/component reference only. Verify visible variant, operator, era and configuration. This is a source record, not a claim about the load-order winner."
3491248180:ammunition/rn_rp_3_ap,rn_rp_3_ap,rn_rp_3_ap,Weapons & ammunition,ammunition,,,,The Royal Navy,mods-source/3491248180/ammunition/rn_rp_3_ap.ini,"[""3491248180""]",,,,photo_gap,,pending,"Candidate family/component reference only. Verify visible variant, operator, era and configuration. This is a source record, not a claim about the load-order winner."
3491248180:ammunition/rn_rp_3_sap,rn_rp_3_sap,rn_rp_3_sap,Weapons & ammunition,ammunition,,,,The Royal Navy,mods-source/3491248180/ammunition/rn_rp_3_sap.ini,"[""3491248180""]",,,,photo_gap,,pending,"Candidate family/component reference only. Verify visible variant, operator, era and configuration. This is a source record, not a claim about the load-order winner."
3491248180:ammunition/rn_seaslug,rn_seaslug,rn_seaslug,Weapons & ammunition,ammunition,,,,The Royal Navy,mods-source/3491248180/ammunition/rn_seaslug.ini,"[""3491248180""]",,,,photo_gap,,pending,"Candidate family/component reference only. Verify visible variant, operator, era and configuration. This is a source record, not a claim about the load-order winner."
3491248180:ammunition/rn_seaslug_2,rn_seaslug_2,rn_seaslug_2,Weapons & ammunition,ammunition,,,,The Royal Navy,mods-source/3491248180/ammunition/rn_seaslug_2.ini,"[""3491248180""]",,,,photo_gap,,pending,"Candidate family/component reference only. Verify visible variant, operator, era and configuration. This is a source record, not a claim about the load-order winner."
3491248180:ammunition/rn_seawolf_westminster,rn_seawolf_westminster,rn_seawolf_westminster,Weapons & ammunition,ammunition,,,,The Royal Navy,mods-source/3491248180/ammunition/rn_seawolf_westminster.ini,"[""3491248180""]",,,,photo_gap,,pending,"Candidate family/component reference only. Verify visible variant, operator, era and configuration. This is a source record, not a claim about the load-order winner."
3491248180:ammunition/rn_skyflash,rn_skyflash,rn_skyflash,Weapons & ammunition,ammunition,,,,The Royal Navy,mods-source/3491248180/ammunition/rn_skyflash.ini,"[""3491248180""]",,,,photo_gap,,pending,"Candidate family/component reference only. Verify visible variant, operator, era and configuration. This is a source record, not a claim about the load-order winner."
3491248180:ammunition/rn_squid_shell,rn_squid_shell,rn_squid_shell,Weapons & ammunition,ammunition,,,,The Royal Navy,mods-source/3491248180/ammunition/rn_squid_shell.ini,"[""3491248180""]",,,,photo_gap,,pending,"Candidate family/component reference only. Verify visible variant, operator, era and configuration. This is a source record, not a claim about the load-order winner."
3491248180:ammunition/rn_tank_100_as_4,rn_tank_100_as_4,rn_tank_100_as_4,Weapons & ammunition,ammunition,,,,The Royal Navy,mods-source/3491248180/ammunition/rn_tank_100_as_4.ini,"[""3491248180""]",,,,photo_gap,,pending,"Candidate family/component reference only. Verify visible variant, operator, era and configuration. This is a source record, not a claim about the load-order winner."
3491248180:ammunition/rn_tank_230_sea_harrier,rn_tank_230_sea_harrier,rn_tank_230_sea_harrier,Weapons & ammunition,ammunition,,,,The Royal Navy,mods-source/3491248180/ammunition/rn_tank_230_sea_harrier.ini,"[""3491248180""]",,,,photo_gap,,pending,"Candidate family/component reference only. Verify visible variant, operator, era and configuration. This is a source record, not a claim about the load-order winner."
3491248180:ammunition/rn_tank_300_s1,rn_tank_300_s1,rn_tank_300_s1,Weapons & ammunition,ammunition,,,,The Royal Navy,mods-source/3491248180/ammunition/rn_tank_300_s1.ini,"[""3491248180""]",,,,photo_gap,,pending,"Candidate family/component reference only. Verify visible variant, operator, era and configuration. This is a source record, not a claim about the load-order winner."
3491248180:ammunition/rn_tank_425_s2,rn_tank_425_s2,rn_tank_425_s2,Weapons & ammunition,ammunition,,,,The Royal Navy,mods-source/3491248180/ammunition/rn_tank_425_s2.ini,"[""3491248180""]",,,,photo_gap,,pending,"Candidate family/component reference only. Verify visible variant, operator, era and configuration. This is a source record, not a claim about the load-order winner."
3491248180:ammunition/rn_type_155,rn_type_155,rn_type_155,Weapons & ammunition,ammunition,,,,The Royal Navy,mods-source/3491248180/ammunition/rn_type_155.ini,"[""3491248180""]",,,,photo_gap,,pending,"Candidate family/component reference only. Verify visible variant, operator, era and configuration. This is a source record, not a claim about the load-order winner."
3491248180:ammunition/usn_agm-12b,usn_agm-12b,usn_agm-12b,Weapons & ammunition,ammunition,,,,The Royal Navy,mods-source/3491248180/ammunition/usn_agm-12b.ini,"[""3491248180""]",,,,photo_gap,,pending,"Candidate family/component reference only. Verify visible variant, operator, era and configuration. This is a source record, not a claim about the load-order winner."
3491248180:ammunition/usn_cal_03in,usn_cal_03in,usn_cal_03in,Weapons & ammunition,ammunition,,,,The Royal Navy,mods-source/3491248180/ammunition/usn_cal_03in.ini,"[""3491248180""]",,,,photo_gap,,pending,"Candidate family/component reference only. Verify visible variant, operator, era and configuration. This is a source record, not a claim about the load-order winner."
3491248180:ammunition/usn_cal_30mm,usn_cal_30mm,usn_cal_30mm,Weapons & ammunition,ammunition,,,,The Royal Navy,mods-source/3491248180/ammunition/usn_cal_30mm.ini,"[""3491248180""]",,,,photo_gap,,pending,"Candidate family/component reference only. Verify visible variant, operator, era and configuration. This is a source record, not a claim about the load-order winner."
3491248180:ammunition/usn_cal_40mm,usn_cal_40mm,usn_cal_40mm,Weapons & ammunition,ammunition,,,,The Royal Navy,mods-source/3491248180/ammunition/usn_cal_40mm.ini,"[""3491248180""]",,,,photo_gap,,pending,"Candidate family/component reference only. Verify visible variant, operator, era and configuration. This is a source record, not a claim about the load-order winner."
3491248180:ammunition/usn_cal_7.62mm,usn_cal_7.62mm,usn_cal_7.62mm,Weapons & ammunition,ammunition,,,,The Royal Navy,mods-source/3491248180/ammunition/usn_cal_7.62mm.ini,"[""3491248180""]",,,,photo_gap,,pending,"Candidate family/component reference only. Verify visible variant, operator, era and configuration. This is a source record, not a claim about the load-order winner."
3493115616:land_units/wp_emad_tel,wp_emad_tel,EMAD,Land units,land_units,LandUnit,MobileUnit,,EMAD,mods-source/3493115616/land_units/wp_emad_tel.ini,"[""3493115616""]",,,,photo_gap,,pending,"Candidate family/component reference only. Verify visible variant, operator, era and configuration. This is a source record, not a claim about the load-order winner."
3493115616:ammunition/ods_emad,ods_emad,ods_emad,Weapons & ammunition,ammunition,,,,EMAD,mods-source/3493115616/ammunition/ods_emad.ini,"[""3493115616""]",,,,photo_gap,,pending,"Candidate family/component reference only. Verify visible variant, operator, era and configuration. This is a source record, not a claim about the load-order winner."
3496055699:land_units/wp_S-500_40n6_tel,wp_S-500_40n6_tel,S-500_40n6 ,Land units,land_units,LandUnit,SAM,,S-500,mods-source/3496055699/land_units/wp_S-500_40n6_tel.ini,"[""3496055699""]",,,,photo_gap,,pending,"Candidate family/component reference only. Verify visible variant, operator, era and configuration. This is a source record, not a claim about the load-order winner."
3496055699:land_units/wp_S-500_77n6_tel,wp_S-500_77n6_tel,S-500_77n6 ,Land units,land_units,LandUnit,SAM,,S-500,mods-source/3496055699/land_units/wp_S-500_77n6_tel.ini,"[""3496055699""]",,,,photo_gap,,pending,"Candidate family/component reference only. Verify visible variant, operator, era and configuration. This is a source record, not a claim about the load-order winner."
3496055699:ammunition/wp_77n6,wp_77n6,wp_77n6,Weapons & ammunition,ammunition,,,,S-500,mods-source/3496055699/ammunition/wp_77n6.ini,"[""3496055699""]",,,,photo_gap,,pending,"Candidate family/component reference only. Verify visible variant, operator, era and configuration. This is a source record, not a claim about the load-order winner."
3497601759:land_units/shahed_tel_black,shahed_tel_black,Shahed-136-black,Land units,land_units,LandUnit,MobileUnit,,Shahed 136,mods-source/3497601759/land_units/shahed_tel_black.ini,"[""3497601759""]",,,,photo_gap,,pending,"Candidate family/component reference only. Verify visible variant, operator, era and configuration. This is a source record, not a claim about the load-order winner."
3497601759:land_units/shahed_tel_white,shahed_tel_white,Shahed-136-white,Land units,land_units,LandUnit,MobileUnit,,Shahed 136,mods-source/3497601759/land_units/shahed_tel_white.ini,"[""3497601759""]",,,,photo_gap,,pending,"Candidate family/component reference only. Verify visible variant, operator, era and configuration. This is a source record, not a claim about the load-order winner."
3497601759:ammunition/Shahed_136_black,Shahed_136_black,Shahed_136_black,Weapons & ammunition,ammunition,,,,Shahed 136,mods-source/3497601759/ammunition/Shahed_136_black.ini,"[""3497601759""]",,,,photo_gap,,pending,"Candidate family/component reference only. Verify visible variant, operator, era and configuration. This is a source record, not a claim about the load-order winner."
3497601759:ammunition/Shahed_136_white,Shahed_136_white,Shahed_136_white,Weapons & ammunition,ammunition,,,,Shahed 136,mods-source/3497601759/ammunition/Shahed_136_white.ini,"[""3497601759""]",,,,photo_gap,,pending,"Candidate family/component reference only. Verify visible variant, operator, era and configuration. This is a source record, not a claim about the load-order winner."
3499239964:aircraft/E7A_Wedgetail,E7A_Wedgetail,E-7A Wedgetail,Aircraft & helicopters,aircraft,Aircraft,,,E-7A Wedgetail,mods-source/3499239964/aircraft/E7A_Wedgetail.ini,"[""3499239964""]",,,,photo_gap,,pending,"Candidate family/component reference only. Verify visible variant, operator, era and configuration. This is a source record, not a claim about the load-order winner."
3502273861:land_units/nato_large_pvo_airbase1,nato_large_pvo_airbase1,Barksdale Air Force Base,Bases & installations,land_units,LandUnit,Airbase,,arrw,mods-source/3502273861/land_units/nato_large_pvo_airbase1.ini,"[""3502273861""]",,,,photo_gap,,pending,"Candidate family/component reference only. Verify visible variant, operator, era and configuration. This is a source record, not a claim about the load-order winner."
3502273861:ammunition/plan_yj-18,plan_yj-18,plan_yj-18,Weapons & ammunition,ammunition,,,,arrw,mods-source/3502273861/ammunition/plan_yj-18.ini,"[""3502273861""]",,,,photo_gap,,pending,"Candidate family/component reference only. Verify visible variant, operator, era and configuration. This is a source record, not a claim about the load-order winner."
3502273861:ammunition/usn_arrw,usn_arrw,usn_arrw,Weapons & ammunition,ammunition,,,,arrw,mods-source/3502273861/ammunition/usn_arrw.ini,"[""3502273861""]",,,,photo_gap,,pending,"Candidate family/component reference only. Verify visible variant, operator, era and configuration. This is a source record, not a claim about the load-order winner."
3503594612:land_units/wp_airbase_57,wp_airbase_57,wp_airbase_57,Bases & installations,land_units,LandUnit,Airbase,,SU-57,mods-source/3503594612/land_units/wp_airbase_57.ini,"[""3503594612""]",,,,photo_gap,,pending,"Candidate family/component reference only. Verify visible variant, operator, era and configuration. This is a source record, not a claim about the load-order winner."
3503594612:ammunition/su_aa-13_LQS,su_aa-13_LQS,su_aa-13_LQS,Weapons & ammunition,ammunition,,,,SU-57,mods-source/3503594612/ammunition/su_aa-13_LQS.ini,"[""3503594612""]",,,,photo_gap,,pending,"Candidate family/component reference only. Verify visible variant, operator, era and configuration. This is a source record, not a claim about the load-order winner."
3503594612:ammunition/su_as-14_LQS,su_as-14_LQS,su_as-14_LQS,Weapons & ammunition,ammunition,,,,SU-57,mods-source/3503594612/ammunition/su_as-14_LQS.ini,"[""3503594612""]",,,,photo_gap,,pending,"Candidate family/component reference only. Verify visible variant, operator, era and configuration. This is a source record, not a claim about the load-order winner."
3503594612:ammunition/su_as-18a_LQS,su_as-18a_LQS,su_as-18a_LQS,Weapons & ammunition,ammunition,,,,SU-57,mods-source/3503594612/ammunition/su_as-18a_LQS.ini,"[""3503594612""]",,,,photo_gap,,pending,"Candidate family/component reference only. Verify visible variant, operator, era and configuration. This is a source record, not a claim about the load-order winner."
3503594612:ammunition/su_as-20_LQS,su_as-20_LQS,su_as-20_LQS,Weapons & ammunition,ammunition,,,,SU-57,mods-source/3503594612/ammunition/su_as-20_LQS.ini,"[""3503594612""]",,,,photo_gap,,pending,"Candidate family/component reference only. Verify visible variant, operator, era and configuration. This is a source record, not a claim about the load-order winner."
3503594612:ammunition/su_kh-35_LQS,su_kh-35_LQS,su_kh-35_LQS,Weapons & ammunition,ammunition,,,,SU-57,mods-source/3503594612/ammunition/su_kh-35_LQS.ini,"[""3503594612""]",,,,photo_gap,,pending,"Candidate family/component reference only. Verify visible variant, operator, era and configuration. This is a source record, not a claim about the load-order winner."
3503594612:ammunition/wp_as-11a_LQS,wp_as-11a_LQS,wp_as-11a_LQS,Weapons & ammunition,ammunition,,,,SU-57,mods-source/3503594612/ammunition/wp_as-11a_LQS.ini,"[""3503594612""]",,,,photo_gap,,pending,"Candidate family/component reference only. Verify visible variant, operator, era and configuration. This is a source record, not a claim about the load-order winner."
3503594612:ammunition/wp_kab-500kr_LQS,wp_kab-500kr_LQS,wp_kab-500kr_LQS,Weapons & ammunition,ammunition,,,,SU-57,mods-source/3503594612/ammunition/wp_kab-500kr_LQS.ini,"[""3503594612""]",,,,photo_gap,,pending,"Candidate family/component reference only. Verify visible variant, operator, era and configuration. This is a source record, not a claim about the load-order winner."
3503670861:ammunition/uav_mq-9_pod,uav_mq-9_pod,uav_mq-9_pod,Weapons & ammunition,ammunition,,,,General Atomics MQ-9 Reaper,mods-source/3503670861/ammunition/uav_mq-9_pod.ini,"[""3503670861""]",,,,photo_gap,,pending,"Candidate family/component reference only. Verify visible variant, operator, era and configuration. This is a source record, not a claim about the load-order winner."
3503670861:ammunition/uav_tank_mq-9,uav_tank_mq-9,uav_tank_mq-9,Weapons & ammunition,ammunition,,,,General Atomics MQ-9 Reaper,mods-source/3503670861/ammunition/uav_tank_mq-9.ini,"[""3503670861""]",,,,photo_gap,,pending,"Candidate family/component reference only. Verify visible variant, operator, era and configuration. This is a source record, not a claim about the load-order winner."
3505420313:aircraft/mm_ab47j,mm_ab47j,AB.47J-3,Aircraft & helicopters,aircraft,Helicopter,,,Italian Navy mod,mods-source/3505420313/aircraft/mm_ab47j.ini,"[""3505420313""]",,,,photo_gap,,pending,"Candidate family/component reference only. Verify visible variant, operator, era and configuration. This is a source record, not a claim about the load-order winner."
3505420313:aircraft/mm_av-8b_plus,mm_av-8b_plus,AV-8B+ Harrier II,Aircraft & helicopters,aircraft,VTOL,,,Italian Navy mod,mods-source/3505420313/aircraft/mm_av-8b_plus.ini,"[""3505420313""]",,,,photo_gap,,pending,"Candidate family/component reference only. Verify visible variant, operator, era and configuration. This is a source record, not a claim about the load-order winner."
3505420313:vessels/mm_cg_garibaldi,mm_cg_garibaldi,Duca degil Abruzzi-class,Ships,vessels,Vessel,,,Italian Navy mod,mods-source/3505420313/vessels/mm_cg_garibaldi.ini,"[""3505420313""]",,,,photo_gap,,pending,"Candidate family/component reference only. Verify visible variant, operator, era and configuration. This is a source record, not a claim about the load-order winner."
3505420313:vessels/mm_cgh_andrea_doria,mm_cgh_andrea_doria,Andrea Doria-class,Ships,vessels,Vessel,,,Italian Navy mod,mods-source/3505420313/vessels/mm_cgh_andrea_doria.ini,"[""3505420313""]",,,,photo_gap,,pending,"Candidate family/component reference only. Verify visible variant, operator, era and configuration. This is a source record, not a claim about the load-order winner."
3505420313:vessels/mm_cgh_vittorio_veneto,mm_cgh_vittorio_veneto,Vittorio Veneto-class,Ships,vessels,Vessel,,,Italian Navy mod,mods-source/3505420313/vessels/mm_cgh_vittorio_veneto.ini,"[""3505420313""]",,,,photo_gap,,pending,"Candidate family/component reference only. Verify visible variant, operator, era and configuration. This is a source record, not a claim about the load-order winner."
3505420313:vessels/mm_cgh_vittorio_veneto_69,mm_cgh_vittorio_veneto_69,Vittorio Veneto-class,Ships,vessels,Vessel,,,Italian Navy mod,mods-source/3505420313/vessels/mm_cgh_vittorio_veneto_69.ini,"[""3505420313""]",,,,photo_gap,,pending,"Candidate family/component reference only. Verify visible variant, operator, era and configuration. This is a source record, not a claim about the load-order winner."
3505420313:vessels/mm_cgh_vittorio_veneto_91,mm_cgh_vittorio_veneto_91,Vittorio Veneto-class,Ships,vessels,Vessel,,,Italian Navy mod,mods-source/3505420313/vessels/mm_cgh_vittorio_veneto_91.ini,"[""3505420313""]",,,,photo_gap,,pending,"Candidate family/component reference only. Verify visible variant, operator, era and configuration. This is a source record, not a claim about the load-order winner."
3505420313:vessels/mm_ddg_audace,mm_ddg_audace,Audace-class,Ships,vessels,Vessel,,,Italian Navy mod,mods-source/3505420313/vessels/mm_ddg_audace.ini,"[""3505420313""]",,,,photo_gap,,pending,"Candidate family/component reference only. Verify visible variant, operator, era and configuration. This is a source record, not a claim about the load-order winner."
3505420313:vessels/mm_ddg_audace_88,mm_ddg_audace_88,Audace-class,Ships,vessels,Vessel,,,Italian Navy mod,mods-source/3505420313/vessels/mm_ddg_audace_88.ini,"[""3505420313""]",,,,photo_gap,,pending,"Candidate family/component reference only. Verify visible variant, operator, era and configuration. This is a source record, not a claim about the load-order winner."
3505420313:vessels/mm_ff_alpino,mm_ff_alpino,Alpino-class,Ships,vessels,Vessel,,,Italian Navy mod,mods-source/3505420313/vessels/mm_ff_alpino.ini,"[""3505420313""]",,,,photo_gap,,pending,"Candidate family/component reference only. Verify visible variant, operator, era and configuration. This is a source record, not a claim about the load-order winner."
3505420313:vessels/mm_ff_alpino_85,mm_ff_alpino_85,Alpino-class,Ships,vessels,Vessel,,,Italian Navy mod,mods-source/3505420313/vessels/mm_ff_alpino_85.ini,"[""3505420313""]",,,,photo_gap,,pending,"Candidate family/component reference only. Verify visible variant, operator, era and configuration. This is a source record, not a claim about the load-order winner."
3505420313:vessels/mm_ff_bergamini_60,mm_ff_bergamini_60,Bergamini-class,Ships,vessels,Vessel,,,Italian Navy mod,mods-source/3505420313/vessels/mm_ff_bergamini_60.ini,"[""3505420313""]",,,,photo_gap,,pending,"Candidate family/component reference only. Verify visible variant, operator, era and configuration. This is a source record, not a claim about the load-order winner."
3505420313:vessels/mm_ff_canopo_50,mm_ff_canopo_50,Centauro-class,Ships,vessels,Vessel,,,Italian Navy mod,mods-source/3505420313/vessels/mm_ff_canopo_50.ini,"[""3505420313""]",,,,photo_gap,,pending,"Candidate family/component reference only. Verify visible variant, operator, era and configuration. This is a source record, not a claim about the load-order winner."
3505420313:vessels/mm_phm_sparviero,mm_phm_sparviero,Sparviero-class,Ships,vessels,Vessel,,,Italian Navy mod,mods-source/3505420313/vessels/mm_phm_sparviero.ini,"[""3505420313""]",,,,photo_gap,,pending,"Candidate family/component reference only. Verify visible variant, operator, era and configuration. This is a source record, not a claim about the load-order winner."
3505420313:vessels/mm_ss_longobardo,mm_ss_longobardo,Longobardo-class,Submarines,vessels,Submarine,,,Italian Navy mod,mods-source/3505420313/vessels/mm_ss_longobardo.ini,"[""3505420313""]",,,,photo_gap,,pending,"Candidate family/component reference only. Verify visible variant, operator, era and configuration. This is a source record, not a claim about the load-order winner."
3505420313:vessels/mm_ss_lwt_23,mm_ss_lwt_23,LWT 23-4-class,Submarines,vessels,Submarine,,,Italian Navy mod,mods-source/3505420313/vessels/mm_ss_lwt_23.ini,"[""3505420313""]",,,,photo_gap,,pending,"Candidate family/component reference only. Verify visible variant, operator, era and configuration. This is a source record, not a claim about the load-order winner."
3505420313:vessels/mm_ss_toti,mm_ss_toti,Toti-class,Submarines,vessels,Submarine,,,Italian Navy mod,mods-source/3505420313/vessels/mm_ss_toti.ini,"[""3505420313""]",,,,photo_gap,,pending,"Candidate family/component reference only. Verify visible variant, operator, era and configuration. This is a source record, not a claim about the load-order winner."
3505420313:vessels/mm_ssbn_archimede,mm_ssbn_archimede,Archimede-class,Submarines,vessels,Submarine,,,Italian Navy mod,mods-source/3505420313/vessels/mm_ssbn_archimede.ini,"[""3505420313""]",,,,photo_gap,,pending,"Candidate family/component reference only. Verify visible variant, operator, era and configuration. This is a source record, not a claim about the load-order winner."
3505420313:vessels/mm_ssn_marconi,mm_ssn_marconi,Marconi-class,Submarines,vessels,Submarine,,,Italian Navy mod,mods-source/3505420313/vessels/mm_ssn_marconi.ini,"[""3505420313""]",,,,photo_gap,,pending,"Candidate family/component reference only. Verify visible variant, operator, era and configuration. This is a source record, not a claim about the load-order winner."
3505420313:vessels/mm_ssn_marconi_78,mm_ssn_marconi_78,Marconi-class,Submarines,vessels,Submarine,,,Italian Navy mod,mods-source/3505420313/vessels/mm_ssn_marconi_78.ini,"[""3505420313""]",,,,photo_gap,,pending,"Candidate family/component reference only. Verify visible variant, operator, era and configuration. This is a source record, not a claim about the load-order winner."
3505420313:land_units/ei_aaa_sidam,ei_aaa_sidam,SIDAM 25,Land units,land_units,LandUnit,MobileUnit,,Italian Navy mod,mods-source/3505420313/land_units/ei_aaa_sidam.ini,"[""3505420313""]",,,,photo_gap,,pending,"Candidate family/component reference only. Verify visible variant, operator, era and configuration. This is a source record, not a claim about the load-order winner."
3505420313:ammunition/am_boz,am_boz,am_boz,Weapons & ammunition,ammunition,,,,Italian Navy mod,mods-source/3505420313/ammunition/am_boz.ini,"[""3505420313""]",,,,photo_gap,,pending,"Candidate family/component reference only. Verify visible variant, operator, era and configuration. This is a source record, not a claim about the load-order winner."
3505420313:ammunition/am_cldp,am_cldp,am_cldp,Weapons & ammunition,ammunition,,,,Italian Navy mod,mods-source/3505420313/ammunition/am_cldp.ini,"[""3505420313""]",,,,photo_gap,,pending,"Candidate family/component reference only. Verify visible variant, operator, era and configuration. This is a source record, not a claim about the load-order winner."
3505420313:ammunition/am_f104_tank,am_f104_tank,am_f104_tank,Weapons & ammunition,ammunition,,,,Italian Navy mod,mods-source/3505420313/ammunition/am_f104_tank.ini,"[""3505420313""]",,,,photo_gap,,pending,"Candidate family/component reference only. Verify visible variant, operator, era and configuration. This is a source record, not a claim about the load-order winner."
3505420313:ammunition/am_tornado_adv_tank,am_tornado_adv_tank,am_tornado_adv_tank,Weapons & ammunition,ammunition,,,,Italian Navy mod,mods-source/3505420313/ammunition/am_tornado_adv_tank.ini,"[""3505420313""]",,,,photo_gap,,pending,"Candidate family/component reference only. Verify visible variant, operator, era and configuration. This is a source record, not a claim about the load-order winner."
3505420313:ammunition/am_tornado_ids_tank,am_tornado_ids_tank,am_tornado_ids_tank,Weapons & ammunition,ammunition,,,,Italian Navy mod,mods-source/3505420313/ammunition/am_tornado_ids_tank.ini,"[""3505420313""]",,,,photo_gap,,pending,"Candidate family/component reference only. Verify visible variant, operator, era and configuration. This is a source record, not a claim about the load-order winner."
3505420313:ammunition/usaf_bsu-49,usaf_bsu-49,usaf_bsu-49,Weapons & ammunition,ammunition,,,,Italian Navy mod,mods-source/3505420313/ammunition/usaf_bsu-49.ini,"[""3505420313""]",,,,photo_gap,,pending,"Candidate family/component reference only. Verify visible variant, operator, era and configuration. This is a source record, not a claim about the load-order winner."
3505420313:ammunition/usaf_cbu-87,usaf_cbu-87,usaf_cbu-87,Weapons & ammunition,ammunition,,,,Italian Navy mod,mods-source/3505420313/ammunition/usaf_cbu-87.ini,"[""3505420313""]",,,,photo_gap,,pending,"Candidate family/component reference only. Verify visible variant, operator, era and configuration. This is a source record, not a claim about the load-order winner."
3505420313:ammunition/usmc_25mm_gunpod,usmc_25mm_gunpod,usmc_25mm_gunpod,Weapons & ammunition,ammunition,,,,Italian Navy mod,mods-source/3505420313/ammunition/usmc_25mm_gunpod.ini,"[""3505420313""]",,,,photo_gap,,pending,"Candidate family/component reference only. Verify visible variant, operator, era and configuration. This is a source record, not a claim about the load-order winner."
3505420313:ammunition/usmc_alq-164,usmc_alq-164,usmc_alq-164,Weapons & ammunition,ammunition,,,,Italian Navy mod,mods-source/3505420313/ammunition/usmc_alq-164.ini,"[""3505420313""]",,,,photo_gap,,pending,"Candidate family/component reference only. Verify visible variant, operator, era and configuration. This is a source record, not a claim about the load-order winner."
3505420313:ammunition/usmc_tank_230_av-8b,usmc_tank_230_av-8b,usmc_tank_230_av-8b,Weapons & ammunition,ammunition,,,,Italian Navy mod,mods-source/3505420313/ammunition/usmc_tank_230_av-8b.ini,"[""3505420313""]",,,,photo_gap,,pending,"Candidate family/component reference only. Verify visible variant, operator, era and configuration. This is a source record, not a claim about the load-order winner."
3506979898:ammunition/pla_pod_kg-800,pla_pod_kg-800,pla_pod_kg-800,Weapons & ammunition,ammunition,,,,J-16,mods-source/3506979898/ammunition/pla_pod_kg-800.ini,"[""3506979898""]",,,,photo_gap,,pending,"Candidate family/component reference only. Verify visible variant, operator, era and configuration. This is a source record, not a claim about the load-order winner."
3506979898:ammunition/plaaf_akf-98a,plaaf_akf-98a,plaaf_akf-98a,Weapons & ammunition,ammunition,,,,J-16,mods-source/3506979898/ammunition/plaaf_akf-98a.ini,"[""3506979898""]",,,,photo_gap,,pending,"Candidate family/component reference only. Verify visible variant, operator, era and configuration. This is a source record, not a claim about the load-order winner."
3506979898:ammunition/plaaf_cm-400akg,plaaf_cm-400akg,plaaf_cm-400akg,Weapons & ammunition,ammunition,,,,J-16,mods-source/3506979898/ammunition/plaaf_cm-400akg.ini,"[""3506979898""]",,,,photo_gap,,pending,"Candidate family/component reference only. Verify visible variant, operator, era and configuration. This is a source record, not a claim about the load-order winner."
3506979898:ammunition/plaaf_cm401,plaaf_cm401,plaaf_cm401,Weapons & ammunition,ammunition,,,,J-16,mods-source/3506979898/ammunition/plaaf_cm401.ini,"[""3506979898""]",,,,photo_gap,,pending,"Candidate family/component reference only. Verify visible variant, operator, era and configuration. This is a source record, not a claim about the load-order winner."
3506979898:ammunition/plaaf_ls-6_500,plaaf_ls-6_500,plaaf_ls-6_500,Weapons & ammunition,ammunition,,,,J-16,mods-source/3506979898/ammunition/plaaf_ls-6_500.ini,"[""3506979898""]",,,,photo_gap,,pending,"Candidate family/component reference only. Verify visible variant, operator, era and configuration. This is a source record, not a claim about the load-order winner."
3506979898:ammunition/plaaf_ls-6_500_zc,plaaf_ls-6_500_zc,plaaf_ls-6_500_zc,Weapons & ammunition,ammunition,,,,J-16,mods-source/3506979898/ammunition/plaaf_ls-6_500_zc.ini,"[""3506979898""]",,,,photo_gap,,pending,"Candidate family/component reference only. Verify visible variant, operator, era and configuration. This is a source record, not a claim about the load-order winner."
3506979898:ammunition/plaaf_pl-10,plaaf_pl-10,plaaf_pl-10,Weapons & ammunition,ammunition,,,,J-16,mods-source/3506979898/ammunition/plaaf_pl-10.ini,"[""3506979898""]",,,,photo_gap,,pending,"Candidate family/component reference only. Verify visible variant, operator, era and configuration. This is a source record, not a claim about the load-order winner."
3506979898:ammunition/plaaf_pl-17,plaaf_pl-17,plaaf_pl-17,Weapons & ammunition,ammunition,,,,J-16,mods-source/3506979898/ammunition/plaaf_pl-17.ini,"[""3506979898""]",,,,photo_gap,,pending,"Candidate family/component reference only. Verify visible variant, operator, era and configuration. This is a source record, not a claim about the load-order winner."
3506979898:ammunition/plaaf_yj-91,plaaf_yj-91,plaaf_yj-91,Weapons & ammunition,ammunition,,,,J-16,mods-source/3506979898/ammunition/plaaf_yj-91.ini,"[""3506979898""]",,,,photo_gap,,pending,"Candidate family/component reference only. Verify visible variant, operator, era and configuration. This is a source record, not a claim about the load-order winner."
3508275114:land_units/brd_spaa_flarakpz_1,brd_spaa_flarakpz_1,Roland IFV,Land units,land_units,LandUnit,SAM,,Ground upgrade: SPAA,mods-source/3508275114/land_units/brd_spaa_flarakpz_1.ini,"[""3508275114""]",,,,photo_gap,,pending,"Candidate family/component reference only. Verify visible variant, operator, era and configuration. This is a source record, not a claim about the load-order winner."
3508275114:land_units/it_spaa_sidam_25,it_spaa_sidam_25,SIDAM 25,Land units,land_units,LandUnit,MobileUnit,,Ground upgrade: SPAA,mods-source/3508275114/land_units/it_spaa_sidam_25.ini,"[""3508275114""]",,,,photo_gap,,pending,"Candidate family/component reference only. Verify visible variant, operator, era and configuration. This is a source record, not a claim about the load-order winner."
3508275114:land_units/ru_spaa_mt-lb_sosna,ru_spaa_mt-lb_sosna,MTLB Sosna,Land units,land_units,LandUnit,SAM,,Ground upgrade: SPAA,mods-source/3508275114/land_units/ru_spaa_mt-lb_sosna.ini,"[""3508275114""]",,,,photo_gap,,pending,"Candidate family/component reference only. Verify visible variant, operator, era and configuration. This is a source record, not a claim about the load-order winner."
3508275114:land_units/usa_spaa_m247,usa_spaa_m247,M247 Sergeant York,Land units,land_units,LandUnit,SAM,,Ground upgrade: SPAA,mods-source/3508275114/land_units/usa_spaa_m247.ini,"[""3508275114""]",,,,photo_gap,,pending,"Candidate family/component reference only. Verify visible variant, operator, era and configuration. This is a source record, not a claim about the load-order winner."
3508275114:land_units/wp_9k331,wp_9k331,Tor-M1,Land units,land_units,LandUnit,MobileUnit,,Ground upgrade: SPAA,mods-source/3508275114/land_units/wp_9k331.ini,"[""3508275114""]",,,,photo_gap,,pending,"Candidate family/component reference only. Verify visible variant, operator, era and configuration. This is a source record, not a claim about the load-order winner."
3508275114:land_units/wp_9k332,wp_9k332,Tor-M2,Land units,land_units,LandUnit,MobileUnit,,Ground upgrade: SPAA,mods-source/3508275114/land_units/wp_9k332.ini,"[""3508275114""]",,,,photo_gap,,pending,"Candidate family/component reference only. Verify visible variant, operator, era and configuration. This is a source record, not a claim about the load-order winner."
3508275114:land_units/wp_spaa_mt-lb_2m-3,wp_spaa_mt-lb_2m-3,MTLB 2M-3,Land units,land_units,LandUnit,SAM,,Ground upgrade: SPAA,mods-source/3508275114/land_units/wp_spaa_mt-lb_2m-3.ini,"[""3508275114""]",,,,photo_gap,,pending,"Candidate family/component reference only. Verify visible variant, operator, era and configuration. This is a source record, not a claim about the load-order winner."
3508275114:land_units/wp_spaa_mt-lb_s-60,wp_spaa_mt-lb_s-60,MTLB S-60,Land units,land_units,LandUnit,SAM,,Ground upgrade: SPAA,mods-source/3508275114/land_units/wp_spaa_mt-lb_s-60.ini,"[""3508275114""]",,,,photo_gap,,pending,"Candidate family/component reference only. Verify visible variant, operator, era and configuration. This is a source record, not a claim about the load-order winner."
3508275114:land_units/wp_spaa_mt-lb_zu-23,wp_spaa_mt-lb_zu-23,MTLB ZU-23,Land units,land_units,LandUnit,SAM,,Ground upgrade: SPAA,mods-source/3508275114/land_units/wp_spaa_mt-lb_zu-23.ini,"[""3508275114""]",,,,photo_gap,,pending,"Candidate family/component reference only. Verify visible variant, operator, era and configuration. This is a source record, not a claim about the load-order winner."
3508275114:ammunition/brd_cal_35mm_dm31,brd_cal_35mm_dm31,brd_cal_35mm_dm31,Weapons & ammunition,ammunition,,,,Ground upgrade: SPAA,mods-source/3508275114/ammunition/brd_cal_35mm_dm31.ini,"[""3508275114""]",,,,photo_gap,,pending,"Candidate family/component reference only. Verify visible variant, operator, era and configuration. This is a source record, not a claim about the load-order winner."
3508275114:ammunition/brd_roland-3,brd_roland-3,brd_roland-3,Weapons & ammunition,ammunition,,,,Ground upgrade: SPAA,mods-source/3508275114/ammunition/brd_roland-3.ini,"[""3508275114""]",,,,photo_gap,,pending,"Candidate family/component reference only. Verify visible variant, operator, era and configuration. This is a source record, not a claim about the load-order winner."
3508275114:ammunition/pla_ahead_pmd062,pla_ahead_pmd062,pla_ahead_pmd062,Weapons & ammunition,ammunition,,,,Ground upgrade: SPAA,mods-source/3508275114/ammunition/pla_ahead_pmd062.ini,"[""3508275114""]",,,,photo_gap,,pending,"Candidate family/component reference only. Verify visible variant, operator, era and configuration. This is a source record, not a claim about the load-order winner."
3508275114:ammunition/ru_9m340e,ru_9m340e,ru_9m340e,Weapons & ammunition,ammunition,,,,Ground upgrade: SPAA,mods-source/3508275114/ammunition/ru_9m340e.ini,"[""3508275114""]",,,,photo_gap,,pending,"Candidate family/component reference only. Verify visible variant, operator, era and configuration. This is a source record, not a claim about the load-order winner."
3508275114:ammunition/usa_vt_m822,usa_vt_m822,usa_vt_m822,Weapons & ammunition,ammunition,,,,Ground upgrade: SPAA,mods-source/3508275114/ammunition/usa_vt_m822.ini,"[""3508275114""]",,,,photo_gap,,pending,"Candidate family/component reference only. Verify visible variant, operator, era and configuration. This is a source record, not a claim about the load-order winner."
3508275114:ammunition/wp_9k38,wp_9k38,wp_9k38,Weapons & ammunition,ammunition,,,,Ground upgrade: SPAA,mods-source/3508275114/ammunition/wp_9k38.ini,"[""3508275114""]",,,,photo_gap,,pending,"Candidate family/component reference only. Verify visible variant, operator, era and configuration. This is a source record, not a claim about the load-order winner."
3508275114:ammunition/wp_9m331,wp_9m331,wp_9m331,Weapons & ammunition,ammunition,,,,Ground upgrade: SPAA,mods-source/3508275114/ammunition/wp_9m331.ini,"[""3508275114""]",,,,photo_gap,,pending,"Candidate family/component reference only. Verify visible variant, operator, era and configuration. This is a source record, not a claim about the load-order winner."
3508275114:ammunition/wp_9m338,wp_9m338,wp_9m338,Weapons & ammunition,ammunition,,,,Ground upgrade: SPAA,mods-source/3508275114/ammunition/wp_9m338.ini,"[""3508275114""]",,,,photo_gap,,pending,"Candidate family/component reference only. Verify visible variant, operator, era and configuration. This is a source record, not a claim about the load-order winner."
3508275114:ammunition/wp_cal_23mm_zsu,wp_cal_23mm_zsu,wp_cal_23mm_zsu,Weapons & ammunition,ammunition,,,,Ground upgrade: SPAA,mods-source/3508275114/ammunition/wp_cal_23mm_zsu.ini,"[""3508275114""]",,,,photo_gap,,pending,"Candidate family/component reference only. Verify visible variant, operator, era and configuration. This is a source record, not a claim about the load-order winner."
3508275114:ammunition/wp_spaa_sa-n-11,wp_spaa_sa-n-11,wp_spaa_sa-n-11,Weapons & ammunition,ammunition,,,,Ground upgrade: SPAA,mods-source/3508275114/ammunition/wp_spaa_sa-n-11.ini,"[""3508275114""]",,,,photo_gap,,pending,"Candidate family/component reference only. Verify visible variant, operator, era and configuration. This is a source record, not a claim about the load-order winner."
3508275114:ammunition/wp_spaa_sa-n-11a,wp_spaa_sa-n-11a,wp_spaa_sa-n-11a,Weapons & ammunition,ammunition,,,,Ground upgrade: SPAA,mods-source/3508275114/ammunition/wp_spaa_sa-n-11a.ini,"[""3508275114""]",,,,photo_gap,,pending,"Candidate family/component reference only. Verify visible variant, operator, era and configuration. This is a source record, not a claim about the load-order winner."
3509329205:land_units/wp_tu160air,wp_tu160air,TU-160Airbase,Bases & installations,land_units,LandUnit,Airbase,,TU-160,mods-source/3509329205/land_units/wp_tu160air.ini,"[""3509329205""]",,,,photo_gap,,pending,"Candidate family/component reference only. Verify visible variant, operator, era and configuration. This is a source record, not a claim about the load-order winner."
3509329205:ammunition/3M22,3M22,3M22,Weapons & ammunition,ammunition,,,,TU-160,mods-source/3509329205/ammunition/3M22.ini,"[""3509329205""]",,,,photo_gap,,pending,"Candidate family/component reference only. Verify visible variant, operator, era and configuration. This is a source record, not a claim about the load-order winner."
3509329205:ammunition/KH-101,KH-101,KH-101,Weapons & ammunition,ammunition,,,,TU-160,mods-source/3509329205/ammunition/KH-101.ini,"[""3509329205""]",,,,photo_gap,,pending,"Candidate family/component reference only. Verify visible variant, operator, era and configuration. This is a source record, not a claim about the load-order winner."
3509329205:ammunition/KH-55,KH-55,KH-55,Weapons & ammunition,ammunition,,,,TU-160,mods-source/3509329205/ammunition/KH-55.ini,"[""3509329205""]",,,,photo_gap,,pending,"Candidate family/component reference only. Verify visible variant, operator, era and configuration. This is a source record, not a claim about the load-order winner."
3509329205:ammunition/KH-555,KH-555,KH-555,Weapons & ammunition,ammunition,,,,TU-160,mods-source/3509329205/ammunition/KH-555.ini,"[""3509329205""]",,,,photo_gap,,pending,"Candidate family/component reference only. Verify visible variant, operator, era and configuration. This is a source record, not a claim about the load-order winner."
3509329205:ammunition/KH-555S,KH-555S,KH-555S,Weapons & ammunition,ammunition,,,,TU-160,mods-source/3509329205/ammunition/KH-555S.ini,"[""3509329205""]",,,,photo_gap,,pending,"Candidate family/component reference only. Verify visible variant, operator, era and configuration. This is a source record, not a claim about the load-order winner."
3509329205:ammunition/KH-55SM,KH-55SM,KH-55SM,Weapons & ammunition,ammunition,,,,TU-160,mods-source/3509329205/ammunition/KH-55SM.ini,"[""3509329205""]",,,,photo_gap,,pending,"Candidate family/component reference only. Verify visible variant, operator, era and configuration. This is a source record, not a claim about the load-order winner."
3509329205:ammunition/su_kab-1500kr,su_kab-1500kr,su_kab-1500kr,Weapons & ammunition,ammunition,,,,TU-160,mods-source/3509329205/ammunition/su_kab-1500kr.ini,"[""3509329205""]",,,,photo_gap,,pending,"Candidate family/component reference only. Verify visible variant, operator, era and configuration. This is a source record, not a claim about the load-order winner."
3513571010:ammunition/wp_9m114,wp_9m114,wp_9m114,Weapons & ammunition,ammunition,,,,Mil Mi-24 Hind,mods-source/3513571010/ammunition/wp_9m114.ini,"[""3513571010""]",,,,photo_gap,,pending,"Candidate family/component reference only. Verify visible variant, operator, era and configuration. This is a source record, not a claim about the load-order winner."
SEST_Integration:ammunition/raaf_f-35_gun_pod,raaf_f-35_gun_pod,raaf_f-35_gun_pod,Weapons & ammunition,ammunition,,,SEST_Integration (SEST Integration Pack),SEST Integration Pack,integration/dist/SEST_Integration/ammunition/raaf_f-35_gun_pod.ini,"[""SEST_Integration""]",,,,photo_gap,,pending,"Candidate family/component reference only. Verify visible variant, operator, era and configuration. This is a source record, not a claim about the load-order winner. [Carried by the SEST pack since 3514484654 left the Workshop.]"
SEST_Integration:ammunition/usaf_jsm,usaf_jsm,usaf_jsm,Weapons & ammunition,ammunition,,,SEST_Integration (SEST Integration Pack),SEST Integration Pack,integration/dist/SEST_Integration/ammunition/usaf_jsm.ini,"[""SEST_Integration""]",,,,photo_gap,,pending,"Candidate family/component reference only. Verify visible variant, operator, era and configuration. This is a source record, not a claim about the load-order winner. [Carried by the SEST pack since 3514484654 left the Workshop.]"
SEST_Integration:ammunition/usaf_jsm_land,usaf_jsm_land,usaf_jsm_land,Weapons & ammunition,ammunition,,,SEST_Integration (SEST Integration Pack),SEST Integration Pack,integration/dist/SEST_Integration/ammunition/usaf_jsm_land.ini,"[""SEST_Integration""]",,,,photo_gap,,pending,"Candidate family/component reference only. Verify visible variant, operator, era and configuration. This is a source record, not a claim about the load-order winner. [Carried by the SEST pack since 3514484654 left the Workshop.]"
3520352434:aircraft/se_jas-39,se_jas-39,JAS-39 Gripen,Aircraft & helicopters,aircraft,Aircraft,,,JAS-39 Gripen,mods-source/3520352434/aircraft/se_jas-39.ini,"[""3520352434""]",,,,photo_gap,,pending,"Candidate family/component reference only. Verify visible variant, operator, era and configuration. This is a source record, not a claim about the load-order winner."
3520352434:land_units/se_airbase_JAS_39,se_airbase_JAS_39,JAS_39Airbase,Bases & installations,land_units,LandUnit,Airbase,,JAS-39 Gripen,mods-source/3520352434/land_units/se_airbase_JAS_39.ini,"[""3520352434""]",,,,photo_gap,,pending,"Candidate family/component reference only. Verify visible variant, operator, era and configuration. This is a source record, not a claim about the load-order winner."
3520352434:ammunition/fr_cal_27mm,fr_cal_27mm,fr_cal_27mm,Weapons & ammunition,ammunition,,,,JAS-39 Gripen,mods-source/3520352434/ammunition/fr_cal_27mm.ini,"[""3520352434""]",,,,photo_gap,,pending,"Candidate family/component reference only. Verify visible variant, operator, era and configuration. This is a source record, not a claim about the load-order winner."
3520352434:ammunition/fr_scalp-eg_LQS,fr_scalp-eg_LQS,fr_scalp-eg_LQS,Weapons & ammunition,ammunition,,,,JAS-39 Gripen,mods-source/3520352434/ammunition/fr_scalp-eg_LQS.ini,"[""3520352434""]",,,,photo_gap,,pending,"Candidate family/component reference only. Verify visible variant, operator, era and configuration. This is a source record, not a claim about the load-order winner."
3520352434:ammunition/se_kepd_350_LQS,se_kepd_350_LQS,se_kepd_350_LQS,Weapons & ammunition,ammunition,,,,JAS-39 Gripen,mods-source/3520352434/ammunition/se_kepd_350_LQS.ini,"[""3520352434""]",,,,photo_gap,,pending,"Candidate family/component reference only. Verify visible variant, operator, era and configuration. This is a source record, not a claim about the load-order winner."
3520352434:ammunition/swe_rbs15f_LQS,swe_rbs15f_LQS,swe_rbs15f_LQS,Weapons & ammunition,ammunition,,,,JAS-39 Gripen,mods-source/3520352434/ammunition/swe_rbs15f_LQS.ini,"[""3520352434""]",,,,photo_gap,,pending,"Candidate family/component reference only. Verify visible variant, operator, era and configuration. This is a source record, not a claim about the load-order winner."
3520352434:ammunition/usaf_gbu-12d_LQS,usaf_gbu-12d_LQS,usaf_gbu-12d_LQS,Weapons & ammunition,ammunition,,,,JAS-39 Gripen,mods-source/3520352434/ammunition/usaf_gbu-12d_LQS.ini,"[""3520352434""]",,,,photo_gap,,pending,"Candidate family/component reference only. Verify visible variant, operator, era and configuration. This is a source record, not a claim about the load-order winner."
3520352434:ammunition/usaf_tank_1200_jas_39,usaf_tank_1200_jas_39,usaf_tank_1200_jas_39,Weapons & ammunition,ammunition,,,,JAS-39 Gripen,mods-source/3520352434/ammunition/usaf_tank_1200_jas_39.ini,"[""3520352434""]",,,,photo_gap,,pending,"Candidate family/component reference only. Verify visible variant, operator, era and configuration. This is a source record, not a claim about the load-order winner."
3524112296:ammunition/Air_Drop,Air_Drop,Air_Drop,Weapons & ammunition,ammunition,,,,Beriev a-50 series AEW&C AND Il-76 Airliner,mods-source/3524112296/ammunition/Air_Drop.ini,"[""3524112296""]",,,,photo_gap,,pending,"Candidate family/component reference only. Verify visible variant, operator, era and configuration. This is a source record, not a claim about the load-order winner."
3524112296:ammunition/nato_paratrooper,nato_paratrooper,nato_paratrooper,Weapons & ammunition,ammunition,,,,Beriev a-50 series AEW&C AND Il-76 Airliner,mods-source/3524112296/ammunition/nato_paratrooper.ini,"[""3524112296""]",,,,photo_gap,,pending,"Candidate family/component reference only. Verify visible variant, operator, era and configuration. This is a source record, not a claim about the load-order winner."
3524112296:ammunition/nato_paratrooper2,nato_paratrooper2,nato_paratrooper2,Weapons & ammunition,ammunition,,,,Beriev a-50 series AEW&C AND Il-76 Airliner,mods-source/3524112296/ammunition/nato_paratrooper2.ini,"[""3524112296""]",,,,photo_gap,,pending,"Candidate family/component reference only. Verify visible variant, operator, era and configuration. This is a source record, not a claim about the load-order winner."
3524446392:land_units/ru_50n6,ru_50n6,50N6 Search & Track Radar,Sensors & equipment,land_units,LandUnit,Radar,,S-350 Vityaz,mods-source/3524446392/land_units/ru_50n6.ini,"[""3524446392""]",,,,photo_gap,,pending,"Candidate family/component reference only. Verify visible variant, operator, era and configuration. This is a source record, not a claim about the load-order winner."
3524446392:land_units/ru_vityaz-lr_tel,ru_vityaz-lr_tel,S-350 Vityaz-LR TEL,Land units,land_units,LandUnit,MissileSite,,S-350 Vityaz,mods-source/3524446392/land_units/ru_vityaz-lr_tel.ini,"[""3524446392""]",,,,photo_gap,,pending,"Candidate family/component reference only. Verify visible variant, operator, era and configuration. This is a source record, not a claim about the load-order winner."
3524446392:land_units/ru_vityaz-mr_tel,ru_vityaz-mr_tel,S-350 Vityaz-MR TEL,Land units,land_units,LandUnit,MissileSite,,S-350 Vityaz,mods-source/3524446392/land_units/ru_vityaz-mr_tel.ini,"[""3524446392""]",,,,photo_gap,,pending,"Candidate family/component reference only. Verify visible variant, operator, era and configuration. This is a source record, not a claim about the load-order winner."
3524446392:land_units/ru_vityaz-sr_tel,ru_vityaz-sr_tel,S-350 Vityaz-SR TEL,Land units,land_units,LandUnit,MissileSite,,S-350 Vityaz,mods-source/3524446392/land_units/ru_vityaz-sr_tel.ini,"[""3524446392""]",,,,photo_gap,,pending,"Candidate family/component reference only. Verify visible variant, operator, era and configuration. This is a source record, not a claim about the load-order winner."
3524446392:ammunition/wp_9m100,wp_9m100,wp_9m100,Weapons & ammunition,ammunition,,,,S-350 Vityaz,mods-source/3524446392/ammunition/wp_9m100.ini,"[""3524446392""]",,,,photo_gap,,pending,"Candidate family/component reference only. Verify visible variant, operator, era and configuration. This is a source record, not a claim about the load-order winner."
3526982088:ammunition/mbd_pyl_ofab-100,mbd_pyl_ofab-100,mbd_pyl_ofab-100,Weapons & ammunition,ammunition,,,,JH7A,mods-source/3526982088/ammunition/mbd_pyl_ofab-100.ini,"[""3526982088""]",,,,photo_gap,,pending,"Candidate family/component reference only. Verify visible variant, operator, era and configuration. This is a source record, not a claim about the load-order winner."
3526982088:ammunition/plaaf_130-Ⅱ_rocket,plaaf_130-Ⅱ_rocket,plaaf_130-Ⅱ_rocket,Weapons & ammunition,ammunition,,,,JH7A,mods-source/3526982088/ammunition/plaaf_130-Ⅱ_rocket.ini,"[""3526982088""]",,,,photo_gap,,pending,"Candidate family/component reference only. Verify visible variant, operator, era and configuration. This is a source record, not a claim about the load-order winner."
3526982088:ammunition/plaaf_250-Ⅲ,plaaf_250-Ⅲ,plaaf_250-Ⅲ,Weapons & ammunition,ammunition,,,,JH7A,mods-source/3526982088/ammunition/plaaf_250-Ⅲ.ini,"[""3526982088""]",,,,photo_gap,,pending,"Candidate family/component reference only. Verify visible variant, operator, era and configuration. This is a source record, not a claim about the load-order winner."
3526982088:ammunition/plaaf_500-Ⅲ,plaaf_500-Ⅲ,plaaf_500-Ⅲ,Weapons & ammunition,ammunition,,,,JH7A,mods-source/3526982088/ammunition/plaaf_500-Ⅲ.ini,"[""3526982088""]",,,,photo_gap,,pending,"Candidate family/component reference only. Verify visible variant, operator, era and configuration. This is a source record, not a claim about the load-order winner."
3526982088:ammunition/plaaf_90-Ⅰ_rocket,plaaf_90-Ⅰ_rocket,plaaf_90-Ⅰ_rocket,Weapons & ammunition,ammunition,,,,JH7A,mods-source/3526982088/ammunition/plaaf_90-Ⅰ_rocket.ini,"[""3526982088""]",,,,photo_gap,,pending,"Candidate family/component reference only. Verify visible variant, operator, era and configuration. This is a source record, not a claim about the load-order winner."
3526982088:ammunition/plaaf_JH7A_fueltank_new,plaaf_JH7A_fueltank_new,plaaf_JH7A_fueltank_new,Weapons & ammunition,ammunition,,,,JH7A,mods-source/3526982088/ammunition/plaaf_JH7A_fueltank_new.ini,"[""3526982088""]",,,,photo_gap,,pending,"Candidate family/component reference only. Verify visible variant, operator, era and configuration. This is a source record, not a claim about the load-order winner."
3526982088:ammunition/plaaf_JH7A_fueltank_under,plaaf_JH7A_fueltank_under,plaaf_JH7A_fueltank_under,Weapons & ammunition,ammunition,,,,JH7A,mods-source/3526982088/ammunition/plaaf_JH7A_fueltank_under.ini,"[""3526982088""]",,,,photo_gap,,pending,"Candidate family/component reference only. Verify visible variant, operator, era and configuration. This is a source record, not a claim about the load-order winner."
3526982088:ammunition/plaaf_hf-14,plaaf_hf-14,plaaf_hf-14,Weapons & ammunition,ammunition,,,,JH7A,mods-source/3526982088/ammunition/plaaf_hf-14.ini,"[""3526982088""]",,,,photo_gap,,pending,"Candidate family/component reference only. Verify visible variant, operator, era and configuration. This is a source record, not a claim about the load-order winner."
3526982088:ammunition/plaaf_hf-6,plaaf_hf-6,plaaf_hf-6,Weapons & ammunition,ammunition,,,,JH7A,mods-source/3526982088/ammunition/plaaf_hf-6.ini,"[""3526982088""]",,,,photo_gap,,pending,"Candidate family/component reference only. Verify visible variant, operator, era and configuration. This is a source record, not a claim about the load-order winner."
3526982088:ammunition/plaaf_kd-88,plaaf_kd-88,plaaf_kd-88,Weapons & ammunition,ammunition,,,,JH7A,mods-source/3526982088/ammunition/plaaf_kd-88.ini,"[""3526982088""]",,,,photo_gap,,pending,"Candidate family/component reference only. Verify visible variant, operator, era and configuration. This is a source record, not a claim about the load-order winner."
3526982088:ammunition/plaaf_ls-500,plaaf_ls-500,plaaf_ls-500,Weapons & ammunition,ammunition,,,,JH7A,mods-source/3526982088/ammunition/plaaf_ls-500.ini,"[""3526982088""]",,,,photo_gap,,pending,"Candidate family/component reference only. Verify visible variant, operator, era and configuration. This is a source record, not a claim about the load-order winner."
3526982088:ammunition/plaaf_ls-6_500,plaaf_ls-6_500,plaaf_ls-6_500,Weapons & ammunition,ammunition,,,,JH7A,mods-source/3526982088/ammunition/plaaf_ls-6_500.ini,"[""3526982088""]",,,,photo_gap,,pending,"Candidate family/component reference only. Verify visible variant, operator, era and configuration. This is a source record, not a claim about the load-order winner."
3526982088:ammunition/plaaf_pl-10,plaaf_pl-10,plaaf_pl-10,Weapons & ammunition,ammunition,,,,JH7A,mods-source/3526982088/ammunition/plaaf_pl-10.ini,"[""3526982088""]",,,,photo_gap,,pending,"Candidate family/component reference only. Verify visible variant, operator, era and configuration. This is a source record, not a claim about the load-order winner."
3526982088:ammunition/plaaf_pl-5c,plaaf_pl-5c,plaaf_pl-5c,Weapons & ammunition,ammunition,,,,JH7A,mods-source/3526982088/ammunition/plaaf_pl-5c.ini,"[""3526982088""]",,,,photo_gap,,pending,"Candidate family/component reference only. Verify visible variant, operator, era and configuration. This is a source record, not a claim about the load-order winner."
3526982088:ammunition/plaaf_pl-8b,plaaf_pl-8b,plaaf_pl-8b,Weapons & ammunition,ammunition,,,,JH7A,mods-source/3526982088/ammunition/plaaf_pl-8b.ini,"[""3526982088""]",,,,photo_gap,,pending,"Candidate family/component reference only. Verify visible variant, operator, era and configuration. This is a source record, not a claim about the load-order winner."
3526982088:ammunition/plaaf_yj-91,plaaf_yj-91,plaaf_yj-91,Weapons & ammunition,ammunition,,,,JH7A,mods-source/3526982088/ammunition/plaaf_yj-91.ini,"[""3526982088""]",,,,photo_gap,,pending,"Candidate family/component reference only. Verify visible variant, operator, era and configuration. This is a source record, not a claim about the load-order winner."
3549377308:aircraft/irh_bell-212,irh_bell-212,IRHBell-212,Aircraft & helicopters,aircraft,Helicopter,,,Iran Bell-212,mods-source/3549377308/aircraft/irh_bell-212.ini,"[""3549377308""]",,,,photo_gap,,pending,"Candidate family/component reference only. Verify visible variant, operator, era and configuration. This is a source record, not a claim about the load-order winner."
3549377308:aircraft/iriaa_bell-212,iriaa_bell-212,IRIAABell-212,Aircraft & helicopters,aircraft,Helicopter,,,Iran Bell-212,mods-source/3549377308/aircraft/iriaa_bell-212.ini,"[""3549377308""]",,,,photo_gap,,pending,"Candidate family/component reference only. Verify visible variant, operator, era and configuration. This is a source record, not a claim about the load-order winner."
3549377308:aircraft/irinavy_bell-212,irinavy_bell-212,IRINAVYBell-212,Aircraft & helicopters,aircraft,Helicopter,,,Iran Bell-212,mods-source/3549377308/aircraft/irinavy_bell-212.ini,"[""3549377308""]",,,,photo_gap,,pending,"Candidate family/component reference only. Verify visible variant, operator, era and configuration. This is a source record, not a claim about the load-order winner."
3551676319:land_units/wp_sejjil_tel,wp_sejjil_tel,Sejjil,Land units,land_units,LandUnit,MobileUnit,,SEJJIL (Ballistic Missiles),mods-source/3551676319/land_units/wp_sejjil_tel.ini,"[""3551676319""]",,,,photo_gap,,pending,"Candidate family/component reference only. Verify visible variant, operator, era and configuration. This is a source record, not a claim about the load-order winner."
3551676319:ammunition/ods_sejjil,ods_sejjil,ods_sejjil,Weapons & ammunition,ammunition,,,,SEJJIL (Ballistic Missiles),mods-source/3551676319/ammunition/ods_sejjil.ini,"[""3551676319""]",,,,photo_gap,,pending,"Candidate family/component reference only. Verify visible variant, operator, era and configuration. This is a source record, not a claim about the load-order winner."
3553116604:aircraft/usaf_f-15e_SE,usaf_f-15e_SE,F-15E,Aircraft & helicopters,aircraft,Aircraft,,,F-15E StrikeEagle,mods-source/3553116604/aircraft/usaf_f-15e_SE.ini,"[""3553116604""]",,,,photo_gap,,pending,"Candidate family/component reference only. Verify visible variant, operator, era and configuration. This is a source record, not a claim about the load-order winner."
3553116604:ammunition/dts_gbu-39,dts_gbu-39,dts_gbu-39,Weapons & ammunition,ammunition,,,,F-15E StrikeEagle,mods-source/3553116604/ammunition/dts_gbu-39.ini,"[""3553116604""]",,,,photo_gap,,pending,"Candidate family/component reference only. Verify visible variant, operator, era and configuration. This is a source record, not a claim about the load-order winner."
3553116604:ammunition/dts_gbu-39_quad,dts_gbu-39_quad,dts_gbu-39_quad,Weapons & ammunition,ammunition,,,,F-15E StrikeEagle,mods-source/3553116604/ammunition/dts_gbu-39_quad.ini,"[""3553116604""]",,,,photo_gap,,pending,"Candidate family/component reference only. Verify visible variant, operator, era and configuration. This is a source record, not a claim about the load-order winner."
3555361900:aircraft/fr_etendard_IVM,fr_etendard_IVM,Etendard IVM,Aircraft & helicopters,aircraft,Aircraft,,,Etendard Family Jets,mods-source/3555361900/aircraft/fr_etendard_IVM.ini,"[""3555361900""]",,,,photo_gap,,pending,"Candidate family/component reference only. Verify visible variant, operator, era and configuration. This is a source record, not a claim about the load-order winner."
3555361900:aircraft/fr_etendard_IVP,fr_etendard_IVP,Etendard IVP,Aircraft & helicopters,aircraft,Aircraft,,,Etendard Family Jets,mods-source/3555361900/aircraft/fr_etendard_IVP.ini,"[""3555361900""]",,,,photo_gap,,pending,"Candidate family/component reference only. Verify visible variant, operator, era and configuration. This is a source record, not a claim about the load-order winner."
3555361900:aircraft/fr_etendard_IVPM,fr_etendard_IVPM,Etendard IVPM,Aircraft & helicopters,aircraft,Aircraft,,,Etendard Family Jets,mods-source/3555361900/aircraft/fr_etendard_IVPM.ini,"[""3555361900""]",,,,photo_gap,,pending,"Candidate family/component reference only. Verify visible variant, operator, era and configuration. This is a source record, not a claim about the load-order winner."
3555361900:ammunition/fr_CR10PR_pod,fr_CR10PR_pod,fr_CR10PR_pod,Weapons & ammunition,ammunition,,,,Etendard Family Jets,mods-source/3555361900/ammunition/fr_CR10PR_pod.ini,"[""3555361900""]",,,,photo_gap,,pending,"Candidate family/component reference only. Verify visible variant, operator, era and configuration. This is a source record, not a claim about the load-order winner."
3555361900:ammunition/fr_DEFA_guns_etendard,fr_DEFA_guns_etendard,fr_DEFA_guns_etendard,Weapons & ammunition,ammunition,,,,Etendard Family Jets,mods-source/3555361900/ammunition/fr_DEFA_guns_etendard.ini,"[""3555361900""]",,,,photo_gap,,pending,"Candidate family/component reference only. Verify visible variant, operator, era and configuration. This is a source record, not a claim about the load-order winner."
3555361900:ammunition/fr_alkanChaffPod,fr_alkanChaffPod,fr_alkanChaffPod,Weapons & ammunition,ammunition,,,,Etendard Family Jets,mods-source/3555361900/ammunition/fr_alkanChaffPod.ini,"[""3555361900""]",,,,photo_gap,,pending,"Candidate family/component reference only. Verify visible variant, operator, era and configuration. This is a source record, not a claim about the load-order winner."
3555361900:ammunition/fr_as-30l,fr_as-30l,fr_as-30l,Weapons & ammunition,ammunition,,,,Etendard Family Jets,mods-source/3555361900/ammunition/fr_as-30l.ini,"[""3555361900""]",,,,photo_gap,,pending,"Candidate family/component reference only. Verify visible variant, operator, era and configuration. This is a source record, not a claim about the load-order winner."
3555361900:ammunition/fr_as30,fr_as30,fr_as30,Weapons & ammunition,ammunition,,,,Etendard Family Jets,mods-source/3555361900/ammunition/fr_as30.ini,"[""3555361900""]",,,,photo_gap,,pending,"Candidate family/component reference only. Verify visible variant, operator, era and configuration. This is a source record, not a claim about the load-order winner."
3555361900:ammunition/fr_barracudaNG_ECMPod,fr_barracudaNG_ECMPod,fr_barracudaNG_ECMPod,Weapons & ammunition,ammunition,,,,Etendard Family Jets,mods-source/3555361900/ammunition/fr_barracudaNG_ECMPod.ini,"[""3555361900""]",,,,photo_gap,,pending,"Candidate family/component reference only. Verify visible variant, operator, era and configuration. This is a source record, not a claim about the load-order winner."
3555361900:ammunition/fr_barracuda_ECMPod,fr_barracuda_ECMPod,fr_barracuda_ECMPod,Weapons & ammunition,ammunition,,,,Etendard Family Jets,mods-source/3555361900/ammunition/fr_barracuda_ECMPod.ini,"[""3555361900""]",,,,photo_gap,,pending,"Candidate family/component reference only. Verify visible variant, operator, era and configuration. This is a source record, not a claim about the load-order winner."
3555361900:ammunition/fr_phimatChaffPod,fr_phimatChaffPod,fr_phimatChaffPod,Weapons & ammunition,ammunition,,,,Etendard Family Jets,mods-source/3555361900/ammunition/fr_phimatChaffPod.ini,"[""3555361900""]",,,,photo_gap,,pending,"Candidate family/component reference only. Verify visible variant, operator, era and configuration. This is a source record, not a claim about the load-order winner."
3555361900:ammunition/fr_r550-2,fr_r550-2,fr_r550-2,Weapons & ammunition,ammunition,,,,Etendard Family Jets,mods-source/3555361900/ammunition/fr_r550-2.ini,"[""3555361900""]",,,,photo_gap,,pending,"Candidate family/component reference only. Verify visible variant, operator, era and configuration. This is a source record, not a claim about the load-order winner."
3555361900:ammunition/fr_tank_1100l_etendard,fr_tank_1100l_etendard,fr_tank_1100l_etendard,Weapons & ammunition,ammunition,,,,Etendard Family Jets,mods-source/3555361900/ammunition/fr_tank_1100l_etendard.ini,"[""3555361900""]",,,,photo_gap,,pending,"Candidate family/component reference only. Verify visible variant, operator, era and configuration. This is a source record, not a claim about the load-order winner."
3555361900:ammunition/fr_tank_625c_etendard,fr_tank_625c_etendard,fr_tank_625c_etendard,Weapons & ammunition,ammunition,,,,Etendard Family Jets,mods-source/3555361900/ammunition/fr_tank_625c_etendard.ini,"[""3555361900""]",,,,photo_gap,,pending,"Candidate family/component reference only. Verify visible variant, operator, era and configuration. This is a source record, not a claim about the load-order winner."
3555361900:ammunition/fr_tank_625l_etendard,fr_tank_625l_etendard,fr_tank_625l_etendard,Weapons & ammunition,ammunition,,,,Etendard Family Jets,mods-source/3555361900/ammunition/fr_tank_625l_etendard.ini,"[""3555361900""]",,,,photo_gap,,pending,"Candidate family/component reference only. Verify visible variant, operator, era and configuration. This is a source record, not a claim about the load-order winner."
3555361900:ammunition/fr_targeting_pod,fr_targeting_pod,fr_targeting_pod,Weapons & ammunition,ammunition,,,,Etendard Family Jets,mods-source/3555361900/ammunition/fr_targeting_pod.ini,"[""3555361900""]",,,,photo_gap,,pending,"Candidate family/component reference only. Verify visible variant, operator, era and configuration. This is a source record, not a claim about the load-order winner."
3555361900:ammunition/rn_2inch,rn_2inch,rn_2inch,Weapons & ammunition,ammunition,,,,Etendard Family Jets,mods-source/3555361900/ammunition/rn_2inch.ini,"[""3555361900""]",,,,photo_gap,,pending,"Candidate family/component reference only. Verify visible variant, operator, era and configuration. This is a source record, not a claim about the load-order winner."
3555361900:ammunition/rn_type_155,rn_type_155,rn_type_155,Weapons & ammunition,ammunition,,,,Etendard Family Jets,mods-source/3555361900/ammunition/rn_type_155.ini,"[""3555361900""]",,,,photo_gap,,pending,"Candidate family/component reference only. Verify visible variant, operator, era and configuration. This is a source record, not a claim about the load-order winner."
3559495372:ammunition/ods_ac130_105mm,ods_ac130_105mm,ods_ac130_105mm,Weapons & ammunition,ammunition,,,,Lockheed AC-130,mods-source/3559495372/ammunition/ods_ac130_105mm.ini,"[""3559495372""]",,,,photo_gap,,pending,"Candidate family/component reference only. Verify visible variant, operator, era and configuration. This is a source record, not a claim about the load-order winner."
3559495372:ammunition/ods_cal_20mm,ods_cal_20mm,ods_cal_20mm,Weapons & ammunition,ammunition,,,,Lockheed AC-130,mods-source/3559495372/ammunition/ods_cal_20mm.ini,"[""3559495372""]",,,,photo_gap,,pending,"Candidate family/component reference only. Verify visible variant, operator, era and configuration. This is a source record, not a claim about the load-order winner."
3559495372:ammunition/usa_cal_03in,usa_cal_03in,usa_cal_03in,Weapons & ammunition,ammunition,,,,Lockheed AC-130,mods-source/3559495372/ammunition/usa_cal_03in.ini,"[""3559495372""]",,,,photo_gap,,pending,"Candidate family/component reference only. Verify visible variant, operator, era and configuration. This is a source record, not a claim about the load-order winner."
3559495372:ammunition/usn_agm-176,usn_agm-176,usn_agm-176,Weapons & ammunition,ammunition,,,,Lockheed AC-130,mods-source/3559495372/ammunition/usn_agm-176.ini,"[""3559495372""]",,,,photo_gap,,pending,"Candidate family/component reference only. Verify visible variant, operator, era and configuration. This is a source record, not a claim about the load-order winner."
3559495372:ammunition/usn_cal_30mm,usn_cal_30mm,usn_cal_30mm,Weapons & ammunition,ammunition,,,,Lockheed AC-130,mods-source/3559495372/ammunition/usn_cal_30mm.ini,"[""3559495372""]",,,,photo_gap,,pending,"Candidate family/component reference only. Verify visible variant, operator, era and configuration. This is a source record, not a claim about the load-order winner."
3567228449:aircraft/fr_as_332B,fr_as_332B,AS332B Super Puma,Aircraft & helicopters,aircraft,Helicopter,,,French Helicopter Package,mods-source/3567228449/aircraft/fr_as_332B.ini,"[""3567228449""]",,,,photo_gap,,pending,"Candidate family/component reference only. Verify visible variant, operator, era and configuration. This is a source record, not a claim about the load-order winner."
3567228449:aircraft/fr_as_332F,fr_as_332F,AS332F Super Puma,Aircraft & helicopters,aircraft,Helicopter,,,French Helicopter Package,mods-source/3567228449/aircraft/fr_as_332F.ini,"[""3567228449""]",,,,photo_gap,,pending,"Candidate family/component reference only. Verify visible variant, operator, era and configuration. This is a source record, not a claim about the load-order winner."
3567228449:aircraft/fr_as_332M,fr_as_332M,AS332M Super Puma,Aircraft & helicopters,aircraft,Helicopter,,,French Helicopter Package,mods-source/3567228449/aircraft/fr_as_332M.ini,"[""3567228449""]",,,,photo_gap,,pending,"Candidate family/component reference only. Verify visible variant, operator, era and configuration. This is a source record, not a claim about the load-order winner."
3567228449:aircraft/fr_as_532C,fr_as_532C,AS532C Cougar,Aircraft & helicopters,aircraft,Helicopter,,,French Helicopter Package,mods-source/3567228449/aircraft/fr_as_532C.ini,"[""3567228449""]",,,,photo_gap,,pending,"Candidate family/component reference only. Verify visible variant, operator, era and configuration. This is a source record, not a claim about the load-order winner."
3567228449:aircraft/fr_as_532L,fr_as_532L,AS532L Cougar,Aircraft & helicopters,aircraft,Helicopter,,,French Helicopter Package,mods-source/3567228449/aircraft/fr_as_532L.ini,"[""3567228449""]",,,,photo_gap,,pending,"Candidate family/component reference only. Verify visible variant, operator, era and configuration. This is a source record, not a claim about the load-order winner."
3567228449:aircraft/fr_as_532L2,fr_as_532L2,AS532L2 Cougar,Aircraft & helicopters,aircraft,Helicopter,,,French Helicopter Package,mods-source/3567228449/aircraft/fr_as_532L2.ini,"[""3567228449""]",,,,photo_gap,,pending,"Candidate family/component reference only. Verify visible variant, operator, era and configuration. This is a source record, not a claim about the load-order winner."
3567228449:aircraft/fr_as_532SC,fr_as_532SC,AS532SC Cougar,Aircraft & helicopters,aircraft,Helicopter,,,French Helicopter Package,mods-source/3567228449/aircraft/fr_as_532SC.ini,"[""3567228449""]",,,,photo_gap,,pending,"Candidate family/component reference only. Verify visible variant, operator, era and configuration. This is a source record, not a claim about the load-order winner."
3567228449:aircraft/fr_sa-321G,fr_sa-321G,fr_sa-321G,Aircraft & helicopters,aircraft,Helicopter,,,French Helicopter Package,mods-source/3567228449/aircraft/fr_sa-321G.ini,"[""3567228449""]",,,,photo_gap,,pending,"Candidate family/component reference only. Verify visible variant, operator, era and configuration. This is a source record, not a claim about the load-order winner."
3567228449:aircraft/fr_sa-321GA,fr_sa-321GA,SA.321GA,Aircraft & helicopters,aircraft,Helicopter,,,French Helicopter Package,mods-source/3567228449/aircraft/fr_sa-321GA.ini,"[""3567228449""]",,,,photo_gap,,pending,"Candidate family/component reference only. Verify visible variant, operator, era and configuration. This is a source record, not a claim about the load-order winner."
3567228449:aircraft/fr_vsr700,fr_vsr700,VSR 700 (drone helicopter),Aircraft & helicopters,aircraft,Helicopter,,,French Helicopter Package,mods-source/3567228449/aircraft/fr_vsr700.ini,"[""3567228449""]",,,,photo_gap,,pending,"Candidate family/component reference only. Verify visible variant, operator, era and configuration. This is a source record, not a claim about the load-order winner."
3567228449:ammunition/eu_pars_3_lr,eu_pars_3_lr,eu_pars_3_lr,Weapons & ammunition,ammunition,,,,French Helicopter Package,mods-source/3567228449/ammunition/eu_pars_3_lr.ini,"[""3567228449""]",,,,photo_gap,,pending,"Candidate family/component reference only. Verify visible variant, operator, era and configuration. This is a source record, not a claim about the load-order winner."
3567228449:ammunition/fr_a244s_mod1,fr_a244s_mod1,fr_a244s_mod1,Weapons & ammunition,ammunition,,,,French Helicopter Package,mods-source/3567228449/ammunition/fr_a244s_mod1.ini,"[""3567228449""]",,,,photo_gap,,pending,"Candidate family/component reference only. Verify visible variant, operator, era and configuration. This is a source record, not a claim about the load-order winner."
3567228449:ammunition/fr_am-39_Block2,fr_am-39_Block2,fr_am-39_Block2,Weapons & ammunition,ammunition,,,,French Helicopter Package,mods-source/3567228449/ammunition/fr_am-39_Block2.ini,"[""3567228449""]",,,,photo_gap,,pending,"Candidate family/component reference only. Verify visible variant, operator, era and configuration. This is a source record, not a claim about the load-order winner."
3567228449:ammunition/fr_as11,fr_as11,fr_as11,Weapons & ammunition,ammunition,,,,French Helicopter Package,mods-source/3567228449/ammunition/fr_as11.ini,"[""3567228449""]",,,,photo_gap,,pending,"Candidate family/component reference only. Verify visible variant, operator, era and configuration. This is a source record, not a claim about the load-order winner."
3567228449:ammunition/fr_as12,fr_as12,fr_as12,Weapons & ammunition,ammunition,,,,French Helicopter Package,mods-source/3567228449/ammunition/fr_as12.ini,"[""3567228449""]",,,,photo_gap,,pending,"Candidate family/component reference only. Verify visible variant, operator, era and configuration. This is a source record, not a claim about the load-order winner."
"3567228449:ammunition/fr_cal_12,7x99mm","fr_cal_12,7x99mm","fr_cal_12,7x99mm",Weapons & ammunition,ammunition,,,,French Helicopter Package,"mods-source/3567228449/ammunition/fr_cal_12,7x99mm.ini","[""3567228449""]",,,,photo_gap,,pending,"Candidate family/component reference only. Verify visible variant, operator, era and configuration. This is a source record, not a claim about the load-order winner."
3567228449:ammunition/fr_cal_20mm,fr_cal_20mm,fr_cal_20mm,Weapons & ammunition,ammunition,,,,French Helicopter Package,mods-source/3567228449/ammunition/fr_cal_20mm.ini,"[""3567228449""]",,,,photo_gap,,pending,"Candidate family/component reference only. Verify visible variant, operator, era and configuration. This is a source record, not a claim about the load-order winner."
3567228449:ammunition/fr_cal_30x113mm,fr_cal_30x113mm,fr_cal_30x113mm,Weapons & ammunition,ammunition,,,,French Helicopter Package,mods-source/3567228449/ammunition/fr_cal_30x113mm.ini,"[""3567228449""]",,,,photo_gap,,pending,"Candidate family/component reference only. Verify visible variant, operator, era and configuration. This is a source record, not a claim about the load-order winner."
"3567228449:ammunition/fr_cal_7,62x51mm","fr_cal_7,62x51mm","fr_cal_7,62x51mm",Weapons & ammunition,ammunition,,,,French Helicopter Package,"mods-source/3567228449/ammunition/fr_cal_7,62x51mm.ini","[""3567228449""]",,,,photo_gap,,pending,"Candidate family/component reference only. Verify visible variant, operator, era and configuration. This is a source record, not a claim about the load-order winner."
3567228449:ammunition/fr_cal_762x51mm,fr_cal_762x51mm,fr_cal_762x51mm,Weapons & ammunition,ammunition,,,,French Helicopter Package,mods-source/3567228449/ammunition/fr_cal_762x51mm.ini,"[""3567228449""]",,,,photo_gap,,pending,"Candidate family/component reference only. Verify visible variant, operator, era and configuration. This is a source record, not a claim about the load-order winner."
3567228449:ammunition/fr_ec725_gun_pod,fr_ec725_gun_pod,fr_ec725_gun_pod,Weapons & ammunition,ammunition,,,,French Helicopter Package,mods-source/3567228449/ammunition/fr_ec725_gun_pod.ini,"[""3567228449""]",,,,photo_gap,,pending,"Candidate family/component reference only. Verify visible variant, operator, era and configuration. This is a source record, not a claim about the load-order winner."
3567228449:ammunition/fr_f17_mod1,fr_f17_mod1,fr_f17_mod1,Weapons & ammunition,ammunition,,,,French Helicopter Package,mods-source/3567228449/ammunition/fr_f17_mod1.ini,"[""3567228449""]",,,,photo_gap,,pending,"Candidate family/component reference only. Verify visible variant, operator, era and configuration. This is a source record, not a claim about the load-order winner."
3567228449:ammunition/fr_fz-225,fr_fz-225,fr_fz-225,Weapons & ammunition,ammunition,,,,French Helicopter Package,mods-source/3567228449/ammunition/fr_fz-225.ini,"[""3567228449""]",,,,photo_gap,,pending,"Candidate family/component reference only. Verify visible variant, operator, era and configuration. This is a source record, not a claim about the load-order winner."
3567228449:ammunition/fr_hot_3,fr_hot_3,fr_hot_3,Weapons & ammunition,ammunition,,,,French Helicopter Package,mods-source/3567228449/ammunition/fr_hot_3.ini,"[""3567228449""]",,,,photo_gap,,pending,"Candidate family/component reference only. Verify visible variant, operator, era and configuration. This is a source record, not a claim about the load-order winner."
3567228449:ammunition/fr_l3,fr_l3,fr_l3,Weapons & ammunition,ammunition,,,,French Helicopter Package,mods-source/3567228449/ammunition/fr_l3.ini,"[""3567228449""]",,,,photo_gap,,pending,"Candidate family/component reference only. Verify visible variant, operator, era and configuration. This is a source record, not a claim about the load-order winner."
3567228449:ammunition/fr_sa342_gun_pod,fr_sa342_gun_pod,fr_sa342_gun_pod,Weapons & ammunition,ammunition,,,,French Helicopter Package,mods-source/3567228449/ammunition/fr_sa342_gun_pod.ini,"[""3567228449""]",,,,photo_gap,,pending,"Candidate family/component reference only. Verify visible variant, operator, era and configuration. This is a source record, not a claim about the load-order winner."
3567228449:ammunition/fr_sneb,fr_sneb,fr_sneb,Weapons & ammunition,ammunition,,,,French Helicopter Package,mods-source/3567228449/ammunition/fr_sneb.ini,"[""3567228449""]",,,,photo_gap,,pending,"Candidate family/component reference only. Verify visible variant, operator, era and configuration. This is a source record, not a claim about the load-order winner."
3567256221:vessels/fr_edas_afv-ifv,fr_edas_afv-ifv,EDAS (infantry/armored fighting vehicle loadout),Ships,vessels,Vessel,,,Charles De Gaulle & Modern French Navy,mods-source/3567256221/vessels/fr_edas_afv-ifv.ini,"[""3567256221""]",,,,photo_gap,,pending,"Candidate family/component reference only. Verify visible variant, operator, era and configuration. This is a source record, not a claim about the load-order winner."
3567256221:vessels/fr_edas_apc,fr_edas_apc,EDAS (armoured personnel carrier loadout),Ships,vessels,Vessel,,,Charles De Gaulle & Modern French Navy,mods-source/3567256221/vessels/fr_edas_apc.ini,"[""3567256221""]",,,,photo_gap,,pending,"Candidate family/component reference only. Verify visible variant, operator, era and configuration. This is a source record, not a claim about the load-order winner."
3567256221:vessels/fr_edas_artillery,fr_edas_artillery,EDAS (artillery vehicle loadout),Ships,vessels,Vessel,,,Charles De Gaulle & Modern French Navy,mods-source/3567256221/vessels/fr_edas_artillery.ini,"[""3567256221""]",,,,photo_gap,,pending,"Candidate family/component reference only. Verify visible variant, operator, era and configuration. This is a source record, not a claim about the load-order winner."
3567256221:vessels/fr_edas_empty,fr_edas_empty,EDAS,Ships,vessels,Vessel,,,Charles De Gaulle & Modern French Navy,mods-source/3567256221/vessels/fr_edas_empty.ini,"[""3567256221""]",,,,photo_gap,,pending,"Candidate family/component reference only. Verify visible variant, operator, era and configuration. This is a source record, not a claim about the load-order winner."
3567256221:vessels/fr_edas_tank,fr_edas_tank,EDAS (tank loadout),Ships,vessels,Vessel,,,Charles De Gaulle & Modern French Navy,mods-source/3567256221/vessels/fr_edas_tank.ini,"[""3567256221""]",,,,photo_gap,,pending,"Candidate family/component reference only. Verify visible variant, operator, era and configuration. This is a source record, not a claim about the load-order winner."
3567256221:vessels/fr_edas_vl,fr_edas_vl,EDAS (light vehicle loadout),Ships,vessels,Vessel,,,Charles De Gaulle & Modern French Navy,mods-source/3567256221/vessels/fr_edas_vl.ini,"[""3567256221""]",,,,photo_gap,,pending,"Candidate family/component reference only. Verify visible variant, operator, era and configuration. This is a source record, not a claim about the load-order winner."
3567256221:vessels/fr_raft_fm,fr_raft_fm,Fusiliers marins,Ships,vessels,Vessel,,,Charles De Gaulle & Modern French Navy,mods-source/3567256221/vessels/fr_raft_fm.ini,"[""3567256221""]",,,,photo_gap,,pending,"Candidate family/component reference only. Verify visible variant, operator, era and configuration. This is a source record, not a claim about the load-order winner."
3567256221:vessels/fr_raft_sof_black,fr_raft_sof_black,Commandos Marine (black version),Ships,vessels,Vessel,,,Charles De Gaulle & Modern French Navy,mods-source/3567256221/vessels/fr_raft_sof_black.ini,"[""3567256221""]",,,,photo_gap,,pending,"Candidate family/component reference only. Verify visible variant, operator, era and configuration. This is a source record, not a claim about the load-order winner."
3567256221:vessels/fr_raft_sof_bme,fr_raft_sof_bme,Commandos Marine (BME version),Ships,vessels,Vessel,,,Charles De Gaulle & Modern French Navy,mods-source/3567256221/vessels/fr_raft_sof_bme.ini,"[""3567256221""]",,,,photo_gap,,pending,"Candidate family/component reference only. Verify visible variant, operator, era and configuration. This is a source record, not a claim about the load-order winner."
3567256221:vessels/fr_ss_psm3g,fr_ss_psm3g,Commandos Marine,Submarines,vessels,Submarine,,,Charles De Gaulle & Modern French Navy,mods-source/3567256221/vessels/fr_ss_psm3g.ini,"[""3567256221""]",,,,photo_gap,,pending,"Candidate family/component reference only. Verify visible variant, operator, era and configuration. This is a source record, not a claim about the load-order winner."
3567256221:vessels/fr_ssbn_triomphant,fr_ssbn_triomphant,Triomphant-class,Submarines,vessels,Submarine,,,Charles De Gaulle & Modern French Navy,mods-source/3567256221/vessels/fr_ssbn_triomphant.ini,"[""3567256221""]",,,,photo_gap,,pending,"Candidate family/component reference only. Verify visible variant, operator, era and configuration. This is a source record, not a claim about the load-order winner."
3567256221:vessels/fr_ssn_rubis,fr_ssn_rubis,Rubis class,Submarines,vessels,Submarine,,,Charles De Gaulle & Modern French Navy,mods-source/3567256221/vessels/fr_ssn_rubis.ini,"[""3567256221""]",,,,photo_gap,,pending,"Candidate family/component reference only. Verify visible variant, operator, era and configuration. This is a source record, not a claim about the load-order winner."
3567256221:vessels/fr_ssn_suffren,fr_ssn_suffren,Suffren-class,Submarines,vessels,Submarine,,,Charles De Gaulle & Modern French Navy,mods-source/3567256221/vessels/fr_ssn_suffren.ini,"[""3567256221""]",,,,photo_gap,,pending,"Candidate family/component reference only. Verify visible variant, operator, era and configuration. This is a source record, not a claim about the load-order winner."
3567256221:vessels/fr_ssn_suffren_dds,fr_ssn_suffren_dds,Suffren-class (DDS),Submarines,vessels,Submarine,,,Charles De Gaulle & Modern French Navy,mods-source/3567256221/vessels/fr_ssn_suffren_dds.ini,"[""3567256221""]",,,,photo_gap,,pending,"Candidate family/component reference only. Verify visible variant, operator, era and configuration. This is a source record, not a claim about the load-order winner."
3567256221:ammunition/fr__f21,fr__f21,fr__f21,Weapons & ammunition,ammunition,,,,Charles De Gaulle & Modern French Navy,mods-source/3567256221/ammunition/fr__f21.ini,"[""3567256221""]",,,,photo_gap,,pending,"Candidate family/component reference only. Verify visible variant, operator, era and configuration. This is a source record, not a claim about the load-order winner."
3567256221:ammunition/fr__m51,fr__m51,fr__m51,Weapons & ammunition,ammunition,,,,Charles De Gaulle & Modern French Navy,mods-source/3567256221/ammunition/fr__m51.ini,"[""3567256221""]",,,,photo_gap,,pending,"Candidate family/component reference only. Verify visible variant, operator, era and configuration. This is a source record, not a claim about the load-order winner."
3567256221:ammunition/fr__mdcn,fr__mdcn,fr__mdcn,Weapons & ammunition,ammunition,,,,Charles De Gaulle & Modern French Navy,mods-source/3567256221/ammunition/fr__mdcn.ini,"[""3567256221""]",,,,photo_gap,,pending,"Candidate family/component reference only. Verify visible variant, operator, era and configuration. This is a source record, not a claim about the load-order winner."
3567256221:ammunition/fr__mdcn_sub,fr__mdcn_sub,fr__mdcn_sub,Weapons & ammunition,ammunition,,,,Charles De Gaulle & Modern French Navy,mods-source/3567256221/ammunition/fr__mdcn_sub.ini,"[""3567256221""]",,,,photo_gap,,pending,"Candidate family/component reference only. Verify visible variant, operator, era and configuration. This is a source record, not a claim about the load-order winner."
3567256221:ammunition/fr_am-39_B2,fr_am-39_B2,fr_am-39_B2,Weapons & ammunition,ammunition,,,,Charles De Gaulle & Modern French Navy,mods-source/3567256221/ammunition/fr_am-39_B2.ini,"[""3567256221""]",,,,photo_gap,,pending,"Candidate family/component reference only. Verify visible variant, operator, era and configuration. This is a source record, not a claim about the load-order winner."
3567256221:ammunition/fr_cal_100mm,fr_cal_100mm,fr_cal_100mm,Weapons & ammunition,ammunition,,,,Charles De Gaulle & Modern French Navy,mods-source/3567256221/ammunition/fr_cal_100mm.ini,"[""3567256221""]",,,,photo_gap,,pending,"Candidate family/component reference only. Verify visible variant, operator, era and configuration. This is a source record, not a claim about the load-order winner."
"3567256221:ammunition/fr_cal_12,7x99mm","fr_cal_12,7x99mm","fr_cal_12,7x99mm",Weapons & ammunition,ammunition,,,,Charles De Gaulle & Modern French Navy,"mods-source/3567256221/ammunition/fr_cal_12,7x99mm.ini","[""3567256221""]",,,,photo_gap,,pending,"Candidate family/component reference only. Verify visible variant, operator, era and configuration. This is a source record, not a claim about the load-order winner."
3567256221:ammunition/fr_cal_20mm,fr_cal_20mm,fr_cal_20mm,Weapons & ammunition,ammunition,,,,Charles De Gaulle & Modern French Navy,mods-source/3567256221/ammunition/fr_cal_20mm.ini,"[""3567256221""]",,,,photo_gap,,pending,"Candidate family/component reference only. Verify visible variant, operator, era and configuration. This is a source record, not a claim about the load-order winner."
"3567256221:ammunition/fr_cal_7,62x51mm","fr_cal_7,62x51mm","fr_cal_7,62x51mm",Weapons & ammunition,ammunition,,,,Charles De Gaulle & Modern French Navy,"mods-source/3567256221/ammunition/fr_cal_7,62x51mm.ini","[""3567256221""]",,,,photo_gap,,pending,"Candidate family/component reference only. Verify visible variant, operator, era and configuration. This is a source record, not a claim about the load-order winner."
3567256221:ammunition/fr_cal_76mm,fr_cal_76mm,fr_cal_76mm,Weapons & ammunition,ammunition,,,,Charles De Gaulle & Modern French Navy,mods-source/3567256221/ammunition/fr_cal_76mm.ini,"[""3567256221""]",,,,photo_gap,,pending,"Candidate family/component reference only. Verify visible variant, operator, era and configuration. This is a source record, not a claim about the load-order winner."
3567256221:ammunition/fr_canto,fr_canto,fr_canto,Weapons & ammunition,ammunition,,,,Charles De Gaulle & Modern French Navy,mods-source/3567256221/ammunition/fr_canto.ini,"[""3567256221""]",,,,photo_gap,,pending,"Candidate family/component reference only. Verify visible variant, operator, era and configuration. This is a source record, not a claim about the load-order winner."
3567256221:ammunition/fr_ngds_sealem_chaff,fr_ngds_sealem_chaff,fr_ngds_sealem_chaff,Weapons & ammunition,ammunition,,,,Charles De Gaulle & Modern French Navy,mods-source/3567256221/ammunition/fr_ngds_sealem_chaff.ini,"[""3567256221""]",,,,photo_gap,,pending,"Candidate family/component reference only. Verify visible variant, operator, era and configuration. This is a source record, not a claim about the load-order winner."
3567256221:ammunition/fr_sylena_chaff,fr_sylena_chaff,fr_sylena_chaff,Weapons & ammunition,ammunition,,,,Charles De Gaulle & Modern French Navy,mods-source/3567256221/ammunition/fr_sylena_chaff.ini,"[""3567256221""]",,,,photo_gap,,pending,"Candidate family/component reference only. Verify visible variant, operator, era and configuration. This is a source record, not a claim about the load-order winner."
3575847216:vessels/ger_ffg_f123_2012_MVP,ger_ffg_f123_2012_MVP,F123 Brandenburg-class MVP,Ships,vessels,Vessel,,,Euromod-Addon Modern German Navy,mods-source/3575847216/vessels/ger_ffg_f123_2012_MVP.ini,"[""3575847216""]",,,,photo_gap,,pending,"Candidate family/component reference only. Verify visible variant, operator, era and configuration. This is a source record, not a claim about the load-order winner."
3575847216:vessels/ger_ffg_f124_ASMD,ger_ffg_f124_ASMD,F124 Sachsen-class,Ships,vessels,Vessel,,,Euromod-Addon Modern German Navy,mods-source/3575847216/vessels/ger_ffg_f124_ASMD.ini,"[""3575847216""]",,,,photo_gap,,pending,"Candidate family/component reference only. Verify visible variant, operator, era and configuration. This is a source record, not a claim about the load-order winner."
3575847216:vessels/ger_ffg_f124_MLU,ger_ffg_f124_MLU,F124 Sachsen-class MLU,Ships,vessels,Vessel,,,Euromod-Addon Modern German Navy,mods-source/3575847216/vessels/ger_ffg_f124_MLU.ini,"[""3575847216""]",,,,photo_gap,,pending,"Candidate family/component reference only. Verify visible variant, operator, era and configuration. This is a source record, not a claim about the load-order winner."
3575847216:vessels/ger_ffg_f125_MLU,ger_ffg_f125_MLU,F125 Baden-Wuerttemberg-class MLU,Ships,vessels,Vessel,,,Euromod-Addon Modern German Navy,mods-source/3575847216/vessels/ger_ffg_f125_MLU.ini,"[""3575847216""]",,,,photo_gap,,pending,"Candidate family/component reference only. Verify visible variant, operator, era and configuration. This is a source record, not a claim about the load-order winner."
3575847216:vessels/ger_ffg_f127,ger_ffg_f127,F127-class (Batch 1),Ships,vessels,Vessel,,,Euromod-Addon Modern German Navy,mods-source/3575847216/vessels/ger_ffg_f127.ini,"[""3575847216""]",,,,photo_gap,,pending,"Candidate family/component reference only. Verify visible variant, operator, era and configuration. This is a source record, not a claim about the load-order winner."
3575847216:vessels/ger_ffg_f127_batch2,ger_ffg_f127_batch2,F127-class (Batch 2),Ships,vessels,Vessel,,,Euromod-Addon Modern German Navy,mods-source/3575847216/vessels/ger_ffg_f127_batch2.ini,"[""3575847216""]",,,,photo_gap,,pending,"Candidate family/component reference only. Verify visible variant, operator, era and configuration. This is a source record, not a claim about the load-order winner."
3575847216:vessels/ger_ssk_type_212a_batch1,ger_ssk_type_212a_batch1,Type 212A-class (Batch 1),Submarines,vessels,Submarine,,,Euromod-Addon Modern German Navy,mods-source/3575847216/vessels/ger_ssk_type_212a_batch1.ini,"[""3575847216""]",,,,photo_gap,,pending,"Candidate family/component reference only. Verify visible variant, operator, era and configuration. This is a source record, not a claim about the load-order winner."
3575847216:vessels/ger_ssk_type_212a_batch1_upgraded,ger_ssk_type_212a_batch1_upgraded,Type 212A-class (Batch 1 Upgraded),Submarines,vessels,Submarine,,,Euromod-Addon Modern German Navy,mods-source/3575847216/vessels/ger_ssk_type_212a_batch1_upgraded.ini,"[""3575847216""]",,,,photo_gap,,pending,"Candidate family/component reference only. Verify visible variant, operator, era and configuration. This is a source record, not a claim about the load-order winner."
3575847216:ammunition/ger_cal_155mm,ger_cal_155mm,ger_cal_155mm,Weapons & ammunition,ammunition,,,,Euromod-Addon Modern German Navy,mods-source/3575847216/ammunition/ger_cal_155mm.ini,"[""3575847216""]",,,,photo_gap,,pending,"Candidate family/component reference only. Verify visible variant, operator, era and configuration. This is a source record, not a claim about the load-order winner."
3587091564:ammunition/wp_3m-25,wp_3m-25,wp_3m-25,Weapons & ammunition,ammunition,,,,P-750 Meteorit-A,mods-source/3587091564/ammunition/wp_3m-25.ini,"[""3587091564""]",,,,photo_gap,,pending,"Candidate family/component reference only. Verify visible variant, operator, era and configuration. This is a source record, not a claim about the load-order winner."
3587877691:ammunition/eu_cal_27mm,eu_cal_27mm,eu_cal_27mm,Weapons & ammunition,ammunition,,,,Eurofighter Typhoon,mods-source/3587877691/ammunition/eu_cal_27mm.ini,"[""3587877691""]",,,,photo_gap,,pending,"Candidate family/component reference only. Verify visible variant, operator, era and configuration. This is a source record, not a claim about the load-order winner."
3587877691:ammunition/eu_mk_18,eu_mk_18,eu_mk_18,Weapons & ammunition,ammunition,,,,Eurofighter Typhoon,mods-source/3587877691/ammunition/eu_mk_18.ini,"[""3587877691""]",,,,photo_gap,,pending,"Candidate family/component reference only. Verify visible variant, operator, era and configuration. This is a source record, not a claim about the load-order winner."
3587877691:ammunition/eu_tank_1000,eu_tank_1000,eu_tank_1000,Weapons & ammunition,ammunition,,,,Eurofighter Typhoon,mods-source/3587877691/ammunition/eu_tank_1000.ini,"[""3587877691""]",,,,photo_gap,,pending,"Candidate family/component reference only. Verify visible variant, operator, era and configuration. This is a source record, not a claim about the load-order winner."
3587877691:ammunition/raf_aim-132,raf_aim-132,raf_aim-132,Weapons & ammunition,ammunition,,,,Eurofighter Typhoon,mods-source/3587877691/ammunition/raf_aim-132.ini,"[""3587877691""]",,,,photo_gap,,pending,"Candidate family/component reference only. Verify visible variant, operator, era and configuration. This is a source record, not a claim about the load-order winner."
3590477166:ammunition/usn_agm-114k_LQS,usn_agm-114k_LQS,usn_agm-114k_LQS,Weapons & ammunition,ammunition,,,,MH-60R,mods-source/3590477166/ammunition/usn_agm-114k_LQS.ini,"[""3590477166""]",,,,photo_gap,,pending,"Candidate family/component reference only. Verify visible variant, operator, era and configuration. This is a source record, not a claim about the load-order winner."
3590477166:ammunition/usn_mk50_air_LQS,usn_mk50_air_LQS,usn_mk50_air_LQS,Weapons & ammunition,ammunition,,,,MH-60R,mods-source/3590477166/ammunition/usn_mk50_air_LQS.ini,"[""3590477166""]",,,,photo_gap,,pending,"Candidate family/component reference only. Verify visible variant, operator, era and configuration. This is a source record, not a claim about the load-order winner."
3590477166:ammunition/usn_ssq-75_LQS,usn_ssq-75_LQS,usn_ssq-75_LQS,Weapons & ammunition,ammunition,,,,MH-60R,mods-source/3590477166/ammunition/usn_ssq-75_LQS.ini,"[""3590477166""]",,,,photo_gap,,pending,"Candidate family/component reference only. Verify visible variant, operator, era and configuration. This is a source record, not a claim about the load-order winner."
3590477166:ammunition/usn_ssq-77c_LQS,usn_ssq-77c_LQS,usn_ssq-77c_LQS,Weapons & ammunition,ammunition,,,,MH-60R,mods-source/3590477166/ammunition/usn_ssq-77c_LQS.ini,"[""3590477166""]",,,,photo_gap,,pending,"Candidate family/component reference only. Verify visible variant, operator, era and configuration. This is a source record, not a claim about the load-order winner."
3591563716:ammunition/plaaf_ld-8a_LQS,plaaf_ld-8a_LQS,plaaf_ld-8a_LQS,Weapons & ammunition,ammunition,,,,J-20A,mods-source/3591563716/ammunition/plaaf_ld-8a_LQS.ini,"[""3591563716""]",,,,photo_gap,,pending,"Candidate family/component reference only. Verify visible variant, operator, era and configuration. This is a source record, not a claim about the load-order winner."
3591563716:ammunition/plaaf_ls-6_500_LQS,plaaf_ls-6_500_LQS,plaaf_ls-6_500_LQS,Weapons & ammunition,ammunition,,,,J-20A,mods-source/3591563716/ammunition/plaaf_ls-6_500_LQS.ini,"[""3591563716""]",,,,photo_gap,,pending,"Candidate family/component reference only. Verify visible variant, operator, era and configuration. This is a source record, not a claim about the load-order winner."
3591563716:ammunition/plaaf_pl-10_LQS,plaaf_pl-10_LQS,plaaf_pl-10_LQS,Weapons & ammunition,ammunition,,,,J-20A,mods-source/3591563716/ammunition/plaaf_pl-10_LQS.ini,"[""3591563716""]",,,,photo_gap,,pending,"Candidate family/component reference only. Verify visible variant, operator, era and configuration. This is a source record, not a claim about the load-order winner."
3591563716:ammunition/plaaf_pl-16_LQS,plaaf_pl-16_LQS,plaaf_pl-16_LQS,Weapons & ammunition,ammunition,,,,J-20A,mods-source/3591563716/ammunition/plaaf_pl-16_LQS.ini,"[""3591563716""]",,,,photo_gap,,pending,"Candidate family/component reference only. Verify visible variant, operator, era and configuration. This is a source record, not a claim about the load-order winner."
3591563716:ammunition/plaaf_pl-17_LQS,plaaf_pl-17_LQS,plaaf_pl-17_LQS,Weapons & ammunition,ammunition,,,,J-20A,mods-source/3591563716/ammunition/plaaf_pl-17_LQS.ini,"[""3591563716""]",,,,photo_gap,,pending,"Candidate family/component reference only. Verify visible variant, operator, era and configuration. This is a source record, not a claim about the load-order winner."
3591563716:ammunition/plaaf_tl-20_LQS,plaaf_tl-20_LQS,plaaf_tl-20_LQS,Weapons & ammunition,ammunition,,,,J-20A,mods-source/3591563716/ammunition/plaaf_tl-20_LQS.ini,"[""3591563716""]",,,,photo_gap,,pending,"Candidate family/component reference only. Verify visible variant, operator, era and configuration. This is a source record, not a claim about the load-order winner."
3591820675:ammunition/fr_r530,fr_r530,fr_r530,Weapons & ammunition,ammunition,,,,F-8 Crusader,mods-source/3591820675/ammunition/fr_r530.ini,"[""3591820675""]",,,,photo_gap,,pending,"Candidate family/component reference only. Verify visible variant, operator, era and configuration. This is a source record, not a claim about the load-order winner."
3591820675:ammunition/fr_r530e,fr_r530e,fr_r530e,Weapons & ammunition,ammunition,,,,F-8 Crusader,mods-source/3591820675/ammunition/fr_r530e.ini,"[""3591820675""]",,,,photo_gap,,pending,"Candidate family/component reference only. Verify visible variant, operator, era and configuration. This is a source record, not a claim about the load-order winner."
3591820675:ammunition/fr_r550-2,fr_r550-2,fr_r550-2,Weapons & ammunition,ammunition,,,,F-8 Crusader,mods-source/3591820675/ammunition/fr_r550-2.ini,"[""3591820675""]",,,,photo_gap,,pending,"Candidate family/component reference only. Verify visible variant, operator, era and configuration. This is a source record, not a claim about the load-order winner."
3591820675:ammunition/usn_lau-33,usn_lau-33,usn_lau-33,Weapons & ammunition,ammunition,,,,F-8 Crusader,mods-source/3591820675/ammunition/usn_lau-33.ini,"[""3591820675""]",,,,photo_gap,,pending,"Candidate family/component reference only. Verify visible variant, operator, era and configuration. This is a source record, not a claim about the load-order winner."
3592460366:land_units/airbase_us,airbase_us,U.S. Air Force Base,Bases & installations,land_units,LandUnit,Airbase,,Modern US Airbase,mods-source/3592460366/land_units/airbase_us.ini,"[""3592460366""]",,,,photo_gap,,pending,"Candidate family/component reference only. Verify visible variant, operator, era and configuration. This is a source record, not a claim about the load-order winner."
3594891803:vessels/plan_ss_type_039,plan_ss_type_039,Type 039 Song-class,Submarines,vessels,Submarine,,,"PLAN Submarines (039, 039A/B/C, 093/093A/093B, 094/094A)",mods-source/3594891803/vessels/plan_ss_type_039.ini,"[""3594891803""]",,,,photo_gap,,pending,"Candidate family/component reference only. Verify visible variant, operator, era and configuration. This is a source record, not a claim about the load-order winner."
3594891803:vessels/plan_ss_type_039a,plan_ss_type_039a,Type 039A Yuan-class,Submarines,vessels,Submarine,,,"PLAN Submarines (039, 039A/B/C, 093/093A/093B, 094/094A)",mods-source/3594891803/vessels/plan_ss_type_039a.ini,"[""3594891803""]",,,,photo_gap,,pending,"Candidate family/component reference only. Verify visible variant, operator, era and configuration. This is a source record, not a claim about the load-order winner."
3594891803:vessels/plan_ss_type_039b,plan_ss_type_039b,Type 039B Yuan-class,Submarines,vessels,Submarine,,,"PLAN Submarines (039, 039A/B/C, 093/093A/093B, 094/094A)",mods-source/3594891803/vessels/plan_ss_type_039b.ini,"[""3594891803""]",,,,photo_gap,,pending,"Candidate family/component reference only. Verify visible variant, operator, era and configuration. This is a source record, not a claim about the load-order winner."
3594891803:vessels/plan_ss_type_039c,plan_ss_type_039c,Type 039C Yuan-class,Submarines,vessels,Submarine,,,"PLAN Submarines (039, 039A/B/C, 093/093A/093B, 094/094A)",mods-source/3594891803/vessels/plan_ss_type_039c.ini,"[""3594891803""]",,,,photo_gap,,pending,"Candidate family/component reference only. Verify visible variant, operator, era and configuration. This is a source record, not a claim about the load-order winner."
3594891803:vessels/plan_ssbn_type_096,plan_ssbn_type_096,Type 096 Sui-class,Submarines,vessels,Submarine,,,"PLAN Submarines (039, 039A/B/C, 093/093A/093B, 094/094A)",mods-source/3594891803/vessels/plan_ssbn_type_096.ini,"[""3594891803""]",,,,photo_gap,,pending,"Candidate family/component reference only. Verify visible variant, operator, era and configuration. This is a source record, not a claim about the load-order winner."
3594891803:vessels/plan_ssn_type_093,plan_ssn_type_093,Type 093 Shang I-class SSN,Submarines,vessels,Submarine,,,"PLAN Submarines (039, 039A/B/C, 093/093A/093B, 094/094A)",mods-source/3594891803/vessels/plan_ssn_type_093.ini,"[""3594891803""]",,,,photo_gap,,pending,"Candidate family/component reference only. Verify visible variant, operator, era and configuration. This is a source record, not a claim about the load-order winner."
3594891803:vessels/plan_ssn_type_093a,plan_ssn_type_093a,Type 093A Shang II-class SSN,Submarines,vessels,Submarine,,,"PLAN Submarines (039, 039A/B/C, 093/093A/093B, 094/094A)",mods-source/3594891803/vessels/plan_ssn_type_093a.ini,"[""3594891803""]",,,,photo_gap,,pending,"Candidate family/component reference only. Verify visible variant, operator, era and configuration. This is a source record, not a claim about the load-order winner."
3594891803:vessels/plan_ssn_type_093b,plan_ssn_type_093b,Type 093B Shang III-class SSN,Submarines,vessels,Submarine,,,"PLAN Submarines (039, 039A/B/C, 093/093A/093B, 094/094A)",mods-source/3594891803/vessels/plan_ssn_type_093b.ini,"[""3594891803""]",,,,photo_gap,,pending,"Candidate family/component reference only. Verify visible variant, operator, era and configuration. This is a source record, not a claim about the load-order winner."
3594891803:vessels/plan_ssn_type_095,plan_ssn_type_095,Type 095 Tang-class,Submarines,vessels,Submarine,,,"PLAN Submarines (039, 039A/B/C, 093/093A/093B, 094/094A)",mods-source/3594891803/vessels/plan_ssn_type_095.ini,"[""3594891803""]",,,,photo_gap,,pending,"Candidate family/component reference only. Verify visible variant, operator, era and configuration. This is a source record, not a claim about the load-order winner."
3594891803:vessels/plan_ssn_type_09x,plan_ssn_type_09x,Type 09X Tang II-class,Submarines,vessels,Submarine,,,"PLAN Submarines (039, 039A/B/C, 093/093A/093B, 094/094A)",mods-source/3594891803/vessels/plan_ssn_type_09x.ini,"[""3594891803""]",,,,photo_gap,,pending,"Candidate family/component reference only. Verify visible variant, operator, era and configuration. This is a source record, not a claim about the load-order winner."
3594891803:ammunition/pla_jl-3,pla_jl-3,pla_jl-3,Weapons & ammunition,ammunition,,,,"PLAN Submarines (039, 039A/B/C, 093/093A/093B, 094/094A)",mods-source/3594891803/ammunition/pla_jl-3.ini,"[""3594891803""]",,,,photo_gap,,pending,"Candidate family/component reference only. Verify visible variant, operator, era and configuration. This is a source record, not a claim about the load-order winner."
3594891803:ammunition/pla_yj-12,pla_yj-12,pla_yj-12,Weapons & ammunition,ammunition,,,,"PLAN Submarines (039, 039A/B/C, 093/093A/093B, 094/094A)",mods-source/3594891803/ammunition/pla_yj-12.ini,"[""3594891803""]",,,,photo_gap,,pending,"Candidate family/component reference only. Verify visible variant, operator, era and configuration. This is a source record, not a claim about the load-order winner."
3594891803:ammunition/pla_yj-18,pla_yj-18,pla_yj-18,Weapons & ammunition,ammunition,,,,"PLAN Submarines (039, 039A/B/C, 093/093A/093B, 094/094A)",mods-source/3594891803/ammunition/pla_yj-18.ini,"[""3594891803""]",,,,photo_gap,,pending,"Candidate family/component reference only. Verify visible variant, operator, era and configuration. This is a source record, not a claim about the load-order winner."
3594891803:ammunition/pla_yu-6,pla_yu-6,pla_yu-6,Weapons & ammunition,ammunition,,,,"PLAN Submarines (039, 039A/B/C, 093/093A/093B, 094/094A)",mods-source/3594891803/ammunition/pla_yu-6.ini,"[""3594891803""]",,,,photo_gap,,pending,"Candidate family/component reference only. Verify visible variant, operator, era and configuration. This is a source record, not a claim about the load-order winner."
3597650470:vessels/rfn_cvt_21631,rfn_cvt_21631,Project 21631 Buyan-m,Ships,vessels,Vessel,,,Russian Navy 21,mods-source/3597650470/vessels/rfn_cvt_21631.ini,"[""3597650470""]",,,,photo_gap,,pending,"Candidate family/component reference only. Verify visible variant, operator, era and configuration. This is a source record, not a claim about the load-order winner."
3597650470:vessels/rfn_ddg_21956_early,rfn_ddg_21956_early,Project 21956 Reshitelny early,Ships,vessels,Vessel,,,Russian Navy 21,mods-source/3597650470/vessels/rfn_ddg_21956_early.ini,"[""3597650470""]",,,,photo_gap,,pending,"Candidate family/component reference only. Verify visible variant, operator, era and configuration. This is a source record, not a claim about the load-order winner."
3597650470:vessels/rfn_ddg_21956_late,rfn_ddg_21956_late,Project 21956 Reshitelny late,Ships,vessels,Vessel,,,Russian Navy 21,mods-source/3597650470/vessels/rfn_ddg_21956_late.ini,"[""3597650470""]",,,,photo_gap,,pending,"Candidate family/component reference only. Verify visible variant, operator, era and configuration. This is a source record, not a claim about the load-order winner."
3597650470:vessels/rfn_ddg_21956m,rfn_ddg_21956m,Project 21956m Rezvy,Ships,vessels,Vessel,,,Russian Navy 21,mods-source/3597650470/vessels/rfn_ddg_21956m.ini,"[""3597650470""]",,,,photo_gap,,pending,"Candidate family/component reference only. Verify visible variant, operator, era and configuration. This is a source record, not a claim about the load-order winner."
3597650470:vessels/rfn_ffg_11356,rfn_ffg_11356,Project 11356R Admiral Grigorovich,Ships,vessels,Vessel,,,Russian Navy 21,mods-source/3597650470/vessels/rfn_ffg_11356.ini,"[""3597650470""]",,,,photo_gap,,pending,"Candidate family/component reference only. Verify visible variant, operator, era and configuration. This is a source record, not a claim about the load-order winner."
3597650470:vessels/rfn_lha_11780,rfn_lha_11780,Project 11780 Kherson,Ships,vessels,Vessel,,,Russian Navy 21,mods-source/3597650470/vessels/rfn_lha_11780.ini,"[""3597650470""]",,,,photo_gap,,pending,"Candidate family/component reference only. Verify visible variant, operator, era and configuration. This is a source record, not a claim about the load-order winner."
3597650470:ammunition/rfn_3m14,rfn_3m14,rfn_3m14,Weapons & ammunition,ammunition,,,,Russian Navy 21,mods-source/3597650470/ammunition/rfn_3m14.ini,"[""3597650470""]",,,,photo_gap,,pending,"Candidate family/component reference only. Verify visible variant, operator, era and configuration. This is a source record, not a claim about the load-order winner."
3597650470:ammunition/rfn_3m14t,rfn_3m14t,rfn_3m14t,Weapons & ammunition,ammunition,,,,Russian Navy 21,mods-source/3597650470/ammunition/rfn_3m14t.ini,"[""3597650470""]",,,,photo_gap,,pending,"Candidate family/component reference only. Verify visible variant, operator, era and configuration. This is a source record, not a claim about the load-order winner."
3597650470:ammunition/rfn_3m22,rfn_3m22,rfn_3m22,Weapons & ammunition,ammunition,,,,Russian Navy 21,mods-source/3597650470/ammunition/rfn_3m22.ini,"[""3597650470""]",,,,photo_gap,,pending,"Candidate family/component reference only. Verify visible variant, operator, era and configuration. This is a source record, not a claim about the load-order winner."
3597650470:ammunition/rfn_3m24,rfn_3m24,rfn_3m24,Weapons & ammunition,ammunition,,,,Russian Navy 21,mods-source/3597650470/ammunition/rfn_3m24.ini,"[""3597650470""]",,,,photo_gap,,pending,"Candidate family/component reference only. Verify visible variant, operator, era and configuration. This is a source record, not a claim about the load-order winner."
3597650470:ammunition/rfn_3m24ud,rfn_3m24ud,rfn_3m24ud,Weapons & ammunition,ammunition,,,,Russian Navy 21,mods-source/3597650470/ammunition/rfn_3m24ud.ini,"[""3597650470""]",,,,photo_gap,,pending,"Candidate family/component reference only. Verify visible variant, operator, era and configuration. This is a source record, not a claim about the load-order winner."
3597650470:ammunition/rfn_3m54,rfn_3m54,rfn_3m54,Weapons & ammunition,ammunition,,,,Russian Navy 21,mods-source/3597650470/ammunition/rfn_3m54.ini,"[""3597650470""]",,,,photo_gap,,pending,"Candidate family/component reference only. Verify visible variant, operator, era and configuration. This is a source record, not a claim about the load-order winner."
3597650470:ammunition/rfn_3m54t,rfn_3m54t,rfn_3m54t,Weapons & ammunition,ammunition,,,,Russian Navy 21,mods-source/3597650470/ammunition/rfn_3m54t.ini,"[""3597650470""]",,,,photo_gap,,pending,"Candidate family/component reference only. Verify visible variant, operator, era and configuration. This is a source record, not a claim about the load-order winner."
3597650470:ammunition/rfn_91r1,rfn_91r1,rfn_91r1,Weapons & ammunition,ammunition,,,,Russian Navy 21,mods-source/3597650470/ammunition/rfn_91r1.ini,"[""3597650470""]",,,,photo_gap,,pending,"Candidate family/component reference only. Verify visible variant, operator, era and configuration. This is a source record, not a claim about the load-order winner."
3597650470:ammunition/rfn_9m100,rfn_9m100,rfn_9m100,Weapons & ammunition,ammunition,,,,Russian Navy 21,mods-source/3597650470/ammunition/rfn_9m100.ini,"[""3597650470""]",,,,photo_gap,,pending,"Candidate family/component reference only. Verify visible variant, operator, era and configuration. This is a source record, not a claim about the load-order winner."
3597650470:ammunition/rfn_9m100e,rfn_9m100e,rfn_9m100e,Weapons & ammunition,ammunition,,,,Russian Navy 21,mods-source/3597650470/ammunition/rfn_9m100e.ini,"[""3597650470""]",,,,photo_gap,,pending,"Candidate family/component reference only. Verify visible variant, operator, era and configuration. This is a source record, not a claim about the load-order winner."
3597650470:ammunition/rfn_9m317m,rfn_9m317m,rfn_9m317m,Weapons & ammunition,ammunition,,,,Russian Navy 21,mods-source/3597650470/ammunition/rfn_9m317m.ini,"[""3597650470""]",,,,photo_gap,,pending,"Candidate family/component reference only. Verify visible variant, operator, era and configuration. This is a source record, not a claim about the load-order winner."
3597650470:ammunition/rfn_9m331m,rfn_9m331m,rfn_9m331m,Weapons & ammunition,ammunition,,,,Russian Navy 21,mods-source/3597650470/ammunition/rfn_9m331m.ini,"[""3597650470""]",,,,photo_gap,,pending,"Candidate family/component reference only. Verify visible variant, operator, era and configuration. This is a source record, not a claim about the load-order winner."
3597650470:ammunition/rfn_9m336,rfn_9m336,rfn_9m336,Weapons & ammunition,ammunition,,,,Russian Navy 21,mods-source/3597650470/ammunition/rfn_9m336.ini,"[""3597650470""]",,,,photo_gap,,pending,"Candidate family/component reference only. Verify visible variant, operator, era and configuration. This is a source record, not a claim about the load-order winner."
3597650470:ammunition/rfn_9m337,rfn_9m337,rfn_9m337,Weapons & ammunition,ammunition,,,,Russian Navy 21,mods-source/3597650470/ammunition/rfn_9m337.ini,"[""3597650470""]",,,,photo_gap,,pending,"Candidate family/component reference only. Verify visible variant, operator, era and configuration. This is a source record, not a claim about the load-order winner."
3597650470:ammunition/rfn_cal_100mm,rfn_cal_100mm,rfn_cal_100mm,Weapons & ammunition,ammunition,,,,Russian Navy 21,mods-source/3597650470/ammunition/rfn_cal_100mm.ini,"[""3597650470""]",,,,photo_gap,,pending,"Candidate family/component reference only. Verify visible variant, operator, era and configuration. This is a source record, not a claim about the load-order winner."
3597650470:ammunition/rfn_cal_130mm,rfn_cal_130mm,rfn_cal_130mm,Weapons & ammunition,ammunition,,,,Russian Navy 21,mods-source/3597650470/ammunition/rfn_cal_130mm.ini,"[""3597650470""]",,,,photo_gap,,pending,"Candidate family/component reference only. Verify visible variant, operator, era and configuration. This is a source record, not a claim about the load-order winner."
3597650470:ammunition/rfn_cal_30mm,rfn_cal_30mm,rfn_cal_30mm,Weapons & ammunition,ammunition,,,,Russian Navy 21,mods-source/3597650470/ammunition/rfn_cal_30mm.ini,"[""3597650470""]",,,,photo_gap,,pending,"Candidate family/component reference only. Verify visible variant, operator, era and configuration. This is a source record, not a claim about the load-order winner."
3597650470:ammunition/rfn_kh35,rfn_kh35,rfn_kh35,Weapons & ammunition,ammunition,,,,Russian Navy 21,mods-source/3597650470/ammunition/rfn_kh35.ini,"[""3597650470""]",,,,photo_gap,,pending,"Candidate family/component reference only. Verify visible variant, operator, era and configuration. This is a source record, not a claim about the load-order winner."
3597650470:ammunition/rfn_kh35u,rfn_kh35u,rfn_kh35u,Weapons & ammunition,ammunition,,,,Russian Navy 21,mods-source/3597650470/ammunition/rfn_kh35u.ini,"[""3597650470""]",,,,photo_gap,,pending,"Candidate family/component reference only. Verify visible variant, operator, era and configuration. This is a source record, not a claim about the load-order winner."
3597650470:ammunition/rfn_m15_at,rfn_m15_at,rfn_m15_at,Weapons & ammunition,ammunition,,,,Russian Navy 21,mods-source/3597650470/ammunition/rfn_m15_at.ini,"[""3597650470""]",,,,photo_gap,,pending,"Candidate family/component reference only. Verify visible variant, operator, era and configuration. This is a source record, not a claim about the load-order winner."
3597650470:ammunition/rfn_m15at,rfn_m15at,rfn_m15at,Weapons & ammunition,ammunition,,,,Russian Navy 21,mods-source/3597650470/ammunition/rfn_m15at.ini,"[""3597650470""]",,,,photo_gap,,pending,"Candidate family/component reference only. Verify visible variant, operator, era and configuration. This is a source record, not a claim about the load-order winner."
3597650470:ammunition/rfn_mpt1m,rfn_mpt1m,rfn_mpt1m,Weapons & ammunition,ammunition,,,,Russian Navy 21,mods-source/3597650470/ammunition/rfn_mpt1m.ini,"[""3597650470""]",,,,photo_gap,,pending,"Candidate family/component reference only. Verify visible variant, operator, era and configuration. This is a source record, not a claim about the load-order winner."
3597650470:ammunition/rfn_mtt,rfn_mtt,rfn_mtt,Weapons & ammunition,ammunition,,,,Russian Navy 21,mods-source/3597650470/ammunition/rfn_mtt.ini,"[""3597650470""]",,,,photo_gap,,pending,"Candidate family/component reference only. Verify visible variant, operator, era and configuration. This is a source record, not a claim about the load-order winner."
3597650470:ammunition/rfn_pk10_chaff,rfn_pk10_chaff,rfn_pk10_chaff,Weapons & ammunition,ammunition,,,,Russian Navy 21,mods-source/3597650470/ammunition/rfn_pk10_chaff.ini,"[""3597650470""]",,,,photo_gap,,pending,"Candidate family/component reference only. Verify visible variant, operator, era and configuration. This is a source record, not a claim about the load-order winner."
3600788156:land_units/Ammo_Bunker,Ammo_Bunker,Ammo Bunker,Bases & installations,land_units,LandUnit,Installation,,Buildings and Objectives,mods-source/3600788156/land_units/Ammo_Bunker.ini,"[""3600788156""]",,,,photo_gap,,pending,"Candidate family/component reference only. Verify visible variant, operator, era and configuration. This is a source record, not a claim about the load-order winner."
3600788156:land_units/Bunker_2,Bunker_2,Bunker Type 2,Bases & installations,land_units,LandUnit,Installation,,Buildings and Objectives,mods-source/3600788156/land_units/Bunker_2.ini,"[""3600788156""]",,,,photo_gap,,pending,"Candidate family/component reference only. Verify visible variant, operator, era and configuration. This is a source record, not a claim about the load-order winner."
3600788156:land_units/Coal_PowerPlant,Coal_PowerPlant,Coal Power Plant,Bases & installations,land_units,LandUnit,Installation,,Buildings and Objectives,mods-source/3600788156/land_units/Coal_PowerPlant.ini,"[""3600788156""]",,,,photo_gap,,pending,"Candidate family/component reference only. Verify visible variant, operator, era and configuration. This is a source record, not a claim about the load-order winner."
3600788156:land_units/FOB,FOB,Forward Operating Base,Bases & installations,land_units,LandUnit,Installation,,Buildings and Objectives,mods-source/3600788156/land_units/FOB.ini,"[""3600788156""]",,,,photo_gap,,pending,"Candidate family/component reference only. Verify visible variant, operator, era and configuration. This is a source record, not a claim about the load-order winner."
3600788156:land_units/Genericnuclear,Genericnuclear,Nuclear Power Plant,Bases & installations,land_units,LandUnit,Installation,,Buildings and Objectives,mods-source/3600788156/land_units/Genericnuclear.ini,"[""3600788156""]",,,,photo_gap,,pending,"Candidate family/component reference only. Verify visible variant, operator, era and configuration. This is a source record, not a claim about the load-order winner."
3600788156:land_units/Liberty,Liberty,Statue Of Liberty,Bases & installations,land_units,LandUnit,Installation,,Buildings and Objectives,mods-source/3600788156/land_units/Liberty.ini,"[""3600788156""]",,,,photo_gap,,pending,"Candidate family/component reference only. Verify visible variant, operator, era and configuration. This is a source record, not a claim about the load-order winner."
3600788156:land_units/Oil_pump,Oil_pump,Oil Pump,Bases & installations,land_units,LandUnit,Installation,,Buildings and Objectives,mods-source/3600788156/land_units/Oil_pump.ini,"[""3600788156""]",,,,photo_gap,,pending,"Candidate family/component reference only. Verify visible variant, operator, era and configuration. This is a source record, not a claim about the load-order winner."
3600788156:land_units/Oil_refinery,Oil_refinery,Oil Refinery,Bases & installations,land_units,LandUnit,Installation,,Buildings and Objectives,mods-source/3600788156/land_units/Oil_refinery.ini,"[""3600788156""]",,,,photo_gap,,pending,"Candidate family/component reference only. Verify visible variant, operator, era and configuration. This is a source record, not a claim about the load-order winner."
3600788156:land_units/Omega_trench,Omega_trench,Omega Trench,Bases & installations,land_units,LandUnit,Installation,,Buildings and Objectives,mods-source/3600788156/land_units/Omega_trench.ini,"[""3600788156""]",,,,photo_gap,,pending,"Candidate family/component reference only. Verify visible variant, operator, era and configuration. This is a source record, not a claim about the load-order winner."
3600788156:land_units/TBunkerTrench,TBunkerTrench,T Bunker Trench,Bases & installations,land_units,LandUnit,Installation,,Buildings and Objectives,mods-source/3600788156/land_units/TBunkerTrench.ini,"[""3600788156""]",,,,photo_gap,,pending,"Candidate family/component reference only. Verify visible variant, operator, era and configuration. This is a source record, not a claim about the load-order winner."
3600788156:land_units/US_Los_Alamos,US_Los_Alamos,USS Los Alamos AFDB-7,Land units,land_units,LandUnit,OilRig,,Buildings and Objectives,mods-source/3600788156/land_units/US_Los_Alamos.ini,"[""3600788156""]",,,,photo_gap,,pending,"Candidate family/component reference only. Verify visible variant, operator, era and configuration. This is a source record, not a claim about the load-order winner."
3600788156:land_units/US_Missile,US_Missile,Missile Base,Bases & installations,land_units,LandUnit,Installation,,Buildings and Objectives,mods-source/3600788156/land_units/US_Missile.ini,"[""3600788156""]",,,,photo_gap,,pending,"Candidate family/component reference only. Verify visible variant, operator, era and configuration. This is a source record, not a claim about the load-order winner."
3601891050:aircraft/usa_dj01705,usa_dj01705,dj1,Aircraft & helicopters,aircraft,Helicopter,,,中小型无人机系列,mods-source/3601891050/aircraft/usa_dj01705.ini,"[""3601891050""]",,,,photo_gap,,pending,"Candidate family/component reference only. Verify visible variant, operator, era and configuration. This is a source record, not a claim about the load-order winner."
3601891050:aircraft/usn_ForpostR705,usn_ForpostR705,Forpost-R UAV,Aircraft & helicopters,aircraft,Aircraft,,,中小型无人机系列,mods-source/3601891050/aircraft/usn_ForpostR705.ini,"[""3601891050""]",,,,photo_gap,,pending,"Candidate family/component reference only. Verify visible variant, operator, era and configuration. This is a source record, not a claim about the load-order winner."
3601891050:aircraft/usn_Mugin5705,usn_Mugin5705,Mugin5,Aircraft & helicopters,aircraft,Aircraft,,,中小型无人机系列,mods-source/3601891050/aircraft/usn_Mugin5705.ini,"[""3601891050""]",,,,photo_gap,,pending,"Candidate family/component reference only. Verify visible variant, operator, era and configuration. This is a source record, not a claim about the load-order winner."
3601891050:land_units/dronesquad705_1,dronesquad705_1,Field Drone Squad,Bases & installations,land_units,LandUnit,Airbase,,中小型无人机系列,mods-source/3601891050/land_units/dronesquad705_1.ini,"[""3601891050""]",,,,photo_gap,,pending,"Candidate family/component reference only. Verify visible variant, operator, era and configuration. This is a source record, not a claim about the load-order winner."
3601891050:ammunition/pla_muginfpv705,pla_muginfpv705,pla_muginfpv705,Weapons & ammunition,ammunition,,,,中小型无人机系列,mods-source/3601891050/ammunition/pla_muginfpv705.ini,"[""3601891050""]",,,,photo_gap,,pending,"Candidate family/component reference only. Verify visible variant, operator, era and configuration. This is a source record, not a claim about the load-order winner."
3603306548:land_units/wp_2s19,wp_2s19,2S19 self-propelled howitzer,Land units,land_units,LandUnit,MobileUnit,,俄国地面增强系列1：火炮,mods-source/3603306548/land_units/wp_2s19.ini,"[""3603306548""]",,,,photo_gap,,pending,"Candidate family/component reference only. Verify visible variant, operator, era and configuration. This is a source record, not a claim about the load-order winner."
3603306548:land_units/wp_2s43,wp_2s43,2S43 “Malva” Wheeled Self-Propelled Howitzer,Land units,land_units,LandUnit,MobileUnit,,俄国地面增强系列1：火炮,mods-source/3603306548/land_units/wp_2s43.ini,"[""3603306548""]",,,,photo_gap,,pending,"Candidate family/component reference only. Verify visible variant, operator, era and configuration. This is a source record, not a claim about the load-order winner."
3603306548:ammunition/wp_2s19_152mm,wp_2s19_152mm,wp_2s19_152mm,Weapons & ammunition,ammunition,,,,俄国地面增强系列1：火炮,mods-source/3603306548/ammunition/wp_2s19_152mm.ini,"[""3603306548""]",,,,photo_gap,,pending,"Candidate family/component reference only. Verify visible variant, operator, era and configuration. This is a source record, not a claim about the load-order winner."
3603306548:ammunition/wp_2s19_152mm_laser,wp_2s19_152mm_laser,wp_2s19_152mm_laser,Weapons & ammunition,ammunition,,,,俄国地面增强系列1：火炮,mods-source/3603306548/ammunition/wp_2s19_152mm_laser.ini,"[""3603306548""]",,,,photo_gap,,pending,"Candidate family/component reference only. Verify visible variant, operator, era and configuration. This is a source record, not a claim about the load-order winner."
3603306548:ammunition/wp_2s43_152mm,wp_2s43_152mm,wp_2s43_152mm,Weapons & ammunition,ammunition,,,,俄国地面增强系列1：火炮,mods-source/3603306548/ammunition/wp_2s43_152mm.ini,"[""3603306548""]",,,,photo_gap,,pending,"Candidate family/component reference only. Verify visible variant, operator, era and configuration. This is a source record, not a claim about the load-order winner."
3603306548:ammunition/wp_2s43_152mm_laser,wp_2s43_152mm_laser,wp_2s43_152mm_laser,Weapons & ammunition,ammunition,,,,俄国地面增强系列1：火炮,mods-source/3603306548/ammunition/wp_2s43_152mm_laser.ini,"[""3603306548""]",,,,photo_gap,,pending,"Candidate family/component reference only. Verify visible variant, operator, era and configuration. This is a source record, not a claim about the load-order winner."
3603367264:land_units/de_pzh2000,de_pzh2000,PZH-2000 self-propelled howitzer,Land units,land_units,LandUnit,MobileUnit,,北约地面增强系列2：火炮,mods-source/3603367264/land_units/de_pzh2000.ini,"[""3603367264""]",,,,photo_gap,,pending,"Candidate family/component reference only. Verify visible variant, operator, era and configuration. This is a source record, not a claim about the load-order winner."
3603367264:land_units/kr_k9,kr_k9,K9 Self-Propelled Howitzer,Land units,land_units,LandUnit,MobileUnit,,北约地面增强系列2：火炮,mods-source/3603367264/land_units/kr_k9.ini,"[""3603367264""]",,,,photo_gap,,pending,"Candidate family/component reference only. Verify visible variant, operator, era and configuration. This is a source record, not a claim about the load-order winner."
3603367264:ammunition/de_pzh2000_155mm,de_pzh2000_155mm,de_pzh2000_155mm,Weapons & ammunition,ammunition,,,,北约地面增强系列2：火炮,mods-source/3603367264/ammunition/de_pzh2000_155mm.ini,"[""3603367264""]",,,,photo_gap,,pending,"Candidate family/component reference only. Verify visible variant, operator, era and configuration. This is a source record, not a claim about the load-order winner."
3603367264:ammunition/de_pzh2000_155mm_laser,de_pzh2000_155mm_laser,de_pzh2000_155mm_laser,Weapons & ammunition,ammunition,,,,北约地面增强系列2：火炮,mods-source/3603367264/ammunition/de_pzh2000_155mm_laser.ini,"[""3603367264""]",,,,photo_gap,,pending,"Candidate family/component reference only. Verify visible variant, operator, era and configuration. This is a source record, not a claim about the load-order winner."
3603367264:ammunition/kr_k9_155mm,kr_k9_155mm,kr_k9_155mm,Weapons & ammunition,ammunition,,,,北约地面增强系列2：火炮,mods-source/3603367264/ammunition/kr_k9_155mm.ini,"[""3603367264""]",,,,photo_gap,,pending,"Candidate family/component reference only. Verify visible variant, operator, era and configuration. This is a source record, not a claim about the load-order winner."
3603367264:ammunition/kr_k9_155mm_laser,kr_k9_155mm_laser,kr_k9_155mm_laser,Weapons & ammunition,ammunition,,,,北约地面增强系列2：火炮,mods-source/3603367264/ammunition/kr_k9_155mm_laser.ini,"[""3603367264""]",,,,photo_gap,,pending,"Candidate family/component reference only. Verify visible variant, operator, era and configuration. This is a source record, not a claim about the load-order winner."
3605013271:vessels/ir_aor_delvar,ir_aor_delvar,ir_aor_delvar,Ships,vessels,Vessel,,,RE-power: the resupply mod,mods-source/3605013271/vessels/ir_aor_delvar.ini,"[""3605013271""]",,,,photo_gap,,pending,"Candidate family/component reference only. Verify visible variant, operator, era and configuration. This is a source record, not a claim about the load-order winner."
3605013271:vessels/wp_pb_don,wp_pb_don,wp_pb_don,Ships,vessels,Vessel,,,RE-power: the resupply mod,mods-source/3605013271/vessels/wp_pb_don.ini,"[""3605013271""]",,,,photo_gap,,pending,"Candidate family/component reference only. Verify visible variant, operator, era and configuration. This is a source record, not a claim about the load-order winner."
3605013271:vessels/wp_vt_kazbek,wp_vt_kazbek,wp_vt_kazbek,Ships,vessels,Vessel,,,RE-power: the resupply mod,mods-source/3605013271/vessels/wp_vt_kazbek.ini,"[""3605013271""]",,,,photo_gap,,pending,"Candidate family/component reference only. Verify visible variant, operator, era and configuration. This is a source record, not a claim about the load-order winner."
3605013271:land_units/nv_pt_boats_docks,nv_pt_boats_docks,nv_pt_boats_docks,Bases & installations,land_units,LandUnit,Port,,RE-power: the resupply mod,mods-source/3605013271/land_units/nv_pt_boats_docks.ini,"[""3605013271""]",,,,photo_gap,,pending,"Candidate family/component reference only. Verify visible variant, operator, era and configuration. This is a source record, not a claim about the load-order winner."
3605013271:land_units/nv_pt_boats_docks_small,nv_pt_boats_docks_small,nv_pt_boats_docks_small,Bases & installations,land_units,LandUnit,Port,,RE-power: the resupply mod,mods-source/3605013271/land_units/nv_pt_boats_docks_small.ini,"[""3605013271""]",,,,photo_gap,,pending,"Candidate family/component reference only. Verify visible variant, operator, era and configuration. This is a source record, not a claim about the load-order winner."
3605013271:land_units/usa_car_hemtt,usa_car_hemtt,usa_car_hemtt,Land units,land_units,LandUnit,MobileUnit,,RE-power: the resupply mod,mods-source/3605013271/land_units/usa_car_hemtt.ini,"[""3605013271""]",,,,photo_gap,,pending,"Candidate family/component reference only. Verify visible variant, operator, era and configuration. This is a source record, not a claim about the load-order winner."
3606134711:ammunition/all_dummy,all_dummy,all_dummy,Weapons & ammunition,ammunition,,,,Custom Loadout Editor,mods-source/3606134711/ammunition/all_dummy.ini,"[""3606134711""]",,,,photo_gap,,pending,"Candidate family/component reference only. Verify visible variant, operator, era and configuration. This is a source record, not a claim about the load-order winner."
3606134711:ammunition/iaf_sparrow_lau-7_adapter,iaf_sparrow_lau-7_adapter,iaf_sparrow_lau-7_adapter,Weapons & ammunition,ammunition,,,,Custom Loadout Editor,mods-source/3606134711/ammunition/iaf_sparrow_lau-7_adapter.ini,"[""3606134711""]",,,,photo_gap,,pending,"Candidate family/component reference only. Verify visible variant, operator, era and configuration. This is a source record, not a claim about the load-order winner."
3606134711:ammunition/iaf_tank_370_f-4e,iaf_tank_370_f-4e,iaf_tank_370_f-4e,Weapons & ammunition,ammunition,,,,Custom Loadout Editor,mods-source/3606134711/ammunition/iaf_tank_370_f-4e.ini,"[""3606134711""]",,,,photo_gap,,pending,"Candidate family/component reference only. Verify visible variant, operator, era and configuration. This is a source record, not a claim about the load-order winner."
3606134711:ammunition/iaf_tank_600_f-4e,iaf_tank_600_f-4e,iaf_tank_600_f-4e,Weapons & ammunition,ammunition,,,,Custom Loadout Editor,mods-source/3606134711/ammunition/iaf_tank_600_f-4e.ini,"[""3606134711""]",,,,photo_gap,,pending,"Candidate family/component reference only. Verify visible variant, operator, era and configuration. This is a source record, not a claim about the load-order winner."
3606134711:ammunition/iriaf_agm-23,iriaf_agm-23,iriaf_agm-23,Weapons & ammunition,ammunition,,,,Custom Loadout Editor,mods-source/3606134711/ammunition/iriaf_agm-23.ini,"[""3606134711""]",#!alias ammunition/usa_mim-23.ini,,,photo_gap,,pending,"Candidate family/component reference only. Verify visible variant, operator, era and configuration. This is a source record, not a claim about the load-order winner."
3606134711:ammunition/iriaf_aim-23b,iriaf_aim-23b,iriaf_aim-23b,Weapons & ammunition,ammunition,,,,Custom Loadout Editor,mods-source/3606134711/ammunition/iriaf_aim-23b.ini,"[""3606134711""]",#!alias ammunition/usa_mim-23.ini,,,photo_gap,,pending,"Candidate family/component reference only. Verify visible variant, operator, era and configuration. This is a source record, not a claim about the load-order winner."
3606134711:ammunition/jasdf_der,jasdf_der,jasdf_der,Weapons & ammunition,ammunition,,,,Custom Loadout Editor,mods-source/3606134711/ammunition/jasdf_der.ini,"[""3606134711""]",,,,photo_gap,,pending,"Candidate family/component reference only. Verify visible variant, operator, era and configuration. This is a source record, not a claim about the load-order winner."
3606134711:ammunition/plan_ter,plan_ter,plan_ter,Weapons & ammunition,ammunition,,,,Custom Loadout Editor,mods-source/3606134711/ammunition/plan_ter.ini,"[""3606134711""]",,,,photo_gap,,pending,"Candidate family/component reference only. Verify visible variant, operator, era and configuration. This is a source record, not a claim about the load-order winner."
3606134711:ammunition/usaf_aim-4d,usaf_aim-4d,usaf_aim-4d,Weapons & ammunition,ammunition,,,,Custom Loadout Editor,mods-source/3606134711/ammunition/usaf_aim-4d.ini,"[""3606134711""]",,,,photo_gap,,pending,"Candidate family/component reference only. Verify visible variant, operator, era and configuration. This is a source record, not a claim about the load-order winner."
3606134711:ammunition/usaf_gbu-15v1,usaf_gbu-15v1,usaf_gbu-15v1,Weapons & ammunition,ammunition,,,,Custom Loadout Editor,mods-source/3606134711/ammunition/usaf_gbu-15v1.ini,"[""3606134711""]",#!alias ammunition/usaf_gbu-15.ini,,,photo_gap,,pending,"Candidate family/component reference only. Verify visible variant, operator, era and configuration. This is a source record, not a claim about the load-order winner."
3606134711:ammunition/usaf_lau-34,usaf_lau-34,usaf_lau-34,Weapons & ammunition,ammunition,,,,Custom Loadout Editor,mods-source/3606134711/ammunition/usaf_lau-34.ini,"[""3606134711""]",,,,photo_gap,,pending,"Candidate family/component reference only. Verify visible variant, operator, era and configuration. This is a source record, not a claim about the load-order winner."
3606134711:ammunition/usaf_lau-42,usaf_lau-42,usaf_lau-42,Weapons & ammunition,ammunition,,,,Custom Loadout Editor,mods-source/3606134711/ammunition/usaf_lau-42.ini,"[""3606134711""]",,,,photo_gap,,pending,"Candidate family/component reference only. Verify visible variant, operator, era and configuration. This is a source record, not a claim about the load-order winner."
3606134711:ammunition/usaf_pod_pave_tack,usaf_pod_pave_tack,usaf_pod_pave_tack,Weapons & ammunition,ammunition,,,,Custom Loadout Editor,mods-source/3606134711/ammunition/usaf_pod_pave_tack.ini,"[""3606134711""]",,,,photo_gap,,pending,"Candidate family/component reference only. Verify visible variant, operator, era and configuration. This is a source record, not a claim about the load-order winner."
3606134711:ammunition/usaf_tank_230_av-8a,usaf_tank_230_av-8a,usaf_tank_230_av-8a,Weapons & ammunition,ammunition,,,,Custom Loadout Editor,mods-source/3606134711/ammunition/usaf_tank_230_av-8a.ini,"[""3606134711""]",,,,photo_gap,,pending,"Candidate family/component reference only. Verify visible variant, operator, era and configuration. This is a source record, not a claim about the load-order winner."
3606134711:ammunition/usaf_tank_50_f-5,usaf_tank_50_f-5,usaf_tank_50_f-5,Weapons & ammunition,ammunition,,,,Custom Loadout Editor,mods-source/3606134711/ammunition/usaf_tank_50_f-5.ini,"[""3606134711""]",,,,photo_gap,,pending,"Candidate family/component reference only. Verify visible variant, operator, era and configuration. This is a source record, not a claim about the load-order winner."
3606134711:ammunition/usmc_aden-pod,usmc_aden-pod,usmc_aden-pod,Weapons & ammunition,ammunition,,,,Custom Loadout Editor,mods-source/3606134711/ammunition/usmc_aden-pod.ini,"[""3606134711""]",,,,photo_gap,,pending,"Candidate family/component reference only. Verify visible variant, operator, era and configuration. This is a source record, not a claim about the load-order winner."
3606134711:ammunition/usn_adu299,usn_adu299,usn_adu299,Weapons & ammunition,ammunition,,,,Custom Loadout Editor,mods-source/3606134711/ammunition/usn_adu299.ini,"[""3606134711""]",,,,photo_gap,,pending,"Candidate family/component reference only. Verify visible variant, operator, era and configuration. This is a source record, not a claim about the load-order winner."
3606134711:ammunition/usn_adu299_lau-7,usn_adu299_lau-7,usn_adu299_lau-7,Weapons & ammunition,ammunition,,,,Custom Loadout Editor,mods-source/3606134711/ammunition/usn_adu299_lau-7.ini,"[""3606134711""]",,,,photo_gap,,pending,"Candidate family/component reference only. Verify visible variant, operator, era and configuration. This is a source record, not a claim about the load-order winner."
3606134711:ammunition/usn_agr-20a,usn_agr-20a,usn_agr-20a,Weapons & ammunition,ammunition,,,,Custom Loadout Editor,mods-source/3606134711/ammunition/usn_agr-20a.ini,"[""3606134711""]",,,,photo_gap,,pending,"Candidate family/component reference only. Verify visible variant, operator, era and configuration. This is a source record, not a claim about the load-order winner."
3606134711:ammunition/usn_agr-20f,usn_agr-20f,usn_agr-20f,Weapons & ammunition,ammunition,,,,Custom Loadout Editor,mods-source/3606134711/ammunition/usn_agr-20f.ini,"[""3606134711""]",,,,photo_gap,,pending,"Candidate family/component reference only. Verify visible variant, operator, era and configuration. This is a source record, not a claim about the load-order winner."
3606134711:ammunition/usn_bru-55,usn_bru-55,usn_bru-55,Weapons & ammunition,ammunition,,,,Custom Loadout Editor,mods-source/3606134711/ammunition/usn_bru-55.ini,"[""3606134711""]",,,,photo_gap,,pending,"Candidate family/component reference only. Verify visible variant, operator, era and configuration. This is a source record, not a claim about the load-order winner."
3606134711:ammunition/usn_d-704,usn_d-704,usn_d-704,Weapons & ammunition,ammunition,,,,Custom Loadout Editor,mods-source/3606134711/ammunition/usn_d-704.ini,"[""3606134711""]",,,,photo_gap,,pending,"Candidate family/component reference only. Verify visible variant, operator, era and configuration. This is a source record, not a claim about the load-order winner."
3606134711:ammunition/usn_f-4j_wma,usn_f-4j_wma,usn_f-4j_wma,Weapons & ammunition,ammunition,,,,Custom Loadout Editor,mods-source/3606134711/ammunition/usn_f-4j_wma.ini,"[""3606134711""]",,,,photo_gap,,pending,"Candidate family/component reference only. Verify visible variant, operator, era and configuration. This is a source record, not a claim about the load-order winner."
3606134711:ammunition/usn_lau-115,usn_lau-115,usn_lau-115,Weapons & ammunition,ammunition,,,,Custom Loadout Editor,mods-source/3606134711/ammunition/usn_lau-115.ini,"[""3606134711""]",,,,photo_gap,,pending,"Candidate family/component reference only. Verify visible variant, operator, era and configuration. This is a source record, not a claim about the load-order winner."
3606134711:ammunition/usn_lau-115_lau-7,usn_lau-115_lau-7,usn_lau-115_lau-7,Weapons & ammunition,ammunition,,,,Custom Loadout Editor,mods-source/3606134711/ammunition/usn_lau-115_lau-7.ini,"[""3606134711""]",,,,photo_gap,,pending,"Candidate family/component reference only. Verify visible variant, operator, era and configuration. This is a source record, not a claim about the load-order winner."
3606134711:ammunition/usn_lau-117,usn_lau-117,usn_lau-117,Weapons & ammunition,ammunition,,,,Custom Loadout Editor,mods-source/3606134711/ammunition/usn_lau-117.ini,"[""3606134711""]",,,,photo_gap,,pending,"Candidate family/component reference only. Verify visible variant, operator, era and configuration. This is a source record, not a claim about the load-order winner."
3606134711:ammunition/usn_lau-118,usn_lau-118,usn_lau-118,Weapons & ammunition,ammunition,,,,Custom Loadout Editor,mods-source/3606134711/ammunition/usn_lau-118.ini,"[""3606134711""]",,,,photo_gap,,pending,"Candidate family/component reference only. Verify visible variant, operator, era and configuration. This is a source record, not a claim about the load-order winner."
3606134711:ammunition/usn_lau-33,usn_lau-33,usn_lau-33,Weapons & ammunition,ammunition,,,,Custom Loadout Editor,mods-source/3606134711/ammunition/usn_lau-33.ini,"[""3606134711""]",,,,photo_gap,,pending,"Candidate family/component reference only. Verify visible variant, operator, era and configuration. This is a source record, not a claim about the load-order winner."
3606134711:ammunition/usn_lau-68f_20a,usn_lau-68f_20a,usn_lau-68f_20a,Weapons & ammunition,ammunition,,,,Custom Loadout Editor,mods-source/3606134711/ammunition/usn_lau-68f_20a.ini,"[""3606134711""]",,,,photo_gap,,pending,"Candidate family/component reference only. Verify visible variant, operator, era and configuration. This is a source record, not a claim about the load-order winner."
3606134711:ammunition/usn_lau-68f_20f,usn_lau-68f_20f,usn_lau-68f_20f,Weapons & ammunition,ammunition,,,,Custom Loadout Editor,mods-source/3606134711/ammunition/usn_lau-68f_20f.ini,"[""3606134711""]",,,,photo_gap,,pending,"Candidate family/component reference only. Verify visible variant, operator, era and configuration. This is a source record, not a claim about the load-order winner."
3606134711:ammunition/usn_lau-7,usn_lau-7,usn_lau-7,Weapons & ammunition,ammunition,,,,Custom Loadout Editor,mods-source/3606134711/ammunition/usn_lau-7.ini,"[""3606134711""]",,,,photo_gap,,pending,"Candidate family/component reference only. Verify visible variant, operator, era and configuration. This is a source record, not a claim about the load-order winner."
3606134711:ammunition/usn_lau-77,usn_lau-77,usn_lau-77,Weapons & ammunition,ammunition,,,,Custom Loadout Editor,mods-source/3606134711/ammunition/usn_lau-77.ini,"[""3606134711""]",,,,photo_gap,,pending,"Candidate family/component reference only. Verify visible variant, operator, era and configuration. This is a source record, not a claim about the load-order winner."
3606134711:ammunition/usn_lau-7_f-4,usn_lau-7_f-4,usn_lau-7_f-4,Weapons & ammunition,ammunition,,,,Custom Loadout Editor,mods-source/3606134711/ammunition/usn_lau-7_f-4.ini,"[""3606134711""]",,,,photo_gap,,pending,"Candidate family/component reference only. Verify visible variant, operator, era and configuration. This is a source record, not a claim about the load-order winner."
3606134711:ammunition/usn_lau-88,usn_lau-88,usn_lau-88,Weapons & ammunition,ammunition,,,,Custom Loadout Editor,mods-source/3606134711/ammunition/usn_lau-88.ini,"[""3606134711""]",,,,photo_gap,,pending,"Candidate family/component reference only. Verify visible variant, operator, era and configuration. This is a source record, not a claim about the load-order winner."
3606134711:ammunition/usn_lau-92,usn_lau-92,usn_lau-92,Weapons & ammunition,ammunition,,,,Custom Loadout Editor,mods-source/3606134711/ammunition/usn_lau-92.ini,"[""3606134711""]",,,,photo_gap,,pending,"Candidate family/component reference only. Verify visible variant, operator, era and configuration. This is a source record, not a claim about the load-order winner."
3606134711:ammunition/usn_lau-93,usn_lau-93,usn_lau-93,Weapons & ammunition,ammunition,,,,Custom Loadout Editor,mods-source/3606134711/ammunition/usn_lau-93.ini,"[""3606134711""]",,,,photo_gap,,pending,"Candidate family/component reference only. Verify visible variant, operator, era and configuration. This is a source record, not a claim about the load-order winner."
3606134711:ammunition/usn_mer,usn_mer,usn_mer,Weapons & ammunition,ammunition,,,,Custom Loadout Editor,mods-source/3606134711/ammunition/usn_mer.ini,"[""3606134711""]",,,,photo_gap,,pending,"Candidate family/component reference only. Verify visible variant, operator, era and configuration. This is a source record, not a claim about the load-order winner."
3606134711:ammunition/usn_mk-4_gunpod,usn_mk-4_gunpod,usn_mk-4_gunpod,Weapons & ammunition,ammunition,,,,Custom Loadout Editor,mods-source/3606134711/ammunition/usn_mk-4_gunpod.ini,"[""3606134711""]",,,,photo_gap,,pending,"Candidate family/component reference only. Verify visible variant, operator, era and configuration. This is a source record, not a claim about the load-order winner."
3606134711:ammunition/usn_p-3c_bay,usn_p-3c_bay,usn_p-3c_bay,Weapons & ammunition,ammunition,,,,Custom Loadout Editor,mods-source/3606134711/ammunition/usn_p-3c_bay.ini,"[""3606134711""]",,,,photo_gap,,pending,"Candidate family/component reference only. Verify visible variant, operator, era and configuration. This is a source record, not a claim about the load-order winner."
3606134711:ammunition/usn_parachute_flare,usn_parachute_flare,usn_parachute_flare,Weapons & ammunition,ammunition,,,,Custom Loadout Editor,mods-source/3606134711/ammunition/usn_parachute_flare.ini,"[""3606134711""]",,,,photo_gap,,pending,"Candidate family/component reference only. Verify visible variant, operator, era and configuration. This is a source record, not a claim about the load-order winner."
3606134711:ammunition/usn_pod_aas-38,usn_pod_aas-38,usn_pod_aas-38,Weapons & ammunition,ammunition,,,,Custom Loadout Editor,mods-source/3606134711/ammunition/usn_pod_aas-38.ini,"[""3606134711""]",,,,photo_gap,,pending,"Candidate family/component reference only. Verify visible variant, operator, era and configuration. This is a source record, not a claim about the load-order winner."
3606134711:ammunition/usn_pod_aas-38a,usn_pod_aas-38a,usn_pod_aas-38a,Weapons & ammunition,ammunition,,,,Custom Loadout Editor,mods-source/3606134711/ammunition/usn_pod_aas-38a.ini,"[""3606134711""]",#!alias ammunition/usn_pod_aas-38.ini,,,photo_gap,,pending,"Candidate family/component reference only. Verify visible variant, operator, era and configuration. This is a source record, not a claim about the load-order winner."
3606134711:ammunition/usn_suu-44_cap,usn_suu-44_cap,usn_suu-44_cap,Weapons & ammunition,ammunition,,,,Custom Loadout Editor,mods-source/3606134711/ammunition/usn_suu-44_cap.ini,"[""3606134711""]",,,,photo_gap,,pending,"Candidate family/component reference only. Verify visible variant, operator, era and configuration. This is a source record, not a claim about the load-order winner."
3606134711:ammunition/usn_suu-44_flare,usn_suu-44_flare,usn_suu-44_flare,Weapons & ammunition,ammunition,,,,Custom Loadout Editor,mods-source/3606134711/ammunition/usn_suu-44_flare.ini,"[""3606134711""]",,,,photo_gap,,pending,"Candidate family/component reference only. Verify visible variant, operator, era and configuration. This is a source record, not a claim about the load-order winner."
3606134711:ammunition/usn_suu-44_sonobuoy,usn_suu-44_sonobuoy,usn_suu-44_sonobuoy,Weapons & ammunition,ammunition,,,,Custom Loadout Editor,mods-source/3606134711/ammunition/usn_suu-44_sonobuoy.ini,"[""3606134711""]",,,,photo_gap,,pending,"Candidate family/component reference only. Verify visible variant, operator, era and configuration. This is a source record, not a claim about the load-order winner."
3606134711:ammunition/usn_tank_100gal_ah-1,usn_tank_100gal_ah-1,usn_tank_100gal_ah-1,Weapons & ammunition,ammunition,,,,Custom Loadout Editor,mods-source/3606134711/ammunition/usn_tank_100gal_ah-1.ini,"[""3606134711""]",,,,photo_gap,,pending,"Candidate family/component reference only. Verify visible variant, operator, era and configuration. This is a source record, not a claim about the load-order winner."
3606134711:ammunition/usn_tank_330_fa-18,usn_tank_330_fa-18,usn_tank_330_fa-18,Weapons & ammunition,ammunition,,,,Custom Loadout Editor,mods-source/3606134711/ammunition/usn_tank_330_fa-18.ini,"[""3606134711""]",,,,photo_gap,,pending,"Candidate family/component reference only. Verify visible variant, operator, era and configuration. This is a source record, not a claim about the load-order winner."
3606134711:ammunition/usn_ter,usn_ter,usn_ter,Weapons & ammunition,ammunition,,,,Custom Loadout Editor,mods-source/3606134711/ammunition/usn_ter.ini,"[""3606134711""]",,,,photo_gap,,pending,"Candidate family/component reference only. Verify visible variant, operator, era and configuration. This is a source record, not a claim about the load-order winner."
3606134711:ammunition/wp_aku-58,wp_aku-58,wp_aku-58,Weapons & ammunition,ammunition,,,,Custom Loadout Editor,mods-source/3606134711/ammunition/wp_aku-58.ini,"[""3606134711""]",,,,photo_gap,,pending,"Candidate family/component reference only. Verify visible variant, operator, era and configuration. This is a source record, not a claim about the load-order winner."
3606134711:ammunition/wp_apu-60-1,wp_apu-60-1,wp_apu-60-1,Weapons & ammunition,ammunition,,,,Custom Loadout Editor,mods-source/3606134711/ammunition/wp_apu-60-1.ini,"[""3606134711""]",,,,photo_gap,,pending,"Candidate family/component reference only. Verify visible variant, operator, era and configuration. This is a source record, not a claim about the load-order winner."
3606134711:ammunition/wp_apu-60-2_left,wp_apu-60-2_left,wp_apu-60-2_left,Weapons & ammunition,ammunition,,,,Custom Loadout Editor,mods-source/3606134711/ammunition/wp_apu-60-2_left.ini,"[""3606134711""]",,,,photo_gap,,pending,"Candidate family/component reference only. Verify visible variant, operator, era and configuration. This is a source record, not a claim about the load-order winner."
3606134711:ammunition/wp_apu-60-2_right,wp_apu-60-2_right,wp_apu-60-2_right,Weapons & ammunition,ammunition,,,,Custom Loadout Editor,mods-source/3606134711/ammunition/wp_apu-60-2_right.ini,"[""3606134711""]",,,,photo_gap,,pending,"Candidate family/component reference only. Verify visible variant, operator, era and configuration. This is a source record, not a claim about the load-order winner."
3606134711:ammunition/wp_apu-73,wp_apu-73,wp_apu-73,Weapons & ammunition,ammunition,,,,Custom Loadout Editor,mods-source/3606134711/ammunition/wp_apu-73.ini,"[""3606134711""]",,,,photo_gap,,pending,"Candidate family/component reference only. Verify visible variant, operator, era and configuration. This is a source record, not a claim about the load-order winner."
3606134711:ammunition/wp_il-38_bay,wp_il-38_bay,wp_il-38_bay,Weapons & ammunition,ammunition,,,,Custom Loadout Editor,mods-source/3606134711/ammunition/wp_il-38_bay.ini,"[""3606134711""]",,,,photo_gap,,pending,"Candidate family/component reference only. Verify visible variant, operator, era and configuration. This is a source record, not a claim about the load-order winner."
3606134711:ammunition/wp_mbd2-u2-67,wp_mbd2-u2-67,wp_mbd2-u2-67,Weapons & ammunition,ammunition,,,,Custom Loadout Editor,mods-source/3606134711/ammunition/wp_mbd2-u2-67.ini,"[""3606134711""]",,,,photo_gap,,pending,"Candidate family/component reference only. Verify visible variant, operator, era and configuration. This is a source record, not a claim about the load-order winner."
3606134711:ammunition/wp_mig-27_dummy,wp_mig-27_dummy,wp_mig-27_dummy,Weapons & ammunition,ammunition,,,,Custom Loadout Editor,mods-source/3606134711/ammunition/wp_mig-27_dummy.ini,"[""3606134711""]",,,,photo_gap,,pending,"Candidate family/component reference only. Verify visible variant, operator, era and configuration. This is a source record, not a claim about the load-order winner."
3606134711:ammunition/wp_tu-142m_bay,wp_tu-142m_bay,wp_tu-142m_bay,Weapons & ammunition,ammunition,,,,Custom Loadout Editor,mods-source/3606134711/ammunition/wp_tu-142m_bay.ini,"[""3606134711""]",,,,photo_gap,,pending,"Candidate family/component reference only. Verify visible variant, operator, era and configuration. This is a source record, not a claim about the load-order winner."
3606134711:ammunition/wp_ua,wp_ua,wp_ua,Weapons & ammunition,ammunition,,,,Custom Loadout Editor,mods-source/3606134711/ammunition/wp_ua.ini,"[""3606134711""]",,,,photo_gap,,pending,"Candidate family/component reference only. Verify visible variant, operator, era and configuration. This is a source record, not a claim about the load-order winner."
3606774881:vessels/Virginia,Virginia,Virginia,Submarines,vessels,Submarine,,,U.S. Navy 2027 Capabilities,mods-source/3606774881/vessels/Virginia.ini,"[""3606774881""]",,,,photo_gap,,pending,"Candidate family/component reference only. Verify visible variant, operator, era and configuration. This is a source record, not a claim about the load-order winner."
3606774881:vessels/usn_ddg_arleigh_flt2A_079_2027,usn_ddg_arleigh_flt2A_079_2027,Arleigh Burke `27-class Flt.2A [079],Ships,vessels,,,,U.S. Navy 2027 Capabilities,mods-source/3606774881/vessels/usn_ddg_arleigh_flt2A_079_2027.ini,"[""3606774881""]",#!alias vessels/usn_ddg_burke_f2a_079_late.ini,,,photo_gap,,pending,"Candidate family/component reference only. Verify visible variant, operator, era and configuration. This is a source record, not a claim about the load-order winner."
3606774881:vessels/usn_ddg_arleigh_flt2A_080_2027,usn_ddg_arleigh_flt2A_080_2027,Arleigh Burke `27-class Flt.2A [080],Ships,vessels,,,,U.S. Navy 2027 Capabilities,mods-source/3606774881/vessels/usn_ddg_arleigh_flt2A_080_2027.ini,"[""3606774881""]",#!alias vessels/usn_ddg_burke_f2a_080_late.ini,,,photo_gap,,pending,"Candidate family/component reference only. Verify visible variant, operator, era and configuration. This is a source record, not a claim about the load-order winner."
3606774881:vessels/usn_ddg_arleigh_flt2A_081_2027,usn_ddg_arleigh_flt2A_081_2027,Arleigh Burke `27-class Flt.2A [081-083],Ships,vessels,,,,U.S. Navy 2027 Capabilities,mods-source/3606774881/vessels/usn_ddg_arleigh_flt2A_081_2027.ini,"[""3606774881""]",#!alias vessels/usn_ddg_burke_f2a_081_late.ini,,,photo_gap,,pending,"Candidate family/component reference only. Verify visible variant, operator, era and configuration. This is a source record, not a claim about the load-order winner."
3606774881:vessels/usn_ddg_arleigh_flt2A_084_2027,usn_ddg_arleigh_flt2A_084_2027,Arleigh Burke `27-class Flt.2A [084],Ships,vessels,,,,U.S. Navy 2027 Capabilities,mods-source/3606774881/vessels/usn_ddg_arleigh_flt2A_084_2027.ini,"[""3606774881""]",#!alias vessels/usn_ddg_burke_f2a_084_late.ini,,,photo_gap,,pending,"Candidate family/component reference only. Verify visible variant, operator, era and configuration. This is a source record, not a claim about the load-order winner."
3606774881:vessels/usn_ddg_arleigh_flt2A_085_2027,usn_ddg_arleigh_flt2A_085_2027,Arleigh Burke `27-class Flt.2A [085-087],Ships,vessels,,,,U.S. Navy 2027 Capabilities,mods-source/3606774881/vessels/usn_ddg_arleigh_flt2A_085_2027.ini,"[""3606774881""]",#!alias vessels/usn_ddg_burke_f2a_085_late.ini,,,photo_gap,,pending,"Candidate family/component reference only. Verify visible variant, operator, era and configuration. This is a source record, not a claim about the load-order winner."
3606774881:vessels/usn_ddg_arleigh_flt2A_088_2027,usn_ddg_arleigh_flt2A_088_2027,Arleigh Burke `27-class Flt.2A [088] Helios,Ships,vessels,,,,U.S. Navy 2027 Capabilities,mods-source/3606774881/vessels/usn_ddg_arleigh_flt2A_088_2027.ini,"[""3606774881""]",#!alias vessels/usn_ddg_burke_f2a_088_laser.ini,,,photo_gap,,pending,"Candidate family/component reference only. Verify visible variant, operator, era and configuration. This is a source record, not a claim about the load-order winner."
3606774881:vessels/usn_ddg_arleigh_flt2A_089_2027,usn_ddg_arleigh_flt2A_089_2027,Arleigh Burke `27-class Flt.2A [089-090],Ships,vessels,,,,U.S. Navy 2027 Capabilities,mods-source/3606774881/vessels/usn_ddg_arleigh_flt2A_089_2027.ini,"[""3606774881""]",#!alias vessels/usn_ddg_burke_f2a_089_late.ini,,,photo_gap,,pending,"Candidate family/component reference only. Verify visible variant, operator, era and configuration. This is a source record, not a claim about the load-order winner."
3606774881:vessels/usn_ddg_arleigh_flt2A_091_2027,usn_ddg_arleigh_flt2A_091_2027,Arleigh Burke `27-class Flt.2A [091~095] SEWIP,Ships,vessels,,,,U.S. Navy 2027 Capabilities,mods-source/3606774881/vessels/usn_ddg_arleigh_flt2A_091_2027.ini,"[""3606774881""]",#!alias vessels/usn_ddg_burke_f2a_091_sewip.ini,,,photo_gap,,pending,"Candidate family/component reference only. Verify visible variant, operator, era and configuration. This is a source record, not a claim about the load-order winner."
3606774881:vessels/usn_ddg_arleigh_flt2A_092_2027,usn_ddg_arleigh_flt2A_092_2027,Arleigh Burke `27-class Flt.2A [092~096],Ships,vessels,,,,U.S. Navy 2027 Capabilities,mods-source/3606774881/vessels/usn_ddg_arleigh_flt2A_092_2027.ini,"[""3606774881""]",#!alias vessels/usn_ddg_burke_f2a_091_late.ini,,,photo_gap,,pending,"Candidate family/component reference only. Verify visible variant, operator, era and configuration. This is a source record, not a claim about the load-order winner."
3606774881:vessels/usn_ddg_arleigh_flt2A_097_2027,usn_ddg_arleigh_flt2A_097_2027,Arleigh Burke `27-class Flt.2A [097] SEWIP,Ships,vessels,,,,U.S. Navy 2027 Capabilities,mods-source/3606774881/vessels/usn_ddg_arleigh_flt2A_097_2027.ini,"[""3606774881""]",#!alias vessels/usn_ddg_burke_f2a_097_sewip.ini,,,photo_gap,,pending,"Candidate family/component reference only. Verify visible variant, operator, era and configuration. This is a source record, not a claim about the load-order winner."
3606774881:vessels/usn_ddg_arleigh_flt2A_098_2027,usn_ddg_arleigh_flt2A_098_2027,Arleigh Burke `27-class Flt.2A [098],Ships,vessels,,,,U.S. Navy 2027 Capabilities,mods-source/3606774881/vessels/usn_ddg_arleigh_flt2A_098_2027.ini,"[""3606774881""]",#!alias vessels/usn_ddg_burke_f2a_097_late.ini,,,photo_gap,,pending,"Candidate family/component reference only. Verify visible variant, operator, era and configuration. This is a source record, not a claim about the load-order winner."
3606774881:vessels/usn_ddg_arleigh_flt2A_099_2027,usn_ddg_arleigh_flt2A_099_2027,Arleigh Burke `27-class Flt.2A [099~107],Ships,vessels,,,,U.S. Navy 2027 Capabilities,mods-source/3606774881/vessels/usn_ddg_arleigh_flt2A_099_2027.ini,"[""3606774881""]",#!alias vessels/usn_ddg_burke_f2a_099_late.ini,,,photo_gap,,pending,"Candidate family/component reference only. Verify visible variant, operator, era and configuration. This is a source record, not a claim about the load-order winner."
3606774881:vessels/usn_ddg_arleigh_flt2A_100_2027,usn_ddg_arleigh_flt2A_100_2027,Arleigh Burke `27-class Flt.2A [100],Ships,vessels,,,,U.S. Navy 2027 Capabilities,mods-source/3606774881/vessels/usn_ddg_arleigh_flt2A_100_2027.ini,"[""3606774881""]",#!alias vessels/usn_ddg_burke_f2a_100_late.ini,,,photo_gap,,pending,"Candidate family/component reference only. Verify visible variant, operator, era and configuration. This is a source record, not a claim about the load-order winner."
3606774881:vessels/usn_ddg_arleigh_flt2A_108_2027,usn_ddg_arleigh_flt2A_108_2027,Arleigh Burke `27-class Flt.2A [108-112],Ships,vessels,,,,U.S. Navy 2027 Capabilities,mods-source/3606774881/vessels/usn_ddg_arleigh_flt2A_108_2027.ini,"[""3606774881""]",#!alias vessels/usn_ddg_burke_f2a_108_late.ini,,,photo_gap,,pending,"Candidate family/component reference only. Verify visible variant, operator, era and configuration. This is a source record, not a claim about the load-order winner."
3606774881:vessels/usn_ddg_arleigh_flt2A_113_2027,usn_ddg_arleigh_flt2A_113_2027,Arleigh Burke `27-class Flt.2A [113~118],Ships,vessels,,,,U.S. Navy 2027 Capabilities,mods-source/3606774881/vessels/usn_ddg_arleigh_flt2A_113_2027.ini,"[""3606774881""]",#!alias vessels/usn_ddg_burke_f2a_113.ini,,,photo_gap,,pending,"Candidate family/component reference only. Verify visible variant, operator, era and configuration. This is a source record, not a claim about the load-order winner."
3606774881:vessels/usn_ddg_arleigh_flt2A_117_2027,usn_ddg_arleigh_flt2A_117_2027,Arleigh Burke `27-class Flt.2A [117],Ships,vessels,,,,U.S. Navy 2027 Capabilities,mods-source/3606774881/vessels/usn_ddg_arleigh_flt2A_117_2027.ini,"[""3606774881""]",#!alias vessels/usn_ddg_burke_f2a_117.ini,,,photo_gap,,pending,"Candidate family/component reference only. Verify visible variant, operator, era and configuration. This is a source record, not a claim about the load-order winner."
3606774881:vessels/usn_ddg_arleigh_flt2A_119_2027,usn_ddg_arleigh_flt2A_119_2027,Arleigh Burke `27-class Flt.2A [119~127],Ships,vessels,,,,U.S. Navy 2027 Capabilities,mods-source/3606774881/vessels/usn_ddg_arleigh_flt2A_119_2027.ini,"[""3606774881""]",#!alias vessels/usn_ddg_burke_f2a_119.ini,,,photo_gap,,pending,"Candidate family/component reference only. Verify visible variant, operator, era and configuration. This is a source record, not a claim about the load-order winner."
3606774881:vessels/usn_ssn_los_angeles_flt3_2027,usn_ssn_los_angeles_flt3_2027,Los Angeles-class Flight 3 (2027),Submarines,vessels,Submarine,,,U.S. Navy 2027 Capabilities,mods-source/3606774881/vessels/usn_ssn_los_angeles_flt3_2027.ini,"[""3606774881""]",,,,photo_gap,,pending,"Candidate family/component reference only. Verify visible variant, operator, era and configuration. This is a source record, not a claim about the load-order winner."
3606774881:ammunition/usn_aim-424,usn_aim-424,usn_aim-424,Weapons & ammunition,ammunition,,,,U.S. Navy 2027 Capabilities,mods-source/3606774881/ammunition/usn_aim-424.ini,"[""3606774881""]",,,,photo_gap,,pending,"Candidate family/component reference only. Verify visible variant, operator, era and configuration. This is a source record, not a claim about the load-order winner."
3606774881:ammunition/usn_rgm-109j,usn_rgm-109j,usn_rgm-109j,Weapons & ammunition,ammunition,,,,U.S. Navy 2027 Capabilities,mods-source/3606774881/ammunition/usn_rgm-109j.ini,"[""3606774881""]",,,,photo_gap,,pending,"Candidate family/component reference only. Verify visible variant, operator, era and configuration. This is a source record, not a claim about the load-order winner."
3606774881:ammunition/usn_ugm-109j,usn_ugm-109j,usn_ugm-109j,Weapons & ammunition,ammunition,,,,U.S. Navy 2027 Capabilities,mods-source/3606774881/ammunition/usn_ugm-109j.ini,"[""3606774881""]",#!alias ammunition/usn_rgm-109j.ini,,,photo_gap,,pending,"Candidate family/component reference only. Verify visible variant, operator, era and configuration. This is a source record, not a claim about the load-order winner."
3607989779:ammunition/b-2_jassm,b-2_jassm,b-2_jassm,Weapons & ammunition,ammunition,,,,F-35C Lightning II Alt. Loadouts,mods-source/3607989779/ammunition/b-2_jassm.ini,"[""3607989779""]",,,,photo_gap,,pending,"Candidate family/component reference only. Verify visible variant, operator, era and configuration. This is a source record, not a claim about the load-order winner."
3607989779:ammunition/b-2_lrasm_ER,b-2_lrasm_ER,b-2_lrasm_ER,Weapons & ammunition,ammunition,,,,F-35C Lightning II Alt. Loadouts,mods-source/3607989779/ammunition/b-2_lrasm_ER.ini,"[""3607989779""]",#!alias ammunition/b-2_lrasm.ini,,,photo_gap,,pending,"Candidate family/component reference only. Verify visible variant, operator, era and configuration. This is a source record, not a claim about the load-order winner."
3607989779:ammunition/usn_aim-260a,usn_aim-260a,usn_aim-260a,Weapons & ammunition,ammunition,,,,F-35C Lightning II Alt. Loadouts,mods-source/3607989779/ammunition/usn_aim-260a.ini,"[""3607989779""]",,,,photo_gap,,pending,"Candidate family/component reference only. Verify visible variant, operator, era and configuration. This is a source record, not a claim about the load-order winner."
3607989779:ammunition/usn_jsm,usn_jsm,usn_jsm,Weapons & ammunition,ammunition,,,,F-35C Lightning II Alt. Loadouts,mods-source/3607989779/ammunition/usn_jsm.ini,"[""3607989779""]",,,,photo_gap,,pending,"Candidate family/component reference only. Verify visible variant, operator, era and configuration. This is a source record, not a claim about the load-order winner."
3628201887:vessels/fra_cv_clemenceau_60_deck_parkings,fra_cv_clemenceau_60_deck_parkings,Clemenceau-class (1960)(Deck Parkings),Ships,vessels,Vessel,,,Clemenceau -class Aircraft Carrier,mods-source/3628201887/vessels/fra_cv_clemenceau_60_deck_parkings.ini,"[""3628201887""]",,,,photo_gap,,pending,"Candidate family/component reference only. Verify visible variant, operator, era and configuration. This is a source record, not a claim about the load-order winner."
3628201887:vessels/fra_cv_clemenceau_60_low,fra_cv_clemenceau_60_low,Clemenceau-class (1960),Ships,vessels,Vessel,,,Clemenceau -class Aircraft Carrier,mods-source/3628201887/vessels/fra_cv_clemenceau_60_low.ini,"[""3628201887""]",,,,photo_gap,,pending,"Candidate family/component reference only. Verify visible variant, operator, era and configuration. This is a source record, not a claim about the load-order winner."
3628201887:vessels/fra_cv_clemenceau_70_deck_parkings,fra_cv_clemenceau_70_deck_parkings,Clemenceau-class (1970)(Deck Parkings),Ships,vessels,Vessel,,,Clemenceau -class Aircraft Carrier,mods-source/3628201887/vessels/fra_cv_clemenceau_70_deck_parkings.ini,"[""3628201887""]",,,,photo_gap,,pending,"Candidate family/component reference only. Verify visible variant, operator, era and configuration. This is a source record, not a claim about the load-order winner."
3628201887:vessels/fra_cv_clemenceau_70_low,fra_cv_clemenceau_70_low,Clemenceau-class (1970),Ships,vessels,Vessel,,,Clemenceau -class Aircraft Carrier,mods-source/3628201887/vessels/fra_cv_clemenceau_70_low.ini,"[""3628201887""]",,,,photo_gap,,pending,"Candidate family/component reference only. Verify visible variant, operator, era and configuration. This is a source record, not a claim about the load-order winner."
3628201887:vessels/fra_cv_clemenceau_80_deck_parkings,fra_cv_clemenceau_80_deck_parkings,Clemenceau-class (1980)(Deck Parkings),Ships,vessels,Vessel,,,Clemenceau -class Aircraft Carrier,mods-source/3628201887/vessels/fra_cv_clemenceau_80_deck_parkings.ini,"[""3628201887""]",,,,photo_gap,,pending,"Candidate family/component reference only. Verify visible variant, operator, era and configuration. This is a source record, not a claim about the load-order winner."
3628201887:vessels/fra_cv_clemenceau_80_low,fra_cv_clemenceau_80_low,Clemenceau-class (1980),Ships,vessels,Vessel,,,Clemenceau -class Aircraft Carrier,mods-source/3628201887/vessels/fra_cv_clemenceau_80_low.ini,"[""3628201887""]",,,,photo_gap,,pending,"Candidate family/component reference only. Verify visible variant, operator, era and configuration. This is a source record, not a claim about the load-order winner."
3628201887:vessels/fra_cv_clemenceau_90_deck_parkings,fra_cv_clemenceau_90_deck_parkings,Clemenceau-class (1990)(Deck Parkings),Ships,vessels,Vessel,,,Clemenceau -class Aircraft Carrier,mods-source/3628201887/vessels/fra_cv_clemenceau_90_deck_parkings.ini,"[""3628201887""]",,,,photo_gap,,pending,"Candidate family/component reference only. Verify visible variant, operator, era and configuration. This is a source record, not a claim about the load-order winner."
3628201887:vessels/fra_cv_clemenceau_90_low,fra_cv_clemenceau_90_low,Clemenceau-class (1990),Ships,vessels,Vessel,,,Clemenceau -class Aircraft Carrier,mods-source/3628201887/vessels/fra_cv_clemenceau_90_low.ini,"[""3628201887""]",,,,photo_gap,,pending,"Candidate family/component reference only. Verify visible variant, operator, era and configuration. This is a source record, not a claim about the load-order winner."
3628201887:ammunition/fr_cal_100mm,fr_cal_100mm,fr_cal_100mm,Weapons & ammunition,ammunition,,,,Clemenceau -class Aircraft Carrier,mods-source/3628201887/ammunition/fr_cal_100mm.ini,"[""3628201887""]",,,,photo_gap,,pending,"Candidate family/component reference only. Verify visible variant, operator, era and configuration. This is a source record, not a claim about the load-order winner."
3628201887:ammunition/fra_R440,fra_R440,fra_R440,Weapons & ammunition,ammunition,,,,Clemenceau -class Aircraft Carrier,mods-source/3628201887/ammunition/fra_R440.ini,"[""3628201887""]",,,,photo_gap,,pending,"Candidate family/component reference only. Verify visible variant, operator, era and configuration. This is a source record, not a claim about the load-order winner."
3628203171:ammunition/depth_charge,depth_charge,depth_charge,Weapons & ammunition,ammunition,,,,Bréguet Br.1050 Alizé,mods-source/3628203171/ammunition/depth_charge.ini,"[""3628203171""]",,,,photo_gap,,pending,"Candidate family/component reference only. Verify visible variant, operator, era and configuration. This is a source record, not a claim about the load-order winner."
3628203171:ammunition/fr_DTCN_L4,fr_DTCN_L4,fr_DTCN_L4,Weapons & ammunition,ammunition,,,,Bréguet Br.1050 Alizé,mods-source/3628203171/ammunition/fr_DTCN_L4.ini,"[""3628203171""]",,,,photo_gap,,pending,"Candidate family/component reference only. Verify visible variant, operator, era and configuration. This is a source record, not a claim about the load-order winner."
3628203171:ammunition/fr_as12,fr_as12,fr_as12,Weapons & ammunition,ammunition,,,,Bréguet Br.1050 Alizé,mods-source/3628203171/ammunition/fr_as12.ini,"[""3628203171""]",,,,photo_gap,,pending,"Candidate family/component reference only. Verify visible variant, operator, era and configuration. This is a source record, not a claim about the load-order winner."
3628203171:ammunition/rn_gp_1000,rn_gp_1000,rn_gp_1000,Weapons & ammunition,ammunition,,,,Bréguet Br.1050 Alizé,mods-source/3628203171/ammunition/rn_gp_1000.ini,"[""3628203171""]",,,,photo_gap,,pending,"Candidate family/component reference only. Verify visible variant, operator, era and configuration. This is a source record, not a claim about the load-order winner."
3628203171:ammunition/rn_gp_500,rn_gp_500,rn_gp_500,Weapons & ammunition,ammunition,,,,Bréguet Br.1050 Alizé,mods-source/3628203171/ammunition/rn_gp_500.ini,"[""3628203171""]",,,,photo_gap,,pending,"Candidate family/component reference only. Verify visible variant, operator, era and configuration. This is a source record, not a claim about the load-order winner."
3628203171:ammunition/rn_rp_3_ap,rn_rp_3_ap,rn_rp_3_ap,Weapons & ammunition,ammunition,,,,Bréguet Br.1050 Alizé,mods-source/3628203171/ammunition/rn_rp_3_ap.ini,"[""3628203171""]",,,,photo_gap,,pending,"Candidate family/component reference only. Verify visible variant, operator, era and configuration. This is a source record, not a claim about the load-order winner."
3628203171:ammunition/rn_rp_3_sap,rn_rp_3_sap,rn_rp_3_sap,Weapons & ammunition,ammunition,,,,Bréguet Br.1050 Alizé,mods-source/3628203171/ammunition/rn_rp_3_sap.ini,"[""3628203171""]",,,,photo_gap,,pending,"Candidate family/component reference only. Verify visible variant, operator, era and configuration. This is a source record, not a claim about the load-order winner."
3628203171:ammunition/usn_ssq-47,usn_ssq-47,usn_ssq-47,Weapons & ammunition,ammunition,,,,Bréguet Br.1050 Alizé,mods-source/3628203171/ammunition/usn_ssq-47.ini,"[""3628203171""]",,,,photo_gap,,pending,"Candidate family/component reference only. Verify visible variant, operator, era and configuration. This is a source record, not a claim about the load-order winner."
3628247436:ammunition/fr_as_20,fr_as_20,fr_as_20,Weapons & ammunition,ammunition,,,,Sea Venom - Aquilon,mods-source/3628247436/ammunition/fr_as_20.ini,"[""3628247436""]",,,,photo_gap,,pending,"Candidate family/component reference only. Verify visible variant, operator, era and configuration. This is a source record, not a claim about the load-order winner."
3628247436:ammunition/fr_r511,fr_r511,fr_r511,Weapons & ammunition,ammunition,,,,Sea Venom - Aquilon,mods-source/3628247436/ammunition/fr_r511.ini,"[""3628247436""]",,,,photo_gap,,pending,"Candidate family/component reference only. Verify visible variant, operator, era and configuration. This is a source record, not a claim about the load-order winner."
3628247436:ammunition/rn_cal_20mm,rn_cal_20mm,rn_cal_20mm,Weapons & ammunition,ammunition,,,,Sea Venom - Aquilon,mods-source/3628247436/ammunition/rn_cal_20mm.ini,"[""3628247436""]",,,,photo_gap,,pending,"Candidate family/component reference only. Verify visible variant, operator, era and configuration. This is a source record, not a claim about the load-order winner."
3628247436:ammunition/rn_rp3_ap_rack_l,rn_rp3_ap_rack_l,rn_rp3_ap_rack_l,Weapons & ammunition,ammunition,,,,Sea Venom - Aquilon,mods-source/3628247436/ammunition/rn_rp3_ap_rack_l.ini,"[""3628247436""]",,,,photo_gap,,pending,"Candidate family/component reference only. Verify visible variant, operator, era and configuration. This is a source record, not a claim about the load-order winner."
3628247436:ammunition/rn_rp3_ap_rack_r,rn_rp3_ap_rack_r,rn_rp3_ap_rack_r,Weapons & ammunition,ammunition,,,,Sea Venom - Aquilon,mods-source/3628247436/ammunition/rn_rp3_ap_rack_r.ini,"[""3628247436""]",,,,photo_gap,,pending,"Candidate family/component reference only. Verify visible variant, operator, era and configuration. This is a source record, not a claim about the load-order winner."
3628247436:ammunition/rn_rp3_sap_rack_l,rn_rp3_sap_rack_l,rn_rp3_sap_rack_l,Weapons & ammunition,ammunition,,,,Sea Venom - Aquilon,mods-source/3628247436/ammunition/rn_rp3_sap_rack_l.ini,"[""3628247436""]",,,,photo_gap,,pending,"Candidate family/component reference only. Verify visible variant, operator, era and configuration. This is a source record, not a claim about the load-order winner."
3628247436:ammunition/rn_rp3_sap_rack_r,rn_rp3_sap_rack_r,rn_rp3_sap_rack_r,Weapons & ammunition,ammunition,,,,Sea Venom - Aquilon,mods-source/3628247436/ammunition/rn_rp3_sap_rack_r.ini,"[""3628247436""]",,,,photo_gap,,pending,"Candidate family/component reference only. Verify visible variant, operator, era and configuration. This is a source record, not a claim about the load-order winner."
3628247436:ammunition/rn_rp_3_ap,rn_rp_3_ap,rn_rp_3_ap,Weapons & ammunition,ammunition,,,,Sea Venom - Aquilon,mods-source/3628247436/ammunition/rn_rp_3_ap.ini,"[""3628247436""]",,,,photo_gap,,pending,"Candidate family/component reference only. Verify visible variant, operator, era and configuration. This is a source record, not a claim about the load-order winner."
3628247436:ammunition/rn_rp_3_sap,rn_rp_3_sap,rn_rp_3_sap,Weapons & ammunition,ammunition,,,,Sea Venom - Aquilon,mods-source/3628247436/ammunition/rn_rp_3_sap.ini,"[""3628247436""]",,,,photo_gap,,pending,"Candidate family/component reference only. Verify visible variant, operator, era and configuration. This is a source record, not a claim about the load-order winner."
3629144864:ammunition/30mm_SeaSnake_ABM,30mm_SeaSnake_ABM,30mm_SeaSnake_ABM,Weapons & ammunition,ammunition,,,,Euromod - Main Pack,mods-source/3629144864/ammunition/30mm_SeaSnake_ABM.ini,"[""3629144864""]",,,,photo_gap,,pending,"Candidate family/component reference only. Verify visible variant, operator, era and configuration. This is a source record, not a claim about the load-order winner."
3629144864:ammunition/30mm_SeaSnake_AP,30mm_SeaSnake_AP,30mm_SeaSnake_AP,Weapons & ammunition,ammunition,,,,Euromod - Main Pack,mods-source/3629144864/ammunition/30mm_SeaSnake_AP.ini,"[""3629144864""]",,,,photo_gap,,pending,"Candidate family/component reference only. Verify visible variant, operator, era and configuration. This is a source record, not a claim about the load-order winner."
3629144864:ammunition/am_as34,am_as34,am_as34,Weapons & ammunition,ammunition,,,,Euromod - Main Pack,mods-source/3629144864/ammunition/am_as34.ini,"[""3629144864""]",,,,photo_gap,,pending,"Candidate family/component reference only. Verify visible variant, operator, era and configuration. This is a source record, not a claim about the load-order winner."
3629144864:ammunition/am_as34_2,am_as34_2,am_as34_2,Weapons & ammunition,ammunition,,,,Euromod - Main Pack,mods-source/3629144864/ammunition/am_as34_2.ini,"[""3629144864""]",,,,photo_gap,,pending,"Candidate family/component reference only. Verify visible variant, operator, era and configuration. This is a source record, not a claim about the load-order winner."
3629144864:ammunition/am_cal_27mm,am_cal_27mm,am_cal_27mm,Weapons & ammunition,ammunition,,,,Euromod - Main Pack,mods-source/3629144864/ammunition/am_cal_27mm.ini,"[""3629144864""]",,,,photo_gap,,pending,"Candidate family/component reference only. Verify visible variant, operator, era and configuration. This is a source record, not a claim about the load-order winner."
3629144864:ammunition/am_kb44,am_kb44,am_kb44,Weapons & ammunition,ammunition,,,,Euromod - Main Pack,mods-source/3629144864/ammunition/am_kb44.ini,"[""3629144864""]",,,,photo_gap,,pending,"Candidate family/component reference only. Verify visible variant, operator, era and configuration. This is a source record, not a claim about the load-order winner."
3629144864:ammunition/am_stabo,am_stabo,am_stabo,Weapons & ammunition,ammunition,,,,Euromod - Main Pack,mods-source/3629144864/ammunition/am_stabo.ini,"[""3629144864""]",,,,photo_gap,,pending,"Candidate family/component reference only. Verify visible variant, operator, era and configuration. This is a source record, not a claim about the load-order winner."
3629144864:ammunition/bofors_cal_57mm_3P,bofors_cal_57mm_3P,bofors_cal_57mm_3P,Weapons & ammunition,ammunition,,,,Euromod - Main Pack,mods-source/3629144864/ammunition/bofors_cal_57mm_3P.ini,"[""3629144864""]",,,,photo_gap,,pending,"Candidate family/component reference only. Verify visible variant, operator, era and configuration. This is a source record, not a claim about the load-order winner."
3629144864:ammunition/eu_30mm,eu_30mm,eu_30mm,Weapons & ammunition,ammunition,,,,Euromod - Main Pack,mods-source/3629144864/ammunition/eu_30mm.ini,"[""3629144864""]",,,,photo_gap,,pending,"Candidate family/component reference only. Verify visible variant, operator, era and configuration. This is a source record, not a claim about the load-order winner."
3629144864:ammunition/eu_30mm_kcb,eu_30mm_kcb,eu_30mm_kcb,Weapons & ammunition,ammunition,,,,Euromod - Main Pack,mods-source/3629144864/ammunition/eu_30mm_kcb.ini,"[""3629144864""]",,,,photo_gap,,pending,"Candidate family/component reference only. Verify visible variant, operator, era and configuration. This is a source record, not a claim about the load-order winner."
3629144864:ammunition/eu_35mm_AHEAD,eu_35mm_AHEAD,eu_35mm_AHEAD,Weapons & ammunition,ammunition,,,,Euromod - Main Pack,mods-source/3629144864/ammunition/eu_35mm_AHEAD.ini,"[""3629144864""]",,,,photo_gap,,pending,"Candidate family/component reference only. Verify visible variant, operator, era and configuration. This is a source record, not a claim about the load-order winner."
3629144864:ammunition/eu_cal_05in,eu_cal_05in,eu_cal_05in,Weapons & ammunition,ammunition,,,,Euromod - Main Pack,mods-source/3629144864/ammunition/eu_cal_05in.ini,"[""3629144864""]",,,,photo_gap,,pending,"Candidate family/component reference only. Verify visible variant, operator, era and configuration. This is a source record, not a claim about the load-order winner."
3629144864:ammunition/eu_seawolf_GWS26,eu_seawolf_GWS26,eu_seawolf_GWS26,Weapons & ammunition,ammunition,,,,Euromod - Main Pack,mods-source/3629144864/ammunition/eu_seawolf_GWS26.ini,"[""3629144864""]",,,,photo_gap,,pending,"Candidate family/component reference only. Verify visible variant, operator, era and configuration. This is a source record, not a claim about the load-order winner."
3629144864:ammunition/fi_MTO_85,fi_MTO_85,fi_MTO_85,Weapons & ammunition,ammunition,,,,Euromod - Main Pack,mods-source/3629144864/ammunition/fi_MTO_85.ini,"[""3629144864""]",,,,photo_gap,,pending,"Candidate family/component reference only. Verify visible variant, operator, era and configuration. This is a source record, not a claim about the load-order winner."
3629144864:ammunition/fr_F21,fr_F21,fr_F21,Weapons & ammunition,ammunition,,,,Euromod - Main Pack,mods-source/3629144864/ammunition/fr_F21.ini,"[""3629144864""]",,,,photo_gap,,pending,"Candidate family/component reference only. Verify visible variant, operator, era and configuration. This is a source record, not a claim about the load-order winner."
3629144864:ammunition/fr__f21,fr__f21,fr__f21,Weapons & ammunition,ammunition,,,,Euromod - Main Pack,mods-source/3629144864/ammunition/fr__f21.ini,"[""3629144864""]",,,,photo_gap,,pending,"Candidate family/component reference only. Verify visible variant, operator, era and configuration. This is a source record, not a claim about the load-order winner."
3629144864:ammunition/fr__mdcn,fr__mdcn,fr__mdcn,Weapons & ammunition,ammunition,,,,Euromod - Main Pack,mods-source/3629144864/ammunition/fr__mdcn.ini,"[""3629144864""]",,,,photo_gap,,pending,"Candidate family/component reference only. Verify visible variant, operator, era and configuration. This is a source record, not a claim about the load-order winner."
3629144864:ammunition/fr_cal_100mm,fr_cal_100mm,fr_cal_100mm,Weapons & ammunition,ammunition,,,,Euromod - Main Pack,mods-source/3629144864/ammunition/fr_cal_100mm.ini,"[""3629144864""]",,,,photo_gap,,pending,"Candidate family/component reference only. Verify visible variant, operator, era and configuration. This is a source record, not a claim about the load-order winner."
3629144864:ammunition/fr_cal_20mm,fr_cal_20mm,fr_cal_20mm,Weapons & ammunition,ammunition,,,,Euromod - Main Pack,mods-source/3629144864/ammunition/fr_cal_20mm.ini,"[""3629144864""]",,,,photo_gap,,pending,"Candidate family/component reference only. Verify visible variant, operator, era and configuration. This is a source record, not a claim about the load-order winner."
3629144864:ammunition/fr_cal_762x51mm,fr_cal_762x51mm,fr_cal_762x51mm,Weapons & ammunition,ammunition,,,,Euromod - Main Pack,mods-source/3629144864/ammunition/fr_cal_762x51mm.ini,"[""3629144864""]",,,,photo_gap,,pending,"Candidate family/component reference only. Verify visible variant, operator, era and configuration. This is a source record, not a claim about the load-order winner."
3629144864:ammunition/fr_cal_76mm,fr_cal_76mm,fr_cal_76mm,Weapons & ammunition,ammunition,,,,Euromod - Main Pack,mods-source/3629144864/ammunition/fr_cal_76mm.ini,"[""3629144864""]",,,,photo_gap,,pending,"Candidate family/component reference only. Verify visible variant, operator, era and configuration. This is a source record, not a claim about the load-order winner."
3629144864:ammunition/fr_canto,fr_canto,fr_canto,Weapons & ammunition,ammunition,,,,Euromod - Main Pack,mods-source/3629144864/ammunition/fr_canto.ini,"[""3629144864""]",,,,photo_gap,,pending,"Candidate family/component reference only. Verify visible variant, operator, era and configuration. This is a source record, not a claim about the load-order winner."
3629144864:ammunition/fr_mdcn,fr_mdcn,fr_mdcn,Weapons & ammunition,ammunition,,,,Euromod - Main Pack,mods-source/3629144864/ammunition/fr_mdcn.ini,"[""3629144864""]",,,,photo_gap,,pending,"Candidate family/component reference only. Verify visible variant, operator, era and configuration. This is a source record, not a claim about the load-order winner."
3629144864:ammunition/ger_27mm,ger_27mm,ger_27mm,Weapons & ammunition,ammunition,,,,Euromod - Main Pack,mods-source/3629144864/ammunition/ger_27mm.ini,"[""3629144864""]",,,,photo_gap,,pending,"Candidate family/component reference only. Verify visible variant, operator, era and configuration. This is a source record, not a claim about the load-order winner."
3629144864:ammunition/ger_27mm_fapds,ger_27mm_fapds,ger_27mm_fapds,Weapons & ammunition,ammunition,,,,Euromod - Main Pack,mods-source/3629144864/ammunition/ger_27mm_fapds.ini,"[""3629144864""]",,,,photo_gap,,pending,"Candidate family/component reference only. Verify visible variant, operator, era and configuration. This is a source record, not a claim about the load-order winner."
3629144864:ammunition/ger_3DDS,ger_3DDS,ger_3DDS,Weapons & ammunition,ammunition,,,,Euromod - Main Pack,mods-source/3629144864/ammunition/ger_3DDS.ini,"[""3629144864""]",,,,photo_gap,,pending,"Candidate family/component reference only. Verify visible variant, operator, era and configuration. This is a source record, not a claim about the load-order winner."
3629144864:ammunition/ger_C303S_MTE,ger_C303S_MTE,ger_C303S_MTE,Weapons & ammunition,ammunition,,,,Euromod - Main Pack,mods-source/3629144864/ammunition/ger_C303S_MTE.ini,"[""3629144864""]",,,,photo_gap,,pending,"Candidate family/component reference only. Verify visible variant, operator, era and configuration. This is a source record, not a claim about the load-order winner."
3629144864:ammunition/ger_C303S_noisemaker,ger_C303S_noisemaker,ger_C303S_noisemaker,Weapons & ammunition,ammunition,,,,Euromod - Main Pack,mods-source/3629144864/ammunition/ger_C303S_noisemaker.ini,"[""3629144864""]",,,,photo_gap,,pending,"Candidate family/component reference only. Verify visible variant, operator, era and configuration. This is a source record, not a claim about the load-order winner."
3629144864:ammunition/ger_HEL,ger_HEL,ger_HEL,Weapons & ammunition,ammunition,,,,Euromod - Main Pack,mods-source/3629144864/ammunition/ger_HEL.ini,"[""3629144864""]",,,,photo_gap,,pending,"Candidate family/component reference only. Verify visible variant, operator, era and configuration. This is a source record, not a claim about the load-order winner."
3629144864:ammunition/ger_IDAS,ger_IDAS,ger_IDAS,Weapons & ammunition,ammunition,,,,Euromod - Main Pack,mods-source/3629144864/ammunition/ger_IDAS.ini,"[""3629144864""]",,,,photo_gap,,pending,"Candidate family/component reference only. Verify visible variant, operator, era and configuration. This is a source record, not a claim about the load-order winner."
3629144864:ammunition/ger_MASS_ATD_noisemaker,ger_MASS_ATD_noisemaker,ger_MASS_ATD_noisemaker,Weapons & ammunition,ammunition,,,,Euromod - Main Pack,mods-source/3629144864/ammunition/ger_MASS_ATD_noisemaker.ini,"[""3629144864""]",,,,photo_gap,,pending,"Candidate family/component reference only. Verify visible variant, operator, era and configuration. This is a source record, not a claim about the load-order winner."
3629144864:ammunition/ger_MASS_omnitrap,ger_MASS_omnitrap,ger_MASS_omnitrap,Weapons & ammunition,ammunition,,,,Euromod - Main Pack,mods-source/3629144864/ammunition/ger_MASS_omnitrap.ini,"[""3629144864""]",,,,photo_gap,,pending,"Candidate family/component reference only. Verify visible variant, operator, era and configuration. This is a source record, not a claim about the load-order winner."
3629144864:ammunition/ger_cal_762,ger_cal_762,ger_cal_762,Weapons & ammunition,ammunition,,,,Euromod - Main Pack,mods-source/3629144864/ammunition/ger_cal_762.ini,"[""3629144864""]",,,,photo_gap,,pending,"Candidate family/component reference only. Verify visible variant, operator, era and configuration. This is a source record, not a claim about the load-order winner."
3629144864:ammunition/ger_dm2a3,ger_dm2a3,ger_dm2a3,Weapons & ammunition,ammunition,,,,Euromod - Main Pack,mods-source/3629144864/ammunition/ger_dm2a3.ini,"[""3629144864""]",,,,photo_gap,,pending,"Candidate family/component reference only. Verify visible variant, operator, era and configuration. This is a source record, not a claim about the load-order winner."
3629144864:ammunition/ger_dm2a4,ger_dm2a4,ger_dm2a4,Weapons & ammunition,ammunition,,,,Euromod - Main Pack,mods-source/3629144864/ammunition/ger_dm2a4.ini,"[""3629144864""]",,,,photo_gap,,pending,"Candidate family/component reference only. Verify visible variant, operator, era and configuration. This is a source record, not a claim about the load-order winner."
3629144864:ammunition/ger_dm2a4_er,ger_dm2a4_er,ger_dm2a4_er,Weapons & ammunition,ammunition,,,,Euromod - Main Pack,mods-source/3629144864/ammunition/ger_dm2a4_er.ini,"[""3629144864""]",,,,photo_gap,,pending,"Candidate family/component reference only. Verify visible variant, operator, era and configuration. This is a source record, not a claim about the load-order winner."
3629144864:ammunition/ger_dm2a5,ger_dm2a5,ger_dm2a5,Weapons & ammunition,ammunition,,,,Euromod - Main Pack,mods-source/3629144864/ammunition/ger_dm2a5.ini,"[""3629144864""]",,,,photo_gap,,pending,"Candidate family/component reference only. Verify visible variant, operator, era and configuration. This is a source record, not a claim about the load-order winner."
3629144864:ammunition/ger_g7e,ger_g7e,ger_g7e,Weapons & ammunition,ammunition,,,,Euromod - Main Pack,mods-source/3629144864/ammunition/ger_g7e.ini,"[""3629144864""]",,,,photo_gap,,pending,"Candidate family/component reference only. Verify visible variant, operator, era and configuration. This is a source record, not a claim about the load-order winner."
3629144864:ammunition/ger_sst3,ger_sst3,ger_sst3,Weapons & ammunition,ammunition,,,,Euromod - Main Pack,mods-source/3629144864/ammunition/ger_sst3.ini,"[""3629144864""]",,,,photo_gap,,pending,"Candidate family/component reference only. Verify visible variant, operator, era and configuration. This is a source record, not a claim about the load-order winner."
3629144864:ammunition/ger_sut_226,ger_sut_226,ger_sut_226,Weapons & ammunition,ammunition,,,,Euromod - Main Pack,mods-source/3629144864/ammunition/ger_sut_226.ini,"[""3629144864""]",,,,photo_gap,,pending,"Candidate family/component reference only. Verify visible variant, operator, era and configuration. This is a source record, not a claim about the load-order winner."
3629144864:ammunition/ger_sut_264,ger_sut_264,ger_sut_264,Weapons & ammunition,ammunition,,,,Euromod - Main Pack,mods-source/3629144864/ammunition/ger_sut_264.ini,"[""3629144864""]",,,,photo_gap,,pending,"Candidate family/component reference only. Verify visible variant, operator, era and configuration. This is a source record, not a claim about the load-order winner."
3629144864:ammunition/gre_as11,gre_as11,gre_as11,Weapons & ammunition,ammunition,,,,Euromod - Main Pack,mods-source/3629144864/ammunition/gre_as11.ini,"[""3629144864""]",,,,photo_gap,,pending,"Candidate family/component reference only. Verify visible variant, operator, era and configuration. This is a source record, not a claim about the load-order winner."
3629144864:ammunition/gre_as12,gre_as12,gre_as12,Weapons & ammunition,ammunition,,,,Euromod - Main Pack,mods-source/3629144864/ammunition/gre_as12.ini,"[""3629144864""]",,,,photo_gap,,pending,"Candidate family/component reference only. Verify visible variant, operator, era and configuration. This is a source record, not a claim about the load-order winner."
3629144864:ammunition/it_canto,it_canto,it_canto,Weapons & ammunition,ammunition,,,,Euromod - Main Pack,mods-source/3629144864/ammunition/it_canto.ini,"[""3629144864""]",,,,photo_gap,,pending,"Candidate family/component reference only. Verify visible variant, operator, era and configuration. This is a source record, not a claim about the load-order winner."
3629144864:ammunition/it_sclarh,it_sclarh,it_sclarh,Weapons & ammunition,ammunition,,,,Euromod - Main Pack,mods-source/3629144864/ammunition/it_sclarh.ini,"[""3629144864""]",,,,photo_gap,,pending,"Candidate family/component reference only. Verify visible variant, operator, era and configuration. This is a source record, not a claim about the load-order winner."
3629144864:ammunition/ita_blackshark,ita_blackshark,ita_blackshark,Weapons & ammunition,ammunition,,,,Euromod - Main Pack,mods-source/3629144864/ammunition/ita_blackshark.ini,"[""3629144864""]",,,,photo_gap,,pending,"Candidate family/component reference only. Verify visible variant, operator, era and configuration. This is a source record, not a claim about the load-order winner."
3629144864:ammunition/ita_cal_127mm,ita_cal_127mm,ita_cal_127mm,Weapons & ammunition,ammunition,,,,Euromod - Main Pack,mods-source/3629144864/ammunition/ita_cal_127mm.ini,"[""3629144864""]",#!alias ammunition/leo_cal_127mm_HE-PFF.ini,,,photo_gap,,pending,"Candidate family/component reference only. Verify visible variant, operator, era and configuration. This is a source record, not a claim about the load-order winner."
3629144864:ammunition/ita_cal_76mm,ita_cal_76mm,ita_cal_76mm,Weapons & ammunition,ammunition,,,,Euromod - Main Pack,mods-source/3629144864/ammunition/ita_cal_76mm.ini,"[""3629144864""]",,,,photo_gap,,pending,"Candidate family/component reference only. Verify visible variant, operator, era and configuration. This is a source record, not a claim about the load-order winner."
3629144864:ammunition/ita_cal_76mm_dart,ita_cal_76mm_dart,ita_cal_76mm_dart,Weapons & ammunition,ammunition,,,,Euromod - Main Pack,mods-source/3629144864/ammunition/ita_cal_76mm_dart.ini,"[""3629144864""]",,,,photo_gap,,pending,"Candidate family/component reference only. Verify visible variant, operator, era and configuration. This is a source record, not a claim about the load-order winner."
3629144864:ammunition/ita_canto-v,ita_canto-v,ita_canto-v,Weapons & ammunition,ammunition,,,,Euromod - Main Pack,mods-source/3629144864/ammunition/ita_canto-v.ini,"[""3629144864""]",,,,photo_gap,,pending,"Candidate family/component reference only. Verify visible variant, operator, era and configuration. This is a source record, not a claim about the load-order winner."
3629144864:ammunition/js_ssm-1b,js_ssm-1b,js_ssm-1b,Weapons & ammunition,ammunition,,,,Euromod - Main Pack,mods-source/3629144864/ammunition/js_ssm-1b.ini,"[""3629144864""]",,,,photo_gap,,pending,"Candidate family/component reference only. Verify visible variant, operator, era and configuration. This is a source record, not a claim about the load-order winner."
3629144864:ammunition/knm_3sm_tyrfing,knm_3sm_tyrfing,knm_3sm_tyrfing,Weapons & ammunition,ammunition,,,,Euromod - Main Pack,mods-source/3629144864/ammunition/knm_3sm_tyrfing.ini,"[""3629144864""]",,,,photo_gap,,pending,"Candidate family/component reference only. Verify visible variant, operator, era and configuration. This is a source record, not a claim about the load-order winner."
3629144864:ammunition/leo_cal_127mm_HE-PD,leo_cal_127mm_HE-PD,leo_cal_127mm_HE-PD,Weapons & ammunition,ammunition,,,,Euromod - Main Pack,mods-source/3629144864/ammunition/leo_cal_127mm_HE-PD.ini,"[""3629144864""]",,,,photo_gap,,pending,"Candidate family/component reference only. Verify visible variant, operator, era and configuration. This is a source record, not a claim about the load-order winner."
3629144864:ammunition/leo_cal_127mm_HE-PFF,leo_cal_127mm_HE-PFF,leo_cal_127mm_HE-PFF,Weapons & ammunition,ammunition,,,,Euromod - Main Pack,mods-source/3629144864/ammunition/leo_cal_127mm_HE-PFF.ini,"[""3629144864""]",,,,photo_gap,,pending,"Candidate family/component reference only. Verify visible variant, operator, era and configuration. This is a source record, not a claim about the load-order winner."
3629144864:ammunition/leo_cal_127mm_HE-VT,leo_cal_127mm_HE-VT,leo_cal_127mm_HE-VT,Weapons & ammunition,ammunition,,,,Euromod - Main Pack,mods-source/3629144864/ammunition/leo_cal_127mm_HE-VT.ini,"[""3629144864""]",,,,photo_gap,,pending,"Candidate family/component reference only. Verify visible variant, operator, era and configuration. This is a source record, not a claim about the load-order winner."
3629144864:ammunition/leo_cal_127mm_vulcano,leo_cal_127mm_vulcano,leo_cal_127mm_vulcano,Weapons & ammunition,ammunition,,,,Euromod - Main Pack,mods-source/3629144864/ammunition/leo_cal_127mm_vulcano.ini,"[""3629144864""]",,,,photo_gap,,pending,"Candidate family/component reference only. Verify visible variant, operator, era and configuration. This is a source record, not a claim about the load-order winner."
3629144864:ammunition/leo_cal_127mm_vulcano_BER,leo_cal_127mm_vulcano_BER,leo_cal_127mm_vulcano_BER,Weapons & ammunition,ammunition,,,,Euromod - Main Pack,mods-source/3629144864/ammunition/leo_cal_127mm_vulcano_BER.ini,"[""3629144864""]",,,,photo_gap,,pending,"Candidate family/component reference only. Verify visible variant, operator, era and configuration. This is a source record, not a claim about the load-order winner."
3629144864:ammunition/leo_cal_76mm_HE-PD,leo_cal_76mm_HE-PD,leo_cal_76mm_HE-PD,Weapons & ammunition,ammunition,,,,Euromod - Main Pack,mods-source/3629144864/ammunition/leo_cal_76mm_HE-PD.ini,"[""3629144864""]",,,,photo_gap,,pending,"Candidate family/component reference only. Verify visible variant, operator, era and configuration. This is a source record, not a claim about the load-order winner."
3629144864:ammunition/leo_cal_76mm_HE-PFF,leo_cal_76mm_HE-PFF,leo_cal_76mm_HE-PFF,Weapons & ammunition,ammunition,,,,Euromod - Main Pack,mods-source/3629144864/ammunition/leo_cal_76mm_HE-PFF.ini,"[""3629144864""]",,,,photo_gap,,pending,"Candidate family/component reference only. Verify visible variant, operator, era and configuration. This is a source record, not a claim about the load-order winner."
3629144864:ammunition/leo_cal_76mm_HE-VT,leo_cal_76mm_HE-VT,leo_cal_76mm_HE-VT,Weapons & ammunition,ammunition,,,,Euromod - Main Pack,mods-source/3629144864/ammunition/leo_cal_76mm_HE-VT.ini,"[""3629144864""]",,,,photo_gap,,pending,"Candidate family/component reference only. Verify visible variant, operator, era and configuration. This is a source record, not a claim about the load-order winner."
3629144864:ammunition/leo_cal_76mm_SAPOM,leo_cal_76mm_SAPOM,leo_cal_76mm_SAPOM,Weapons & ammunition,ammunition,,,,Euromod - Main Pack,mods-source/3629144864/ammunition/leo_cal_76mm_SAPOM.ini,"[""3629144864""]",,,,photo_gap,,pending,"Candidate family/component reference only. Verify visible variant, operator, era and configuration. This is a source record, not a claim about the load-order winner."
3629144864:ammunition/leo_cal_76mm_SAPOMER,leo_cal_76mm_SAPOMER,leo_cal_76mm_SAPOMER,Weapons & ammunition,ammunition,,,,Euromod - Main Pack,mods-source/3629144864/ammunition/leo_cal_76mm_SAPOMER.ini,"[""3629144864""]",,,,photo_gap,,pending,"Candidate family/component reference only. Verify visible variant, operator, era and configuration. This is a source record, not a claim about the load-order winner."
3629144864:ammunition/mbda_aquila,mbda_aquila,mbda_aquila,Weapons & ammunition,ammunition,,,,Euromod - Main Pack,mods-source/3629144864/ammunition/mbda_aquila.ini,"[""3629144864""]",,,,photo_gap,,pending,"Candidate family/component reference only. Verify visible variant, operator, era and configuration. This is a source record, not a claim about the load-order winner."
3629144864:ammunition/mbda_camm-er,mbda_camm-er,mbda_camm-er,Weapons & ammunition,ammunition,,,,Euromod - Main Pack,mods-source/3629144864/ammunition/mbda_camm-er.ini,"[""3629144864""]",,,,photo_gap,,pending,"Candidate family/component reference only. Verify visible variant, operator, era and configuration. This is a source record, not a claim about the load-order winner."
3629144864:ammunition/mbda_camm,mbda_camm,mbda_camm,Weapons & ammunition,ammunition,,,,Euromod - Main Pack,mods-source/3629144864/ammunition/mbda_camm.ini,"[""3629144864""]",,,,photo_gap,,pending,"Candidate family/component reference only. Verify visible variant, operator, era and configuration. This is a source record, not a claim about the load-order winner."
3629144864:ammunition/mm_a182,mm_a182,mm_a182,Weapons & ammunition,ammunition,,,,Euromod - Main Pack,mods-source/3629144864/ammunition/mm_a182.ini,"[""3629144864""]",,,,photo_gap,,pending,"Candidate family/component reference only. Verify visible variant, operator, era and configuration. This is a source record, not a claim about the load-order winner."
3629144864:ammunition/mm_a184,mm_a184,mm_a184,Weapons & ammunition,ammunition,,,,Euromod - Main Pack,mods-source/3629144864/ammunition/mm_a184.ini,"[""3629144864""]",,,,photo_gap,,pending,"Candidate family/component reference only. Verify visible variant, operator, era and configuration. This is a source record, not a claim about the load-order winner."
3629144864:ammunition/mm_a184_mod1,mm_a184_mod1,mm_a184_mod1,Weapons & ammunition,ammunition,,,,Euromod - Main Pack,mods-source/3629144864/ammunition/mm_a184_mod1.ini,"[""3629144864""]",,,,photo_gap,,pending,"Candidate family/component reference only. Verify visible variant, operator, era and configuration. This is a source record, not a claim about the load-order winner."
3629144864:ammunition/mm_a184_mod2,mm_a184_mod2,mm_a184_mod2,Weapons & ammunition,ammunition,,,,Euromod - Main Pack,mods-source/3629144864/ammunition/mm_a184_mod2.ini,"[""3629144864""]",,,,photo_gap,,pending,"Candidate family/component reference only. Verify visible variant, operator, era and configuration. This is a source record, not a claim about the load-order winner."
3629144864:ammunition/mm_a184_mod3,mm_a184_mod3,mm_a184_mod3,Weapons & ammunition,ammunition,,,,Euromod - Main Pack,mods-source/3629144864/ammunition/mm_a184_mod3.ini,"[""3629144864""]",,,,photo_gap,,pending,"Candidate family/component reference only. Verify visible variant, operator, era and configuration. This is a source record, not a claim about the load-order winner."
3629144864:ammunition/mm_a244_air,mm_a244_air,mm_a244_air,Weapons & ammunition,ammunition,,,,Euromod - Main Pack,mods-source/3629144864/ammunition/mm_a244_air.ini,"[""3629144864""]",,,,photo_gap,,pending,"Candidate family/component reference only. Verify visible variant, operator, era and configuration. This is a source record, not a claim about the load-order winner."
3629144864:ammunition/mm_a244_ship,mm_a244_ship,mm_a244_ship,Weapons & ammunition,ammunition,,,,Euromod - Main Pack,mods-source/3629144864/ammunition/mm_a244_ship.ini,"[""3629144864""]",,,,photo_gap,,pending,"Candidate family/component reference only. Verify visible variant, operator, era and configuration. This is a source record, not a claim about the load-order winner."
3629144864:ammunition/mm_a244s_air,mm_a244s_air,mm_a244s_air,Weapons & ammunition,ammunition,,,,Euromod - Main Pack,mods-source/3629144864/ammunition/mm_a244s_air.ini,"[""3629144864""]",,,,photo_gap,,pending,"Candidate family/component reference only. Verify visible variant, operator, era and configuration. This is a source record, not a claim about the load-order winner."
3629144864:ammunition/mm_a244s_mod1_air,mm_a244s_mod1_air,mm_a244s_mod1_air,Weapons & ammunition,ammunition,,,,Euromod - Main Pack,mods-source/3629144864/ammunition/mm_a244s_mod1_air.ini,"[""3629144864""]",,,,photo_gap,,pending,"Candidate family/component reference only. Verify visible variant, operator, era and configuration. This is a source record, not a claim about the load-order winner."
3629144864:ammunition/mm_a244s_mod1_ship,mm_a244s_mod1_ship,mm_a244s_mod1_ship,Weapons & ammunition,ammunition,,,,Euromod - Main Pack,mods-source/3629144864/ammunition/mm_a244s_mod1_ship.ini,"[""3629144864""]",,,,photo_gap,,pending,"Candidate family/component reference only. Verify visible variant, operator, era and configuration. This is a source record, not a claim about the load-order winner."
3629144864:ammunition/mm_a244s_ship,mm_a244s_ship,mm_a244s_ship,Weapons & ammunition,ammunition,,,,Euromod - Main Pack,mods-source/3629144864/ammunition/mm_a244s_ship.ini,"[""3629144864""]",,,,photo_gap,,pending,"Candidate family/component reference only. Verify visible variant, operator, era and configuration. This is a source record, not a claim about the load-order winner."
3629144864:ammunition/mm_alfa,mm_alfa,mm_alfa,Weapons & ammunition,ammunition,,,,Euromod - Main Pack,mods-source/3629144864/ammunition/mm_alfa.ini,"[""3629144864""]",,,,photo_gap,,pending,"Candidate family/component reference only. Verify visible variant, operator, era and configuration. This is a source record, not a claim about the load-order winner."
3629144864:ammunition/mm_bas,mm_bas,mm_bas,Weapons & ammunition,ammunition,,,,Euromod - Main Pack,mods-source/3629144864/ammunition/mm_bas.ini,"[""3629144864""]",,,,photo_gap,,pending,"Candidate family/component reference only. Verify visible variant, operator, era and configuration. This is a source record, not a claim about the load-order winner."
3629144864:ammunition/mm_bas_sr,mm_bas_sr,mm_bas_sr,Weapons & ammunition,ammunition,,,,Euromod - Main Pack,mods-source/3629144864/ammunition/mm_bas_sr.ini,"[""3629144864""]",,,,photo_gap,,pending,"Candidate family/component reference only. Verify visible variant, operator, era and configuration. This is a source record, not a claim about the load-order winner."
3629144864:ammunition/mm_blackshark,mm_blackshark,mm_blackshark,Weapons & ammunition,ammunition,,,,Euromod - Main Pack,mods-source/3629144864/ammunition/mm_blackshark.ini,"[""3629144864""]",,,,photo_gap,,pending,"Candidate family/component reference only. Verify visible variant, operator, era and configuration. This is a source record, not a claim about the load-order winner."
3629144864:ammunition/mm_cal_127mm,mm_cal_127mm,mm_cal_127mm,Weapons & ammunition,ammunition,,,,Euromod - Main Pack,mods-source/3629144864/ammunition/mm_cal_127mm.ini,"[""3629144864""]",,,,photo_gap,,pending,"Candidate family/component reference only. Verify visible variant, operator, era and configuration. This is a source record, not a claim about the load-order winner."
3629144864:ammunition/mm_cal_135mm,mm_cal_135mm,mm_cal_135mm,Weapons & ammunition,ammunition,,,,Euromod - Main Pack,mods-source/3629144864/ammunition/mm_cal_135mm.ini,"[""3629144864""]",,,,photo_gap,,pending,"Candidate family/component reference only. Verify visible variant, operator, era and configuration. This is a source record, not a claim about the load-order winner."
3629144864:ammunition/mm_cal_25mm,mm_cal_25mm,mm_cal_25mm,Weapons & ammunition,ammunition,,,,Euromod - Main Pack,mods-source/3629144864/ammunition/mm_cal_25mm.ini,"[""3629144864""]",,,,photo_gap,,pending,"Candidate family/component reference only. Verify visible variant, operator, era and configuration. This is a source record, not a claim about the load-order winner."
3629144864:ammunition/mm_cal_40mm,mm_cal_40mm,mm_cal_40mm,Weapons & ammunition,ammunition,,,,Euromod - Main Pack,mods-source/3629144864/ammunition/mm_cal_40mm.ini,"[""3629144864""]",,,,photo_gap,,pending,"Candidate family/component reference only. Verify visible variant, operator, era and configuration. This is a source record, not a claim about the load-order winner."
3629144864:ammunition/mm_cal_76mm,mm_cal_76mm,mm_cal_76mm,Weapons & ammunition,ammunition,,,,Euromod - Main Pack,mods-source/3629144864/ammunition/mm_cal_76mm.ini,"[""3629144864""]",,,,photo_gap,,pending,"Candidate family/component reference only. Verify visible variant, operator, era and configuration. This is a source record, not a claim about the load-order winner."
3629144864:ammunition/mm_dc,mm_dc,mm_dc,Weapons & ammunition,ammunition,,,,Euromod - Main Pack,mods-source/3629144864/ammunition/mm_dc.ini,"[""3629144864""]",,,,photo_gap,,pending,"Candidate family/component reference only. Verify visible variant, operator, era and configuration. This is a source record, not a claim about the load-order winner."
3629144864:ammunition/mm_g6e,mm_g6e,mm_g6e,Weapons & ammunition,ammunition,,,,Euromod - Main Pack,mods-source/3629144864/ammunition/mm_g6e.ini,"[""3629144864""]",,,,photo_gap,,pending,"Candidate family/component reference only. Verify visible variant, operator, era and configuration. This is a source record, not a claim about the load-order winner."
3629144864:ammunition/mm_sclar_he,mm_sclar_he,mm_sclar_he,Weapons & ammunition,ammunition,,,,Euromod - Main Pack,mods-source/3629144864/ammunition/mm_sclar_he.ini,"[""3629144864""]",,,,photo_gap,,pending,"Candidate family/component reference only. Verify visible variant, operator, era and configuration. This is a source record, not a claim about the load-order winner."
3629144864:ammunition/mm_si270_tipo_i,mm_si270_tipo_i,mm_si270_tipo_i,Weapons & ammunition,ammunition,,,,Euromod - Main Pack,mods-source/3629144864/ammunition/mm_si270_tipo_i.ini,"[""3629144864""]",,,,photo_gap,,pending,"Candidate family/component reference only. Verify visible variant, operator, era and configuration. This is a source record, not a claim about the load-order winner."
3629144864:ammunition/nato_03cal,nato_03cal,nato_03cal,Weapons & ammunition,ammunition,,,,Euromod - Main Pack,mods-source/3629144864/ammunition/nato_03cal.ini,"[""3629144864""]",,,,photo_gap,,pending,"Candidate family/component reference only. Verify visible variant, operator, era and configuration. This is a source record, not a claim about the load-order winner."
3629144864:ammunition/rfn_9m317m,rfn_9m317m,rfn_9m317m,Weapons & ammunition,ammunition,,,,Euromod - Main Pack,mods-source/3629144864/ammunition/rfn_9m317m.ini,"[""3629144864""]",#!alias ammunition/wp_sa-n-12b.ini,,,photo_gap,,pending,"Candidate family/component reference only. Verify visible variant, operator, era and configuration. This is a source record, not a claim about the load-order winner."
3629144864:ammunition/rn_mark8_mod4,rn_mark8_mod4,rn_mark8_mod4,Weapons & ammunition,ammunition,,,,Euromod - Main Pack,mods-source/3629144864/ammunition/rn_mark8_mod4.ini,"[""3629144864""]",,,,photo_gap,,pending,"Candidate family/component reference only. Verify visible variant, operator, era and configuration. This is a source record, not a claim about the load-order winner."
3629144864:ammunition/swe_cal_120mm,swe_cal_120mm,swe_cal_120mm,Weapons & ammunition,ammunition,,,,Euromod - Main Pack,mods-source/3629144864/ammunition/swe_cal_120mm.ini,"[""3629144864""]",,,,photo_gap,,pending,"Candidate family/component reference only. Verify visible variant, operator, era and configuration. This is a source record, not a claim about the load-order winner."
3629144864:ammunition/swe_sjunkbomb_m33_DC,swe_sjunkbomb_m33_DC,swe_sjunkbomb_m33_DC,Weapons & ammunition,ammunition,,,,Euromod - Main Pack,mods-source/3629144864/ammunition/swe_sjunkbomb_m33_DC.ini,"[""3629144864""]",,,,photo_gap,,pending,"Candidate family/component reference only. Verify visible variant, operator, era and configuration. This is a source record, not a claim about the load-order winner."
3629144864:ammunition/swe_torped_45,swe_torped_45,swe_torped_45,Weapons & ammunition,ammunition,,,,Euromod - Main Pack,mods-source/3629144864/ammunition/swe_torped_45.ini,"[""3629144864""]",,,,photo_gap,,pending,"Candidate family/component reference only. Verify visible variant, operator, era and configuration. This is a source record, not a claim about the load-order winner."
3629144864:ammunition/swe_torped_47,swe_torped_47,swe_torped_47,Weapons & ammunition,ammunition,,,,Euromod - Main Pack,mods-source/3629144864/ammunition/swe_torped_47.ini,"[""3629144864""]",,,,photo_gap,,pending,"Candidate family/component reference only. Verify visible variant, operator, era and configuration. This is a source record, not a claim about the load-order winner."
3629144864:ammunition/usa_mgm-140a,usa_mgm-140a,usa_mgm-140a,Weapons & ammunition,ammunition,,,,Euromod - Main Pack,mods-source/3629144864/ammunition/usa_mgm-140a.ini,"[""3629144864""]",,,,photo_gap,,pending,"Candidate family/component reference only. Verify visible variant, operator, era and configuration. This is a source record, not a claim about the load-order winner."
3629144864:ammunition/usa_mgm-140b,usa_mgm-140b,usa_mgm-140b,Weapons & ammunition,ammunition,,,,Euromod - Main Pack,mods-source/3629144864/ammunition/usa_mgm-140b.ini,"[""3629144864""]",,,,photo_gap,,pending,"Candidate family/component reference only. Verify visible variant, operator, era and configuration. This is a source record, not a claim about the load-order winner."
3629144864:ammunition/usa_mgm-140d,usa_mgm-140d,usa_mgm-140d,Weapons & ammunition,ammunition,,,,Euromod - Main Pack,mods-source/3629144864/ammunition/usa_mgm-140d.ini,"[""3629144864""]",,,,photo_gap,,pending,"Candidate family/component reference only. Verify visible variant, operator, era and configuration. This is a source record, not a claim about the load-order winner."
3629144864:ammunition/usa_mgm-140e,usa_mgm-140e,usa_mgm-140e,Weapons & ammunition,ammunition,,,,Euromod - Main Pack,mods-source/3629144864/ammunition/usa_mgm-140e.ini,"[""3629144864""]",,,,photo_gap,,pending,"Candidate family/component reference only. Verify visible variant, operator, era and configuration. This is a source record, not a claim about the load-order winner."
3629144864:ammunition/usa_mgm-164,usa_mgm-164,usa_mgm-164,Weapons & ammunition,ammunition,,,,Euromod - Main Pack,mods-source/3629144864/ammunition/usa_mgm-164.ini,"[""3629144864""]",,,,photo_gap,,pending,"Candidate family/component reference only. Verify visible variant, operator, era and configuration. This is a source record, not a claim about the load-order winner."
3629144864:ammunition/usn_LEAD_noisemaker,usn_LEAD_noisemaker,usn_LEAD_noisemaker,Weapons & ammunition,ammunition,,,,Euromod - Main Pack,mods-source/3629144864/ammunition/usn_LEAD_noisemaker.ini,"[""3629144864""]",,,,photo_gap,,pending,"Candidate family/component reference only. Verify visible variant, operator, era and configuration. This is a source record, not a claim about the load-order winner."
3629144864:ammunition/usn_adc_mk2_mod3_noisemaker,usn_adc_mk2_mod3_noisemaker,usn_adc_mk2_mod3_noisemaker,Weapons & ammunition,ammunition,,,,Euromod - Main Pack,mods-source/3629144864/ammunition/usn_adc_mk2_mod3_noisemaker.ini,"[""3629144864""]",,,,photo_gap,,pending,"Candidate family/component reference only. Verify visible variant, operator, era and configuration. This is a source record, not a claim about the load-order winner."
3629144864:ammunition/usn_adc_mk2_mod4_noisemaker,usn_adc_mk2_mod4_noisemaker,usn_adc_mk2_mod4_noisemaker,Weapons & ammunition,ammunition,,,,Euromod - Main Pack,mods-source/3629144864/ammunition/usn_adc_mk2_mod4_noisemaker.ini,"[""3629144864""]",,,,photo_gap,,pending,"Candidate family/component reference only. Verify visible variant, operator, era and configuration. This is a source record, not a claim about the load-order winner."
3629144864:ammunition/usn_adc_mk2_mod5_noisemaker,usn_adc_mk2_mod5_noisemaker,usn_adc_mk2_mod5_noisemaker,Weapons & ammunition,ammunition,,,,Euromod - Main Pack,mods-source/3629144864/ammunition/usn_adc_mk2_mod5_noisemaker.ini,"[""3629144864""]",,,,photo_gap,,pending,"Candidate family/component reference only. Verify visible variant, operator, era and configuration. This is a source record, not a claim about the load-order winner."
3629144864:ammunition/usn_adc_mk2_mod7_noisemaker,usn_adc_mk2_mod7_noisemaker,usn_adc_mk2_mod7_noisemaker,Weapons & ammunition,ammunition,,,,Euromod - Main Pack,mods-source/3629144864/ammunition/usn_adc_mk2_mod7_noisemaker.ini,"[""3629144864""]",,,,photo_gap,,pending,"Candidate family/component reference only. Verify visible variant, operator, era and configuration. This is a source record, not a claim about the load-order winner."
3629144864:ammunition/usn_adc_mk2_noisemaker,usn_adc_mk2_noisemaker,usn_adc_mk2_noisemaker,Weapons & ammunition,ammunition,,,,Euromod - Main Pack,mods-source/3629144864/ammunition/usn_adc_mk2_noisemaker.ini,"[""3629144864""]",,,,photo_gap,,pending,"Candidate family/component reference only. Verify visible variant, operator, era and configuration. This is a source record, not a claim about the load-order winner."
3629144864:ammunition/usn_adc_mk3_mod1_noisemaker,usn_adc_mk3_mod1_noisemaker,usn_adc_mk3_mod1_noisemaker,Weapons & ammunition,ammunition,,,,Euromod - Main Pack,mods-source/3629144864/ammunition/usn_adc_mk3_mod1_noisemaker.ini,"[""3629144864""]",,,,photo_gap,,pending,"Candidate family/component reference only. Verify visible variant, operator, era and configuration. This is a source record, not a claim about the load-order winner."
3629144864:ammunition/usn_adc_mk4_jammer,usn_adc_mk4_jammer,usn_adc_mk4_jammer,Weapons & ammunition,ammunition,,,,Euromod - Main Pack,mods-source/3629144864/ammunition/usn_adc_mk4_jammer.ini,"[""3629144864""]",,,,photo_gap,,pending,"Candidate family/component reference only. Verify visible variant, operator, era and configuration. This is a source record, not a claim about the load-order winner."
3629144864:ammunition/usn_adc_mk5_ngcm_noisemaker,usn_adc_mk5_ngcm_noisemaker,usn_adc_mk5_ngcm_noisemaker,Weapons & ammunition,ammunition,,,,Euromod - Main Pack,mods-source/3629144864/ammunition/usn_adc_mk5_ngcm_noisemaker.ini,"[""3629144864""]",,,,photo_gap,,pending,"Candidate family/component reference only. Verify visible variant, operator, era and configuration. This is a source record, not a claim about the load-order winner."
3629144864:ammunition/usn_cal_127mm_54,usn_cal_127mm_54,usn_cal_127mm_54,Weapons & ammunition,ammunition,,,,Euromod - Main Pack,mods-source/3629144864/ammunition/usn_cal_127mm_54.ini,"[""3629144864""]",,,,photo_gap,,pending,"Candidate family/component reference only. Verify visible variant, operator, era and configuration. This is a source record, not a claim about the load-order winner."
3629144864:ammunition/usn_cal_127mm_62,usn_cal_127mm_62,usn_cal_127mm_62,Weapons & ammunition,ammunition,,,,Euromod - Main Pack,mods-source/3629144864/ammunition/usn_cal_127mm_62.ini,"[""3629144864""]",,,,photo_gap,,pending,"Candidate family/component reference only. Verify visible variant, operator, era and configuration. This is a source record, not a claim about the load-order winner."
3629144864:ammunition/usn_cal_203x55mm,usn_cal_203x55mm,usn_cal_203x55mm,Weapons & ammunition,ammunition,,,,Euromod - Main Pack,mods-source/3629144864/ammunition/usn_cal_203x55mm.ini,"[""3629144864""]",,,,photo_gap,,pending,"Candidate family/component reference only. Verify visible variant, operator, era and configuration. This is a source record, not a claim about the load-order winner."
3629144864:ammunition/usn_cal_30mm,usn_cal_30mm,usn_cal_30mm,Weapons & ammunition,ammunition,,,,Euromod - Main Pack,mods-source/3629144864/ammunition/usn_cal_30mm.ini,"[""3629144864""]",,,,photo_gap,,pending,"Candidate family/component reference only. Verify visible variant, operator, era and configuration. This is a source record, not a claim about the load-order winner."
3629144864:ammunition/usn_cal_30mm_abm,usn_cal_30mm_abm,usn_cal_30mm_abm,Weapons & ammunition,ammunition,,,,Euromod - Main Pack,mods-source/3629144864/ammunition/usn_cal_30mm_abm.ini,"[""3629144864""]",,,,photo_gap,,pending,"Candidate family/component reference only. Verify visible variant, operator, era and configuration. This is a source record, not a claim about the load-order winner."
3629144864:ammunition/usn_ircps,usn_ircps,usn_ircps,Weapons & ammunition,ammunition,,,,Euromod - Main Pack,mods-source/3629144864/ammunition/usn_ircps.ini,"[""3629144864""]",,,,photo_gap,,pending,"Candidate family/component reference only. Verify visible variant, operator, era and configuration. This is a source record, not a claim about the load-order winner."
3629144864:ammunition/usn_ircps_asm,usn_ircps_asm,usn_ircps_asm,Weapons & ammunition,ammunition,,,,Euromod - Main Pack,mods-source/3629144864/ammunition/usn_ircps_asm.ini,"[""3629144864""]",,,,photo_gap,,pending,"Candidate family/component reference only. Verify visible variant, operator, era and configuration. This is a source record, not a claim about the load-order winner."
3629144864:ammunition/usn_laser,usn_laser,usn_laser,Weapons & ammunition,ammunition,,,,Euromod - Main Pack,mods-source/3629144864/ammunition/usn_laser.ini,"[""3629144864""]",,,,photo_gap,,pending,"Candidate family/component reference only. Verify visible variant, operator, era and configuration. This is a source record, not a claim about the load-order winner."
3629144864:ammunition/usn_mk182_chaff,usn_mk182_chaff,usn_mk182_chaff,Weapons & ammunition,ammunition,,,,Euromod - Main Pack,mods-source/3629144864/ammunition/usn_mk182_chaff.ini,"[""3629144864""]",,,,photo_gap,,pending,"Candidate family/component reference only. Verify visible variant, operator, era and configuration. This is a source record, not a claim about the load-order winner."
3629144864:ammunition/usn_mk214_chaff,usn_mk214_chaff,usn_mk214_chaff,Weapons & ammunition,ammunition,,,,Euromod - Main Pack,mods-source/3629144864/ammunition/usn_mk214_chaff.ini,"[""3629144864""]",,,,photo_gap,,pending,"Candidate family/component reference only. Verify visible variant, operator, era and configuration. This is a source record, not a claim about the load-order winner."
3629144864:ammunition/usn_mk216_chaff,usn_mk216_chaff,usn_mk216_chaff,Weapons & ammunition,ammunition,,,,Euromod - Main Pack,mods-source/3629144864/ammunition/usn_mk216_chaff.ini,"[""3629144864""]",,,,photo_gap,,pending,"Candidate family/component reference only. Verify visible variant, operator, era and configuration. This is a source record, not a claim about the load-order winner."
3629144864:ammunition/usn_mk234_nulka,usn_mk234_nulka,usn_mk234_nulka,Weapons & ammunition,ammunition,,,,Euromod - Main Pack,mods-source/3629144864/ammunition/usn_mk234_nulka.ini,"[""3629144864""]",,,,photo_gap,,pending,"Candidate family/component reference only. Verify visible variant, operator, era and configuration. This is a source record, not a claim about the load-order winner."
3629144864:ammunition/usn_mk234_nulka_adap,usn_mk234_nulka_adap,usn_mk234_nulka_adap,Weapons & ammunition,ammunition,,,,Euromod - Main Pack,mods-source/3629144864/ammunition/usn_mk234_nulka_adap.ini,"[""3629144864""]",,,,photo_gap,,pending,"Candidate family/component reference only. Verify visible variant, operator, era and configuration. This is a source record, not a claim about the load-order winner."
3629144864:ammunition/usn_mk48_5,usn_mk48_5,usn_mk48_5,Weapons & ammunition,ammunition,,,,Euromod - Main Pack,mods-source/3629144864/ammunition/usn_mk48_5.ini,"[""3629144864""]",,,,photo_gap,,pending,"Candidate family/component reference only. Verify visible variant, operator, era and configuration. This is a source record, not a claim about the load-order winner."
3629144864:ammunition/usn_mk48_6,usn_mk48_6,usn_mk48_6,Weapons & ammunition,ammunition,,,,Euromod - Main Pack,mods-source/3629144864/ammunition/usn_mk48_6.ini,"[""3629144864""]",,,,photo_gap,,pending,"Candidate family/component reference only. Verify visible variant, operator, era and configuration. This is a source record, not a claim about the load-order winner."
3629144864:ammunition/usn_mk48_7,usn_mk48_7,usn_mk48_7,Weapons & ammunition,ammunition,,,,Euromod - Main Pack,mods-source/3629144864/ammunition/usn_mk48_7.ini,"[""3629144864""]",,,,photo_gap,,pending,"Candidate family/component reference only. Verify visible variant, operator, era and configuration. This is a source record, not a claim about the load-order winner."
3629144864:ammunition/usn_mk48_8,usn_mk48_8,usn_mk48_8,Weapons & ammunition,ammunition,,,,Euromod - Main Pack,mods-source/3629144864/ammunition/usn_mk48_8.ini,"[""3629144864""]",,,,photo_gap,,pending,"Candidate family/component reference only. Verify visible variant, operator, era and configuration. This is a source record, not a claim about the load-order winner."
3629144864:ammunition/usn_mk58_craw,usn_mk58_craw,usn_mk58_craw,Weapons & ammunition,ammunition,,,,Euromod - Main Pack,mods-source/3629144864/ammunition/usn_mk58_craw.ini,"[""3629144864""]",,,,photo_gap,,pending,"Candidate family/component reference only. Verify visible variant, operator, era and configuration. This is a source record, not a claim about the load-order winner."
3629144864:ammunition/usn_rgm-109b1,usn_rgm-109b1,usn_rgm-109b1,Weapons & ammunition,ammunition,,,,Euromod - Main Pack,mods-source/3629144864/ammunition/usn_rgm-109b1.ini,"[""3629144864""]",,,,photo_gap,,pending,"Candidate family/component reference only. Verify visible variant, operator, era and configuration. This is a source record, not a claim about the load-order winner."
3629144864:ammunition/usn_rgm-109c3,usn_rgm-109c3,usn_rgm-109c3,Weapons & ammunition,ammunition,,,,Euromod - Main Pack,mods-source/3629144864/ammunition/usn_rgm-109c3.ini,"[""3629144864""]",,,,photo_gap,,pending,"Candidate family/component reference only. Verify visible variant, operator, era and configuration. This is a source record, not a claim about the load-order winner."
3629144864:ammunition/usn_rgm-109e,usn_rgm-109e,usn_rgm-109e,Weapons & ammunition,ammunition,,,,Euromod - Main Pack,mods-source/3629144864/ammunition/usn_rgm-109e.ini,"[""3629144864""]",,,,photo_gap,,pending,"Candidate family/component reference only. Verify visible variant, operator, era and configuration. This is a source record, not a claim about the load-order winner."
3629144864:ammunition/usn_rgm-109e5,usn_rgm-109e5,usn_rgm-109e5,Weapons & ammunition,ammunition,,,,Euromod - Main Pack,mods-source/3629144864/ammunition/usn_rgm-109e5.ini,"[""3629144864""]",,,,photo_gap,,pending,"Candidate family/component reference only. Verify visible variant, operator, era and configuration. This is a source record, not a claim about the load-order winner."
3629144864:ammunition/usn_rgm-109e5a,usn_rgm-109e5a,usn_rgm-109e5a,Weapons & ammunition,ammunition,,,,Euromod - Main Pack,mods-source/3629144864/ammunition/usn_rgm-109e5a.ini,"[""3629144864""]",,,,photo_gap,,pending,"Candidate family/component reference only. Verify visible variant, operator, era and configuration. This is a source record, not a claim about the load-order winner."
3629144864:ammunition/usn_rgm-109e5b,usn_rgm-109e5b,usn_rgm-109e5b,Weapons & ammunition,ammunition,,,,Euromod - Main Pack,mods-source/3629144864/ammunition/usn_rgm-109e5b.ini,"[""3629144864""]",,,,photo_gap,,pending,"Candidate family/component reference only. Verify visible variant, operator, era and configuration. This is a source record, not a claim about the load-order winner."
3629144864:ammunition/usn_rgm-109m,usn_rgm-109m,usn_rgm-109m,Weapons & ammunition,ammunition,,,,Euromod - Main Pack,mods-source/3629144864/ammunition/usn_rgm-109m.ini,"[""3629144864""]",,,,photo_gap,,pending,"Candidate family/component reference only. Verify visible variant, operator, era and configuration. This is a source record, not a claim about the load-order winner."
3629144864:ammunition/usn_rim-161b,usn_rim-161b,usn_rim-161b,Weapons & ammunition,ammunition,,,,Euromod - Main Pack,mods-source/3629144864/ammunition/usn_rim-161b.ini,"[""3629144864""]",,,,photo_gap,,pending,"Candidate family/component reference only. Verify visible variant, operator, era and configuration. This is a source record, not a claim about the load-order winner."
3629144864:ammunition/usn_rim-161c,usn_rim-161c,usn_rim-161c,Weapons & ammunition,ammunition,,,,Euromod - Main Pack,mods-source/3629144864/ammunition/usn_rim-161c.ini,"[""3629144864""]",,,,photo_gap,,pending,"Candidate family/component reference only. Verify visible variant, operator, era and configuration. This is a source record, not a claim about the load-order winner."
3629144864:ammunition/usn_rim-161d,usn_rim-161d,usn_rim-161d,Weapons & ammunition,ammunition,,,,Euromod - Main Pack,mods-source/3629144864/ammunition/usn_rim-161d.ini,"[""3629144864""]",,,,photo_gap,,pending,"Candidate family/component reference only. Verify visible variant, operator, era and configuration. This is a source record, not a claim about the load-order winner."
3629144864:ammunition/usn_rum-139a,usn_rum-139a,usn_rum-139a,Weapons & ammunition,ammunition,,,,Euromod - Main Pack,mods-source/3629144864/ammunition/usn_rum-139a.ini,"[""3629144864""]",,,,photo_gap,,pending,"Candidate family/component reference only. Verify visible variant, operator, era and configuration. This is a source record, not a claim about the load-order winner."
3629144864:ammunition/usn_rum-139c,usn_rum-139c,usn_rum-139c,Weapons & ammunition,ammunition,,,,Euromod - Main Pack,mods-source/3629144864/ammunition/usn_rum-139c.ini,"[""3629144864""]",,,,photo_gap,,pending,"Candidate family/component reference only. Verify visible variant, operator, era and configuration. This is a source record, not a claim about the load-order winner."
3629144864:ammunition/usn_rur-5_mod3,usn_rur-5_mod3,usn_rur-5_mod3,Weapons & ammunition,ammunition,,,,Euromod - Main Pack,mods-source/3629144864/ammunition/usn_rur-5_mod3.ini,"[""3629144864""]",,,,photo_gap,,pending,"Candidate family/component reference only. Verify visible variant, operator, era and configuration. This is a source record, not a claim about the load-order winner."
3629144864:ammunition/usn_rur-5_mod4,usn_rur-5_mod4,usn_rur-5_mod4,Weapons & ammunition,ammunition,,,,Euromod - Main Pack,mods-source/3629144864/ammunition/usn_rur-5_mod4.ini,"[""3629144864""]",,,,photo_gap,,pending,"Candidate family/component reference only. Verify visible variant, operator, era and configuration. This is a source record, not a claim about the load-order winner."
3629144864:ammunition/usn_rur-5_mod4_2,usn_rur-5_mod4_2,usn_rur-5_mod4_2,Weapons & ammunition,ammunition,,,,Euromod - Main Pack,mods-source/3629144864/ammunition/usn_rur-5_mod4_2.ini,"[""3629144864""]",,,,photo_gap,,pending,"Candidate family/component reference only. Verify visible variant, operator, era and configuration. This is a source record, not a claim about the load-order winner."
3629144864:ammunition/usn_rur-5a,usn_rur-5a,usn_rur-5a,Weapons & ammunition,ammunition,,,,Euromod - Main Pack,mods-source/3629144864/ammunition/usn_rur-5a.ini,"[""3629144864""]",,,,photo_gap,,pending,"Candidate family/component reference only. Verify visible variant, operator, era and configuration. This is a source record, not a claim about the load-order winner."
3629144864:ammunition/usn_trident,usn_trident,usn_trident,Weapons & ammunition,ammunition,,,,Euromod - Main Pack,mods-source/3629144864/ammunition/usn_trident.ini,"[""3629144864""]",#!alias ammunition/usn_ugm-133a.ini,,,photo_gap,,pending,"Candidate family/component reference only. Verify visible variant, operator, era and configuration. This is a source record, not a claim about the load-order winner."
3629144864:ammunition/usn_ugm-109b1,usn_ugm-109b1,usn_ugm-109b1,Weapons & ammunition,ammunition,,,,Euromod - Main Pack,mods-source/3629144864/ammunition/usn_ugm-109b1.ini,"[""3629144864""]",#!alias ammunition/usn_rgm-109b1.ini,,,photo_gap,,pending,"Candidate family/component reference only. Verify visible variant, operator, era and configuration. This is a source record, not a claim about the load-order winner."
3629144864:ammunition/usn_ugm-109c3,usn_ugm-109c3,usn_ugm-109c3,Weapons & ammunition,ammunition,,,,Euromod - Main Pack,mods-source/3629144864/ammunition/usn_ugm-109c3.ini,"[""3629144864""]",#!alias ammunition/usn_rgm-109c3.ini,,,photo_gap,,pending,"Candidate family/component reference only. Verify visible variant, operator, era and configuration. This is a source record, not a claim about the load-order winner."
3629144864:ammunition/usn_ugm-109e,usn_ugm-109e,usn_ugm-109e,Weapons & ammunition,ammunition,,,,Euromod - Main Pack,mods-source/3629144864/ammunition/usn_ugm-109e.ini,"[""3629144864""]",#!alias ammunition/usn_rgm-109e.ini,,,photo_gap,,pending,"Candidate family/component reference only. Verify visible variant, operator, era and configuration. This is a source record, not a claim about the load-order winner."
3629144864:ammunition/usn_ugm-109e5,usn_ugm-109e5,usn_ugm-109e5,Weapons & ammunition,ammunition,,,,Euromod - Main Pack,mods-source/3629144864/ammunition/usn_ugm-109e5.ini,"[""3629144864""]",#!alias ammunition/usn_rgm-109e5.ini,,,photo_gap,,pending,"Candidate family/component reference only. Verify visible variant, operator, era and configuration. This is a source record, not a claim about the load-order winner."
3629144864:ammunition/usn_ugm-109e5a,usn_ugm-109e5a,usn_ugm-109e5a,Weapons & ammunition,ammunition,,,,Euromod - Main Pack,mods-source/3629144864/ammunition/usn_ugm-109e5a.ini,"[""3629144864""]",#!alias ammunition/usn_rgm-109e5a.ini,,,photo_gap,,pending,"Candidate family/component reference only. Verify visible variant, operator, era and configuration. This is a source record, not a claim about the load-order winner."
3629144864:ammunition/usn_ugm-109e5b,usn_ugm-109e5b,usn_ugm-109e5b,Weapons & ammunition,ammunition,,,,Euromod - Main Pack,mods-source/3629144864/ammunition/usn_ugm-109e5b.ini,"[""3629144864""]",#!alias ammunition/usn_rgm-109e5b.ini,,,photo_gap,,pending,"Candidate family/component reference only. Verify visible variant, operator, era and configuration. This is a source record, not a claim about the load-order winner."
3629144864:ammunition/usn_ugm-133a,usn_ugm-133a,usn_ugm-133a,Weapons & ammunition,ammunition,,,,Euromod - Main Pack,mods-source/3629144864/ammunition/usn_ugm-133a.ini,"[""3629144864""]",,,,photo_gap,,pending,"Candidate family/component reference only. Verify visible variant, operator, era and configuration. This is a source record, not a claim about the load-order winner."
3629144864:ammunition/usn_ugm-96a,usn_ugm-96a,usn_ugm-96a,Weapons & ammunition,ammunition,,,,Euromod - Main Pack,mods-source/3629144864/ammunition/usn_ugm-96a.ini,"[""3629144864""]",,,,photo_gap,,pending,"Candidate family/component reference only. Verify visible variant, operator, era and configuration. This is a source record, not a claim about the load-order winner."
3629144864:ammunition/wp_40h6e,wp_40h6e,wp_40h6e,Weapons & ammunition,ammunition,,,,Euromod - Main Pack,mods-source/3629144864/ammunition/wp_40h6e.ini,"[""3629144864""]",#!alias ammunition/wp_sa-21b.ini,,,photo_gap,,pending,"Candidate family/component reference only. Verify visible variant, operator, era and configuration. This is a source record, not a claim about the load-order winner."
3629144864:ammunition/wp_48n6e2,wp_48n6e2,wp_48n6e2,Weapons & ammunition,ammunition,,,,Euromod - Main Pack,mods-source/3629144864/ammunition/wp_48n6e2.ini,"[""3629144864""]",#!alias ammunition/wp_sa-n-20b.ini,,,photo_gap,,pending,"Candidate family/component reference only. Verify visible variant, operator, era and configuration. This is a source record, not a claim about the load-order winner."
3629144864:ammunition/wp_53-56va,wp_53-56va,wp_53-56va,Weapons & ammunition,ammunition,,,,Euromod - Main Pack,mods-source/3629144864/ammunition/wp_53-56va.ini,"[""3629144864""]",,,,photo_gap,,pending,"Candidate family/component reference only. Verify visible variant, operator, era and configuration. This is a source record, not a claim about the load-order winner."
3629144864:ammunition/wp_53-65m,wp_53-65m,wp_53-65m,Weapons & ammunition,ammunition,,,,Euromod - Main Pack,mods-source/3629144864/ammunition/wp_53-65m.ini,"[""3629144864""]",,,,photo_gap,,pending,"Candidate family/component reference only. Verify visible variant, operator, era and configuration. This is a source record, not a claim about the load-order winner."
3629144864:ammunition/wp_5v55r,wp_5v55r,wp_5v55r,Weapons & ammunition,ammunition,,,,Euromod - Main Pack,mods-source/3629144864/ammunition/wp_5v55r.ini,"[""3629144864""]",#!alias ammunition/wp_sa-10b.ini,,,photo_gap,,pending,"Candidate family/component reference only. Verify visible variant, operator, era and configuration. This is a source record, not a claim about the load-order winner."
3629144864:ammunition/wp_at-2_early,wp_at-2_early,wp_at-2_early,Weapons & ammunition,ammunition,,,,Euromod - Main Pack,mods-source/3629144864/ammunition/wp_at-2_early.ini,"[""3629144864""]",,,,photo_gap,,pending,"Candidate family/component reference only. Verify visible variant, operator, era and configuration. This is a source record, not a claim about the load-order winner."
3629144864:ammunition/wp_sa-10b,wp_sa-10b,wp_sa-10b,Weapons & ammunition,ammunition,,,,Euromod - Main Pack,mods-source/3629144864/ammunition/wp_sa-10b.ini,"[""3629144864""]",#!alias ammunition/wp_sa-n-6.ini,,,photo_gap,,pending,"Candidate family/component reference only. Verify visible variant, operator, era and configuration. This is a source record, not a claim about the load-order winner."
3629144864:ammunition/wp_sa-11b,wp_sa-11b,wp_sa-11b,Weapons & ammunition,ammunition,,,,Euromod - Main Pack,mods-source/3629144864/ammunition/wp_sa-11b.ini,"[""3629144864""]",#!alias ammunition/wp_sa-n-7.ini,,,photo_gap,,pending,"Candidate family/component reference only. Verify visible variant, operator, era and configuration. This is a source record, not a claim about the load-order winner."
3629144864:ammunition/wp_sa-15,wp_sa-15,wp_sa-15,Weapons & ammunition,ammunition,,,,Euromod - Main Pack,mods-source/3629144864/ammunition/wp_sa-15.ini,"[""3629144864""]",#!alias ammunition/wp_sa-n-9.ini,,,photo_gap,,pending,"Candidate family/component reference only. Verify visible variant, operator, era and configuration. This is a source record, not a claim about the load-order winner."
3629144864:ammunition/wp_sa-17,wp_sa-17,wp_sa-17,Weapons & ammunition,ammunition,,,,Euromod - Main Pack,mods-source/3629144864/ammunition/wp_sa-17.ini,"[""3629144864""]",#!alias ammunition/wp_sa-n-12.ini,,,photo_gap,,pending,"Candidate family/component reference only. Verify visible variant, operator, era and configuration. This is a source record, not a claim about the load-order winner."
3629144864:ammunition/wp_sa-19,wp_sa-19,wp_sa-19,Weapons & ammunition,ammunition,,,,Euromod - Main Pack,mods-source/3629144864/ammunition/wp_sa-19.ini,"[""3629144864""]",#!alias ammunition/wp_sa-n-11.ini,,,photo_gap,,pending,"Candidate family/component reference only. Verify visible variant, operator, era and configuration. This is a source record, not a claim about the load-order winner."
3629144864:ammunition/wp_sa-20a,wp_sa-20a,wp_sa-20a,Weapons & ammunition,ammunition,,,,Euromod - Main Pack,mods-source/3629144864/ammunition/wp_sa-20a.ini,"[""3629144864""]",#!alias ammunition/wp_sa-n-20.ini,,,photo_gap,,pending,"Candidate family/component reference only. Verify visible variant, operator, era and configuration. This is a source record, not a claim about the load-order winner."
3629144864:ammunition/wp_sa-21a,wp_sa-21a,wp_sa-21a,Weapons & ammunition,ammunition,,,,Euromod - Main Pack,mods-source/3629144864/ammunition/wp_sa-21a.ini,"[""3629144864""]",#!alias ammunition/wp_sa-n-20b.ini,,,photo_gap,,pending,"Candidate family/component reference only. Verify visible variant, operator, era and configuration. This is a source record, not a claim about the load-order winner."
3629144864:ammunition/wp_sa-21b,wp_sa-21b,wp_sa-21b,Weapons & ammunition,ammunition,,,,Euromod - Main Pack,mods-source/3629144864/ammunition/wp_sa-21b.ini,"[""3629144864""]",,,,photo_gap,,pending,"Candidate family/component reference only. Verify visible variant, operator, era and configuration. This is a source record, not a claim about the load-order winner."
3629144864:ammunition/wp_sa-22,wp_sa-22,wp_sa-22,Weapons & ammunition,ammunition,,,,Euromod - Main Pack,mods-source/3629144864/ammunition/wp_sa-22.ini,"[""3629144864""]",#!alias ammunition/wp_sa-n-22.ini,,,photo_gap,,pending,"Candidate family/component reference only. Verify visible variant, operator, era and configuration. This is a source record, not a claim about the load-order winner."
3629144864:ammunition/wp_sa-27,wp_sa-27,wp_sa-27,Weapons & ammunition,ammunition,,,,Euromod - Main Pack,mods-source/3629144864/ammunition/wp_sa-27.ini,"[""3629144864""]",#!alias ammunition/wp_sa-n-12b.ini,,,photo_gap,,pending,"Candidate family/component reference only. Verify visible variant, operator, era and configuration. This is a source record, not a claim about the load-order winner."
3629144864:ammunition/wp_sa-28a,wp_sa-28a,wp_sa-28a,Weapons & ammunition,ammunition,,,,Euromod - Main Pack,mods-source/3629144864/ammunition/wp_sa-28a.ini,"[""3629144864""]",#!alias ammunition/wp_sa-n-28a.ini,,,photo_gap,,pending,"Candidate family/component reference only. Verify visible variant, operator, era and configuration. This is a source record, not a claim about the load-order winner."
3629144864:ammunition/wp_sa-28b,wp_sa-28b,wp_sa-28b,Weapons & ammunition,ammunition,,,,Euromod - Main Pack,mods-source/3629144864/ammunition/wp_sa-28b.ini,"[""3629144864""]",#!alias ammunition/wp_sa-n-28b.ini,,,photo_gap,,pending,"Candidate family/component reference only. Verify visible variant, operator, era and configuration. This is a source record, not a claim about the load-order winner."
3629144864:ammunition/wp_sa-28c,wp_sa-28c,wp_sa-28c,Weapons & ammunition,ammunition,,,,Euromod - Main Pack,mods-source/3629144864/ammunition/wp_sa-28c.ini,"[""3629144864""]",#!alias ammunition/wp_sa-n-28c.ini,,,photo_gap,,pending,"Candidate family/component reference only. Verify visible variant, operator, era and configuration. This is a source record, not a claim about the load-order winner."
3629144864:ammunition/wp_sa-28d,wp_sa-28d,wp_sa-28d,Weapons & ammunition,ammunition,,,,Euromod - Main Pack,mods-source/3629144864/ammunition/wp_sa-28d.ini,"[""3629144864""]",#!alias ammunition/wp_sa-n-28d.ini,,,photo_gap,,pending,"Candidate family/component reference only. Verify visible variant, operator, era and configuration. This is a source record, not a claim about the load-order winner."
3629144864:ammunition/wp_sa-n-11,wp_sa-n-11,wp_sa-n-11,Weapons & ammunition,ammunition,,,,Euromod - Main Pack,mods-source/3629144864/ammunition/wp_sa-n-11.ini,"[""3629144864""]",,,,photo_gap,,pending,"Candidate family/component reference only. Verify visible variant, operator, era and configuration. This is a source record, not a claim about the load-order winner."
3629144864:ammunition/wp_sa-n-12b,wp_sa-n-12b,wp_sa-n-12b,Weapons & ammunition,ammunition,,,,Euromod - Main Pack,mods-source/3629144864/ammunition/wp_sa-n-12b.ini,"[""3629144864""]",,,,photo_gap,,pending,"Candidate family/component reference only. Verify visible variant, operator, era and configuration. This is a source record, not a claim about the load-order winner."
3629144864:ammunition/wp_sa-n-20,wp_sa-n-20,wp_sa-n-20,Weapons & ammunition,ammunition,,,,Euromod - Main Pack,mods-source/3629144864/ammunition/wp_sa-n-20.ini,"[""3629144864""]",,,,photo_gap,,pending,"Candidate family/component reference only. Verify visible variant, operator, era and configuration. This is a source record, not a claim about the load-order winner."
3629144864:ammunition/wp_sa-n-20b,wp_sa-n-20b,wp_sa-n-20b,Weapons & ammunition,ammunition,,,,Euromod - Main Pack,mods-source/3629144864/ammunition/wp_sa-n-20b.ini,"[""3629144864""]",#!alias ammunition/wp_sa-n-20.ini,,,photo_gap,,pending,"Candidate family/component reference only. Verify visible variant, operator, era and configuration. This is a source record, not a claim about the load-order winner."
3629144864:ammunition/wp_sa-n-20c,wp_sa-n-20c,wp_sa-n-20c,Weapons & ammunition,ammunition,,,,Euromod - Main Pack,mods-source/3629144864/ammunition/wp_sa-n-20c.ini,"[""3629144864""]",#!alias ammunition/wp_sa-n-20.ini,,,photo_gap,,pending,"Candidate family/component reference only. Verify visible variant, operator, era and configuration. This is a source record, not a claim about the load-order winner."
3629144864:ammunition/wp_sa-n-22,wp_sa-n-22,wp_sa-n-22,Weapons & ammunition,ammunition,,,,Euromod - Main Pack,mods-source/3629144864/ammunition/wp_sa-n-22.ini,"[""3629144864""]",,,,photo_gap,,pending,"Candidate family/component reference only. Verify visible variant, operator, era and configuration. This is a source record, not a claim about the load-order winner."
3629144864:ammunition/wp_sa-n-28a,wp_sa-n-28a,wp_sa-n-28a,Weapons & ammunition,ammunition,,,,Euromod - Main Pack,mods-source/3629144864/ammunition/wp_sa-n-28a.ini,"[""3629144864""]",,,,photo_gap,,pending,"Candidate family/component reference only. Verify visible variant, operator, era and configuration. This is a source record, not a claim about the load-order winner."
3629144864:ammunition/wp_sa-n-28b,wp_sa-n-28b,wp_sa-n-28b,Weapons & ammunition,ammunition,,,,Euromod - Main Pack,mods-source/3629144864/ammunition/wp_sa-n-28b.ini,"[""3629144864""]",#!alias ammunition/wp_sa-n-28a.ini,,,photo_gap,,pending,"Candidate family/component reference only. Verify visible variant, operator, era and configuration. This is a source record, not a claim about the load-order winner."
3629144864:ammunition/wp_sa-n-28c,wp_sa-n-28c,wp_sa-n-28c,Weapons & ammunition,ammunition,,,,Euromod - Main Pack,mods-source/3629144864/ammunition/wp_sa-n-28c.ini,"[""3629144864""]",#!alias ammunition/wp_sa-n-28b.ini,,,photo_gap,,pending,"Candidate family/component reference only. Verify visible variant, operator, era and configuration. This is a source record, not a claim about the load-order winner."
3629144864:ammunition/wp_sa-n-28d,wp_sa-n-28d,wp_sa-n-28d,Weapons & ammunition,ammunition,,,,Euromod - Main Pack,mods-source/3629144864/ammunition/wp_sa-n-28d.ini,"[""3629144864""]",,,,photo_gap,,pending,"Candidate family/component reference only. Verify visible variant, operator, era and configuration. This is a source record, not a claim about the load-order winner."
3629144864:ammunition/wp_sa-n-6,wp_sa-n-6,wp_sa-n-6,Weapons & ammunition,ammunition,,,,Euromod - Main Pack,mods-source/3629144864/ammunition/wp_sa-n-6.ini,"[""3629144864""]",,,,photo_gap,,pending,"Candidate family/component reference only. Verify visible variant, operator, era and configuration. This is a source record, not a claim about the load-order winner."
3629144864:ammunition/wp_saet-60,wp_saet-60,wp_saet-60,Weapons & ammunition,ammunition,,,,Euromod - Main Pack,mods-source/3629144864/ammunition/wp_saet-60.ini,"[""3629144864""]",,,,photo_gap,,pending,"Candidate family/component reference only. Verify visible variant, operator, era and configuration. This is a source record, not a claim about the load-order winner."
3629144864:ammunition/wp_saet-60m,wp_saet-60m,wp_saet-60m,Weapons & ammunition,ammunition,,,,Euromod - Main Pack,mods-source/3629144864/ammunition/wp_saet-60m.ini,"[""3629144864""]",,,,photo_gap,,pending,"Candidate family/component reference only. Verify visible variant, operator, era and configuration. This is a source record, not a claim about the load-order winner."
3629144864:ammunition/wp_set-40u,wp_set-40u,wp_set-40u,Weapons & ammunition,ammunition,,,,Euromod - Main Pack,mods-source/3629144864/ammunition/wp_set-40u.ini,"[""3629144864""]",,,,photo_gap,,pending,"Candidate family/component reference only. Verify visible variant, operator, era and configuration. This is a source record, not a claim about the load-order winner."
3629144864:ammunition/wp_set-53m,wp_set-53m,wp_set-53m,Weapons & ammunition,ammunition,,,,Euromod - Main Pack,mods-source/3629144864/ammunition/wp_set-53m.ini,"[""3629144864""]",,,,photo_gap,,pending,"Candidate family/component reference only. Verify visible variant, operator, era and configuration. This is a source record, not a claim about the load-order winner."
3629144864:ammunition/wp_set-65k,wp_set-65k,wp_set-65k,Weapons & ammunition,ammunition,,,,Euromod - Main Pack,mods-source/3629144864/ammunition/wp_set-65k.ini,"[""3629144864""]",,,,photo_gap,,pending,"Candidate family/component reference only. Verify visible variant, operator, era and configuration. This is a source record, not a claim about the load-order winner."
3629144864:ammunition/wp_set-65m,wp_set-65m,wp_set-65m,Weapons & ammunition,ammunition,,,,Euromod - Main Pack,mods-source/3629144864/ammunition/wp_set-65m.ini,"[""3629144864""]",,,,photo_gap,,pending,"Candidate family/component reference only. Verify visible variant, operator, era and configuration. This is a source record, not a claim about the load-order winner."
3629144864:ammunition/wp_test-71m-nk,wp_test-71m-nk,wp_test-71m-nk,Weapons & ammunition,ammunition,,,,Euromod - Main Pack,mods-source/3629144864/ammunition/wp_test-71m-nk.ini,"[""3629144864""]",,,,photo_gap,,pending,"Candidate family/component reference only. Verify visible variant, operator, era and configuration. This is a source record, not a claim about the load-order winner."
3629144864:ammunition/wp_test-71mk,wp_test-71mk,wp_test-71mk,Weapons & ammunition,ammunition,,,,Euromod - Main Pack,mods-source/3629144864/ammunition/wp_test-71mk.ini,"[""3629144864""]",,,,photo_gap,,pending,"Candidate family/component reference only. Verify visible variant, operator, era and configuration. This is a source record, not a claim about the load-order winner."
3629144864:ammunition/wp_umgt-1m,wp_umgt-1m,wp_umgt-1m,Weapons & ammunition,ammunition,,,,Euromod - Main Pack,mods-source/3629144864/ammunition/wp_umgt-1m.ini,"[""3629144864""]",,,,photo_gap,,pending,"Candidate family/component reference only. Verify visible variant, operator, era and configuration. This is a source record, not a claim about the load-order winner."
3629144864:ammunition/wp_uset-80k,wp_uset-80k,wp_uset-80k,Weapons & ammunition,ammunition,,,,Euromod - Main Pack,mods-source/3629144864/ammunition/wp_uset-80k.ini,"[""3629144864""]",,,,photo_gap,,pending,"Candidate family/component reference only. Verify visible variant, operator, era and configuration. This is a source record, not a claim about the load-order winner."
3629269283:land_units/wp_airbase_modern,wp_airbase_modern,Modern Russian airforce base,Bases & installations,land_units,LandUnit,Airbase,,Modern Russian Airbase,mods-source/3629269283/land_units/wp_airbase_modern.ini,"[""3629269283""]",,,,photo_gap,,pending,"Candidate family/component reference only. Verify visible variant, operator, era and configuration. This is a source record, not a claim about the load-order winner."
3630495619:aircraft/spa_ah-1g,spa_ah-1g,AH-1G,Aircraft & helicopters,aircraft,,,,Spanish Navy Mod (Cold War),mods-source/3630495619/aircraft/spa_ah-1g.ini,"[""3630495619""]",#!alias aircraft/usmc_ah-1t.ini,,,photo_gap,,pending,"Candidate family/component reference only. Verify visible variant, operator, era and configuration. This is a source record, not a claim about the load-order winner."
3630495619:aircraft/spa_av-8a,spa_av-8a,AV-8S,Aircraft & helicopters,aircraft,,,,Spanish Navy Mod (Cold War),mods-source/3630495619/aircraft/spa_av-8a.ini,"[""3630495619""]",#!alias aircraft/usmc_av-8a.ini,,,photo_gap,,pending,"Candidate family/component reference only. Verify visible variant, operator, era and configuration. This is a source record, not a claim about the load-order winner."
3630495619:aircraft/spa_f-4c,spa_f-4c,F-4C,Aircraft & helicopters,aircraft,,,,Spanish Navy Mod (Cold War),mods-source/3630495619/aircraft/spa_f-4c.ini,"[""3630495619""]",#!alias aircraft/usaf_f-4d.ini,,,photo_gap,,pending,"Candidate family/component reference only. Verify visible variant, operator, era and configuration. This is a source record, not a claim about the load-order winner."
3630495619:aircraft/spa_f1c,spa_f1c,Mirage F1CE,Aircraft & helicopters,aircraft,,,,Spanish Navy Mod (Cold War),mods-source/3630495619/aircraft/spa_f1c.ini,"[""3630495619""]",#!alias aircraft/fr_f1c.ini,,,photo_gap,,pending,"Candidate family/component reference only. Verify visible variant, operator, era and configuration. This is a source record, not a claim about the load-order winner."
3630495619:aircraft/spa_f1e,spa_f1e,Mirage F1EE,Aircraft & helicopters,aircraft,,,,Spanish Navy Mod (Cold War),mods-source/3630495619/aircraft/spa_f1e.ini,"[""3630495619""]",#!alias aircraft/fr_f1e.ini,,,photo_gap,,pending,"Candidate family/component reference only. Verify visible variant, operator, era and configuration. This is a source record, not a claim about the load-order winner."
3630495619:aircraft/spa_md500,spa_md500,MD500,Aircraft & helicopters,aircraft,,,,Spanish Navy Mod (Cold War),mods-source/3630495619/aircraft/spa_md500.ini,"[""3630495619""]",#!alias aircraft/iqaf_md500.ini,,,photo_gap,,pending,"Candidate family/component reference only. Verify visible variant, operator, era and configuration. This is a source record, not a claim about the load-order winner."
3630495619:aircraft/spa_mirage_iii,spa_mirage_iii,Mirage IIIEE,Aircraft & helicopters,aircraft,,,,Spanish Navy Mod (Cold War),mods-source/3630495619/aircraft/spa_mirage_iii.ini,"[""3630495619""]",#!alias aircraft/fr_mirage_iii.ini,,,photo_gap,,pending,"Candidate family/component reference only. Verify visible variant, operator, era and configuration. This is a source record, not a claim about the load-order winner."
3630495619:aircraft/spa_p-3a,spa_p-3a,P-3A,Aircraft & helicopters,aircraft,,,,Spanish Navy Mod (Cold War),mods-source/3630495619/aircraft/spa_p-3a.ini,"[""3630495619""]",#!alias aircraft/usn_p-3c.ini,,,photo_gap,,pending,"Candidate family/component reference only. Verify visible variant, operator, era and configuration. This is a source record, not a claim about the load-order winner."
3630495619:aircraft/spa_sh-3d,spa_sh-3d,SH-3D,Aircraft & helicopters,aircraft,,,,Spanish Navy Mod (Cold War),mods-source/3630495619/aircraft/spa_sh-3d.ini,"[""3630495619""]",#!alias aircraft/usn_sh-3h.ini,,,photo_gap,,pending,"Candidate family/component reference only. Verify visible variant, operator, era and configuration. This is a source record, not a claim about the load-order winner."
3630495619:aircraft/spa_sh-3d_AEW,spa_sh-3d_AEW,SH-3D AEW,Aircraft & helicopters,aircraft,,,,Spanish Navy Mod (Cold War),mods-source/3630495619/aircraft/spa_sh-3d_AEW.ini,"[""3630495619""]",#!alias aircraft/usn_sh-3h.ini,,,photo_gap,,pending,"Candidate family/component reference only. Verify visible variant, operator, era and configuration. This is a source record, not a claim about the load-order winner."
3630495619:vessels/ae_ao_teide,ae_ao_teide,Teide-class Teide,Ships,vessels,Vessel,,,Spanish Navy Mod (Cold War),mods-source/3630495619/vessels/ae_ao_teide.ini,"[""3630495619""]",,,,photo_gap,,pending,"Candidate family/component reference only. Verify visible variant, operator, era and configuration. This is a source record, not a claim about the load-order winner."
3630495619:vessels/ae_dd_churruca_fram_i,ae_dd_churruca_fram_i,Churruca-class FRAM I,Ships,vessels,,,,Spanish Navy Mod (Cold War),mods-source/3630495619/vessels/ae_dd_churruca_fram_i.ini,"[""3630495619""]",#!alias vessels/usn_dd_gearing.ini,,,photo_gap,,pending,"Candidate family/component reference only. Verify visible variant, operator, era and configuration. This is a source record, not a claim about the load-order winner."
3630495619:vessels/ae_dd_churruca_fram_ib,ae_dd_churruca_fram_ib,Churruca-class FRAM I mod,Ships,vessels,,,,Spanish Navy Mod (Cold War),mods-source/3630495619/vessels/ae_dd_churruca_fram_ib.ini,"[""3630495619""]",#!alias vessels/usn_dd_gearing_fram2.ini,,,photo_gap,,pending,"Candidate family/component reference only. Verify visible variant, operator, era and configuration. This is a source record, not a claim about the load-order winner."
3630495619:vessels/ae_ffg_baleares,ae_ffg_baleares,Baleares-class (Early),Ships,vessels,,,,Spanish Navy Mod (Cold War),mods-source/3630495619/vessels/ae_ffg_baleares.ini,"[""3630495619""]",#!alias vessels/es_ffg_baleares.ini,,,photo_gap,,pending,"Candidate family/component reference only. Verify visible variant, operator, era and configuration. This is a source record, not a claim about the load-order winner."
3630495619:vessels/ae_ffg_baleares_late,ae_ffg_baleares_late,Baleares-class (Late),Ships,vessels,,,,Spanish Navy Mod (Cold War),mods-source/3630495619/vessels/ae_ffg_baleares_late.ini,"[""3630495619""]",#!alias vessels/es_ffg_baleares.ini,,,photo_gap,,pending,"Candidate family/component reference only. Verify visible variant, operator, era and configuration. This is a source record, not a claim about the load-order winner."
3630495619:vessels/ae_ffg_descubierta,ae_ffg_descubierta,Descubierta-class (Early),Ships,vessels,Vessel,,,Spanish Navy Mod (Cold War),mods-source/3630495619/vessels/ae_ffg_descubierta.ini,"[""3630495619""]",,,,photo_gap,,pending,"Candidate family/component reference only. Verify visible variant, operator, era and configuration. This is a source record, not a claim about the load-order winner."
3630495619:vessels/ae_ffg_descubierta_late,ae_ffg_descubierta_late,Descubierta-class (Late),Ships,vessels,,,,Spanish Navy Mod (Cold War),mods-source/3630495619/vessels/ae_ffg_descubierta_late.ini,"[""3630495619""]",#!alias vessels/ae_ffg_descubierta.ini,,,photo_gap,,pending,"Candidate family/component reference only. Verify visible variant, operator, era and configuration. This is a source record, not a claim about the load-order winner."
3630495619:vessels/ae_lpa_castilla,ae_lpa_castilla,Castilla_L20-class L20,Ships,vessels,Vessel,,,Spanish Navy Mod (Cold War),mods-source/3630495619/vessels/ae_lpa_castilla.ini,"[""3630495619""]",,,,photo_gap,,pending,"Candidate family/component reference only. Verify visible variant, operator, era and configuration. This is a source record, not a claim about the load-order winner."
3630495619:vessels/ae_lsd_galicia,ae_lsd_galicia,Galicia_L31-class L31,Ships,vessels,Vessel,,,Spanish Navy Mod (Cold War),mods-source/3630495619/vessels/ae_lsd_galicia.ini,"[""3630495619""]",,,,photo_gap,,pending,"Candidate family/component reference only. Verify visible variant, operator, era and configuration. This is a source record, not a claim about the load-order winner."
3630495619:vessels/ae_lst_hernan_cortes,ae_lst_hernan_cortes,Hernan_Cortes_L41-class L41,Ships,vessels,,,,Spanish Navy Mod (Cold War),mods-source/3630495619/vessels/ae_lst_hernan_cortes.ini,"[""3630495619""]",#!alias vessels/usn_lst_newport.ini,,,photo_gap,,pending,"Candidate family/component reference only. Verify visible variant, operator, era and configuration. This is a source record, not a claim about the load-order winner."
3630495619:vessels/ae_msc_jucar,ae_msc_jucar,Jucar-class,Ships,vessels,,,,Spanish Navy Mod (Cold War),mods-source/3630495619/vessels/ae_msc_jucar.ini,"[""3630495619""]",#!alias vessels/usn_msc_adjutant.ini,,,photo_gap,,pending,"Candidate family/component reference only. Verify visible variant, operator, era and configuration. This is a source record, not a claim about the load-order winner."
3630495619:vessels/ae_mso_guadalete,ae_mso_guadalete,Guadalete-class,Ships,vessels,,,,Spanish Navy Mod (Cold War),mods-source/3630495619/vessels/ae_mso_guadalete.ini,"[""3630495619""]",#!alias vessels/usn_mso_aggressive.ini,,,photo_gap,,pending,"Candidate family/component reference only. Verify visible variant, operator, era and configuration. This is a source record, not a claim about the load-order winner."
3630495619:vessels/ae_ptg_lazaga,ae_ptg_lazaga,Lazaga-class,Ships,vessels,Vessel,,,Spanish Navy Mod (Cold War),mods-source/3630495619/vessels/ae_ptg_lazaga.ini,"[""3630495619""]",,,,photo_gap,,pending,"Candidate family/component reference only. Verify visible variant, operator, era and configuration. This is a source record, not a claim about the load-order winner."
3630495619:vessels/ae_ptm_lazaga,ae_ptm_lazaga,Lazaga-class,Ships,vessels,Vessel,,,Spanish Navy Mod (Cold War),mods-source/3630495619/vessels/ae_ptm_lazaga.ini,"[""3630495619""]",,,,photo_gap,,pending,"Candidate family/component reference only. Verify visible variant, operator, era and configuration. This is a source record, not a claim about the load-order winner."
3630495619:vessels/ae_sa_tiburon,ae_sa_tiburon,Tiburon class,Submarines,vessels,Submarine,,,Spanish Navy Mod (Cold War),mods-source/3630495619/vessels/ae_sa_tiburon.ini,"[""3630495619""]",,,,photo_gap,,pending,"Candidate family/component reference only. Verify visible variant, operator, era and configuration. This is a source record, not a claim about the load-order winner."
3630495619:vessels/ae_ss_s31,ae_ss_s31,"Balao ""Fleet snorkel"" class",Submarines,vessels,Submarine,,,Spanish Navy Mod (Cold War),mods-source/3630495619/vessels/ae_ss_s31.ini,"[""3630495619""]",,,,photo_gap,,pending,"Candidate family/component reference only. Verify visible variant, operator, era and configuration. This is a source record, not a claim about the load-order winner."
3630495619:vessels/ae_ss_s32,ae_ss_s32,GUPPY IIA class (late sail),Submarines,vessels,Submarine,,,Spanish Navy Mod (Cold War),mods-source/3630495619/vessels/ae_ss_s32.ini,"[""3630495619""]",,,,photo_gap,,pending,"Candidate family/component reference only. Verify visible variant, operator, era and configuration. This is a source record, not a claim about the load-order winner."
3630495619:vessels/ae_ss_s33,ae_ss_s33,GUPPY IIA class (early sail),Submarines,vessels,Submarine,,,Spanish Navy Mod (Cold War),mods-source/3630495619/vessels/ae_ss_s33.ini,"[""3630495619""]",,,,photo_gap,,pending,"Candidate family/component reference only. Verify visible variant, operator, era and configuration. This is a source record, not a claim about the load-order winner."
3630495619:vessels/ae_ssk_delfin,ae_ssk_delfin,Delfín-class Delfín,Submarines,vessels,Submarine,,,Spanish Navy Mod (Cold War),mods-source/3630495619/vessels/ae_ssk_delfin.ini,"[""3630495619""]",#!alias vessels/es_ssk_delfin.ini,,,photo_gap,,pending,"Candidate family/component reference only. Verify visible variant, operator, era and configuration. This is a source record, not a claim about the load-order winner."
3630495619:vessels/ae_ssk_galerna,ae_ssk_galerna,Galerna (Early),Submarines,vessels,Submarine,,,Spanish Navy Mod (Cold War),mods-source/3630495619/vessels/ae_ssk_galerna.ini,"[""3630495619""]",,,,photo_gap,,pending,"Candidate family/component reference only. Verify visible variant, operator, era and configuration. This is a source record, not a claim about the load-order winner."
3630495619:vessels/ae_ssk_galerna_mod,ae_ssk_galerna_mod,Galerna (Late),Submarines,vessels,Submarine,,,Spanish Navy Mod (Cold War),mods-source/3630495619/vessels/ae_ssk_galerna_mod.ini,"[""3630495619""]",#!alias vessels/ae_ssk_galerna.ini,,,photo_gap,,pending,"Candidate family/component reference only. Verify visible variant, operator, era and configuration. This is a source record, not a claim about the load-order winner."
3630495619:ammunition/spa_bme-330,spa_bme-330,spa_bme-330,Weapons & ammunition,ammunition,,,,Spanish Navy Mod (Cold War),mods-source/3630495619/ammunition/spa_bme-330.ini,"[""3630495619""]",#!alias ammunition/usn_rockeye.ini,,,photo_gap,,pending,"Candidate family/component reference only. Verify visible variant, operator, era and configuration. This is a source record, not a claim about the load-order winner."
3630495619:ammunition/spa_bmep-330,spa_bmep-330,spa_bmep-330,Weapons & ammunition,ammunition,,,,Spanish Navy Mod (Cold War),mods-source/3630495619/ammunition/spa_bmep-330.ini,"[""3630495619""]",#!alias ammunition/usn_rockeye.ini,,,photo_gap,,pending,"Candidate family/component reference only. Verify visible variant, operator, era and configuration. This is a source record, not a claim about the load-order winner."
3630495619:ammunition/spa_br-250,spa_br-250,spa_br-250,Weapons & ammunition,ammunition,,,,Spanish Navy Mod (Cold War),mods-source/3630495619/ammunition/spa_br-250.ini,"[""3630495619""]",#!alias ammunition/usn_mk-82.ini,,,photo_gap,,pending,"Candidate family/component reference only. Verify visible variant, operator, era and configuration. This is a source record, not a claim about the load-order winner."
3630495619:ammunition/spa_br-500,spa_br-500,spa_br-500,Weapons & ammunition,ammunition,,,,Spanish Navy Mod (Cold War),mods-source/3630495619/ammunition/spa_br-500.ini,"[""3630495619""]",#!alias ammunition/usn_mk-83.ini,,,photo_gap,,pending,"Candidate family/component reference only. Verify visible variant, operator, era and configuration. This is a source record, not a claim about the load-order winner."
3630495619:ammunition/spa_brp-250,spa_brp-250,spa_brp-250,Weapons & ammunition,ammunition,,,,Spanish Navy Mod (Cold War),mods-source/3630495619/ammunition/spa_brp-250.ini,"[""3630495619""]",#!alias ammunition/usn_mk-82.ini,,,photo_gap,,pending,"Candidate family/component reference only. Verify visible variant, operator, era and configuration. This is a source record, not a claim about the load-order winner."
3630495619:ammunition/spa_brps-250,spa_brps-250,spa_brps-250,Weapons & ammunition,ammunition,,,,Spanish Navy Mod (Cold War),mods-source/3630495619/ammunition/spa_brps-250.ini,"[""3630495619""]",#!alias ammunition/usn_mk-82.ini,,,photo_gap,,pending,"Candidate family/component reference only. Verify visible variant, operator, era and configuration. This is a source record, not a claim about the load-order winner."
3630495619:ammunition/spa_brps-500,spa_brps-500,spa_brps-500,Weapons & ammunition,ammunition,,,,Spanish Navy Mod (Cold War),mods-source/3630495619/ammunition/spa_brps-500.ini,"[""3630495619""]",#!alias ammunition/usn_mk-83.ini,,,photo_gap,,pending,"Candidate family/component reference only. Verify visible variant, operator, era and configuration. This is a source record, not a claim about the load-order winner."
3630495619:ammunition/spa_cal_120mm,spa_cal_120mm,spa_cal_120mm,Weapons & ammunition,ammunition,,,,Spanish Navy Mod (Cold War),mods-source/3630495619/ammunition/spa_cal_120mm.ini,"[""3630495619""]",#!alias ammunition/usn_cal_127mm.ini,,,photo_gap,,pending,"Candidate family/component reference only. Verify visible variant, operator, era and configuration. This is a source record, not a claim about the load-order winner."
3630495619:ammunition/spa_cal_203mm,spa_cal_203mm,spa_cal_203mm,Weapons & ammunition,ammunition,,,,Spanish Navy Mod (Cold War),mods-source/3630495619/ammunition/spa_cal_203mm.ini,"[""3630495619""]",#!alias ammunition/usn_cal_203mm.ini,,,photo_gap,,pending,"Candidate family/component reference only. Verify visible variant, operator, era and configuration. This is a source record, not a claim about the load-order winner."
3630495619:ammunition/spa_cal_203mm_aa,spa_cal_203mm_aa,spa_cal_203mm_aa,Weapons & ammunition,ammunition,,,,Spanish Navy Mod (Cold War),mods-source/3630495619/ammunition/spa_cal_203mm_aa.ini,"[""3630495619""]",#!alias ammunition/spa_cal_203mm.ini,,,photo_gap,,pending,"Candidate family/component reference only. Verify visible variant, operator, era and configuration. This is a source record, not a claim about the load-order winner."
3630495619:ammunition/spa_cal_20mm_meroka,spa_cal_20mm_meroka,spa_cal_20mm_meroka,Weapons & ammunition,ammunition,,,,Spanish Navy Mod (Cold War),mods-source/3630495619/ammunition/spa_cal_20mm_meroka.ini,"[""3630495619""]",#!alias ammunition/usn_cal_20mm.ini,,,photo_gap,,pending,"Candidate family/component reference only. Verify visible variant, operator, era and configuration. This is a source record, not a claim about the load-order winner."
3630495619:ammunition/spa_cal_37mm,spa_cal_37mm,spa_cal_37mm,Weapons & ammunition,ammunition,,,,Spanish Navy Mod (Cold War),mods-source/3630495619/ammunition/spa_cal_37mm.ini,"[""3630495619""]",#!alias ammunition/wp_cal_37mm.ini,,,photo_gap,,pending,"Candidate family/component reference only. Verify visible variant, operator, era and configuration. This is a source record, not a claim about the load-order winner."
3630495619:ammunition/spa_cal_40mm,spa_cal_40mm,spa_cal_40mm,Weapons & ammunition,ammunition,,,,Spanish Navy Mod (Cold War),mods-source/3630495619/ammunition/spa_cal_40mm.ini,"[""3630495619""]",#!alias ammunition/nv_cal_40mm.ini,,,photo_gap,,pending,"Candidate family/component reference only. Verify visible variant, operator, era and configuration. This is a source record, not a claim about the load-order winner."
3630495619:ammunition/spa_f-104_tank,spa_f-104_tank,spa_f-104_tank,Weapons & ammunition,ammunition,,,,Spanish Navy Mod (Cold War),mods-source/3630495619/ammunition/spa_f-104_tank.ini,"[""3630495619""]",#!alias ammunition/usaf_tank_600_f-4e.ini,,,photo_gap,,pending,"Candidate family/component reference only. Verify visible variant, operator, era and configuration. This is a source record, not a claim about the load-order winner."
3630495619:ammunition/spa_f17mod2,spa_f17mod2,spa_f17mod2,Weapons & ammunition,ammunition,,,,Spanish Navy Mod (Cold War),mods-source/3630495619/ammunition/spa_f17mod2.ini,"[""3630495619""]",#!alias ammunition/fr_e15.ini,,,photo_gap,,pending,"Candidate family/component reference only. Verify visible variant, operator, era and configuration. This is a source record, not a claim about the load-order winner."
3630495619:ammunition/spa_l5mod4,spa_l5mod4,spa_l5mod4,Weapons & ammunition,ammunition,,,,Spanish Navy Mod (Cold War),mods-source/3630495619/ammunition/spa_l5mod4.ini,"[""3630495619""]",#!alias ammunition/fr_l5_mod3.ini,,,photo_gap,,pending,"Candidate family/component reference only. Verify visible variant, operator, era and configuration. This is a source record, not a claim about the load-order winner."
3630495619:ammunition/spa_mcc23_mine,spa_mcc23_mine,spa_mcc23_mine,Weapons & ammunition,ammunition,,,,Spanish Navy Mod (Cold War),mods-source/3630495619/ammunition/spa_mcc23_mine.ini,"[""3630495619""]",,,,photo_gap,,pending,"Candidate family/component reference only. Verify visible variant, operator, era and configuration. This is a source record, not a claim about the load-order winner."
3630495619:ammunition/spa_rim-66e_VIb,spa_rim-66e_VIb,spa_rim-66e_VIb,Weapons & ammunition,ammunition,,,,Spanish Navy Mod (Cold War),mods-source/3630495619/ammunition/spa_rim-66e_VIb.ini,"[""3630495619""]",#!alias ammunition/usn_rim-66e.ini,,,photo_gap,,pending,"Candidate family/component reference only. Verify visible variant, operator, era and configuration. This is a source record, not a claim about the load-order winner."
3630495619:ammunition/spa_tank_230_av-8s,spa_tank_230_av-8s,spa_tank_230_av-8s,Weapons & ammunition,ammunition,,,,Spanish Navy Mod (Cold War),mods-source/3630495619/ammunition/spa_tank_230_av-8s.ini,"[""3630495619""]",#!alias ammunition/usaf_tank_230_av-8a.ini,,,photo_gap,,pending,"Candidate family/component reference only. Verify visible variant, operator, era and configuration. This is a source record, not a claim about the load-order winner."
3631042692:land_units/pla_airbase_modern,pla_airbase_modern,Modern Chinese airforce base,Bases & installations,land_units,LandUnit,Airbase,,Modern Chinese Airbase,mods-source/3631042692/land_units/pla_airbase_modern.ini,"[""3631042692""]",,,,photo_gap,,pending,"Candidate family/component reference only. Verify visible variant, operator, era and configuration. This is a source record, not a claim about the load-order winner."
3636213685:land_units/wp_sattelite_center,wp_sattelite_center,wp_sattelite_center,Bases & installations,land_units,LandUnit,Installation,,wp_sattelite_center,mods-source/3636213685/land_units/wp_sattelite_center.ini,"[""3636213685""]",,,,photo_gap,,pending,"Candidate family/component reference only. Verify visible variant, operator, era and configuration. This is a source record, not a claim about the load-order winner."
3636386513:aircraft/usaf_f-15ex_SEII,usaf_f-15ex_SEII,F-15EX,Aircraft & helicopters,aircraft,Aircraft,,,F-15EX,mods-source/3636386513/aircraft/usaf_f-15ex_SEII.ini,"[""3636386513""]",,,,photo_gap,,pending,"Candidate family/component reference only. Verify visible variant, operator, era and configuration. This is a source record, not a claim about the load-order winner."
3636386513:ammunition/dts_agm-158b-2,dts_agm-158b-2,dts_agm-158b-2,Weapons & ammunition,ammunition,,,,F-15EX,mods-source/3636386513/ammunition/dts_agm-158b-2.ini,"[""3636386513""]",,,,photo_gap,,pending,"Candidate family/component reference only. Verify visible variant, operator, era and configuration. This is a source record, not a claim about the load-order winner."
3636386513:ammunition/dts_aim-260,dts_aim-260,dts_aim-260,Weapons & ammunition,ammunition,,,,F-15EX,mods-source/3636386513/ammunition/dts_aim-260.ini,"[""3636386513""]",,,,photo_gap,,pending,"Candidate family/component reference only. Verify visible variant, operator, era and configuration. This is a source record, not a claim about the load-order winner."
3636386513:ammunition/dts_aim-260_w,dts_aim-260_w,dts_aim-260_w,Weapons & ammunition,ammunition,,,,F-15EX,mods-source/3636386513/ammunition/dts_aim-260_w.ini,"[""3636386513""]",,,,photo_gap,,pending,"Candidate family/component reference only. Verify visible variant, operator, era and configuration. This is a source record, not a claim about the load-order winner."
3637954857:ammunition/plan_ksb-2_dc,plan_ksb-2_dc,plan_ksb-2_dc,Weapons & ammunition,ammunition,,,,KJ-500,mods-source/3637954857/ammunition/plan_ksb-2_dc.ini,"[""3637954857""]",,,,photo_gap,,pending,"Candidate family/component reference only. Verify visible variant, operator, era and configuration. This is a source record, not a claim about the load-order winner."
3637954857:ammunition/plan_ksb-2_dc2,plan_ksb-2_dc2,plan_ksb-2_dc2,Weapons & ammunition,ammunition,,,,KJ-500,mods-source/3637954857/ammunition/plan_ksb-2_dc2.ini,"[""3637954857""]",,,,photo_gap,,pending,"Candidate family/component reference only. Verify visible variant, operator, era and configuration. This is a source record, not a claim about the load-order winner."
3637954857:ammunition/plan_skf-14,plan_skf-14,plan_skf-14,Weapons & ammunition,ammunition,,,,KJ-500,mods-source/3637954857/ammunition/plan_skf-14.ini,"[""3637954857""]",,,,photo_gap,,pending,"Candidate family/component reference only. Verify visible variant, operator, era and configuration. This is a source record, not a claim about the load-order winner."
3637954857:ammunition/plan_skf-15,plan_skf-15,plan_skf-15,Weapons & ammunition,ammunition,,,,KJ-500,mods-source/3637954857/ammunition/plan_skf-15.ini,"[""3637954857""]",,,,photo_gap,,pending,"Candidate family/component reference only. Verify visible variant, operator, era and configuration. This is a source record, not a claim about the load-order winner."
3637954857:ammunition/plan_skf-16,plan_skf-16,plan_skf-16,Weapons & ammunition,ammunition,,,,KJ-500,mods-source/3637954857/ammunition/plan_skf-16.ini,"[""3637954857""]",,,,photo_gap,,pending,"Candidate family/component reference only. Verify visible variant, operator, era and configuration. This is a source record, not a claim about the load-order winner."
3637954857:ammunition/plan_skf-20,plan_skf-20,plan_skf-20,Weapons & ammunition,ammunition,,,,KJ-500,mods-source/3637954857/ammunition/plan_skf-20.ini,"[""3637954857""]",,,,photo_gap,,pending,"Candidate family/component reference only. Verify visible variant, operator, era and configuration. This is a source record, not a claim about the load-order winner."
3637954857:ammunition/plan_yu-12_air,plan_yu-12_air,plan_yu-12_air,Weapons & ammunition,ammunition,,,,KJ-500,mods-source/3637954857/ammunition/plan_yu-12_air.ini,"[""3637954857""]",,,,photo_gap,,pending,"Candidate family/component reference only. Verify visible variant, operator, era and configuration. This is a source record, not a claim about the load-order winner."
3637954857:ammunition/plan_yu-7c_air,plan_yu-7c_air,plan_yu-7c_air,Weapons & ammunition,ammunition,,,,KJ-500,mods-source/3637954857/ammunition/plan_yu-7c_air.ini,"[""3637954857""]",,,,photo_gap,,pending,"Candidate family/component reference only. Verify visible variant, operator, era and configuration. This is a source record, not a claim about the load-order winner."
3642656500:vessels/hdms_tug_alsin,hdms_tug_alsin,Arvak Class,Ships,vessels,Vessel,,,Euromod-Scandinavian Navy,mods-source/3642656500/vessels/hdms_tug_alsin.ini,"[""3642656500""]",,,,photo_gap,,pending,"Candidate family/component reference only. Verify visible variant, operator, era and configuration. This is a source record, not a claim about the load-order winner."
3652097318:ammunition/dts_agm-158b-2,dts_agm-158b-2,dts_agm-158b-2,Weapons & ammunition,ammunition,,,,B-1B Lancer,mods-source/3652097318/ammunition/dts_agm-158b-2.ini,"[""3652097318""]",,,,photo_gap,,pending,"Candidate family/component reference only. Verify visible variant, operator, era and configuration. This is a source record, not a claim about the load-order winner."
3652906664:land_units/wp_kraz_tel,wp_kraz_tel,5P85TE TEL,Land units,land_units,LandUnit,SAM,,S-300PMU2,mods-source/3652906664/land_units/wp_kraz_tel.ini,"[""3652906664""]",,,,photo_gap,,pending,"Candidate family/component reference only. Verify visible variant, operator, era and configuration. This is a source record, not a claim about the load-order winner."
3652906664:land_units/wp_s-300pmu2_site,wp_s-300pmu2_site,S-300PMU2 Site,Land units,land_units,LandUnit,SAM,,S-300PMU2,mods-source/3652906664/land_units/wp_s-300pmu2_site.ini,"[""3652906664""]",,,,photo_gap,,pending,"Candidate family/component reference only. Verify visible variant, operator, era and configuration. This is a source record, not a claim about the load-order winner."
3652906664:land_units/wp_tombstone,wp_tombstone,30N6E2 Tomb Stone,Sensors & equipment,land_units,LandUnit,Radar,,S-300PMU2,mods-source/3652906664/land_units/wp_tombstone.ini,"[""3652906664""]",,,,photo_gap,,pending,"Candidate family/component reference only. Verify visible variant, operator, era and configuration. This is a source record, not a claim about the load-order winner."
3652906664:ammunition/wp_48n6e2,wp_48n6e2,wp_48n6e2,Weapons & ammunition,ammunition,,,,S-300PMU2,mods-source/3652906664/ammunition/wp_48n6e2.ini,"[""3652906664""]",,,,photo_gap,,pending,"Candidate family/component reference only. Verify visible variant, operator, era and configuration. This is a source record, not a claim about the load-order winner."
3659742367:ammunition/su_as-14_LQS,su_as-14_LQS,su_as-14_LQS,Weapons & ammunition,ammunition,,,,Mig-35,mods-source/3659742367/ammunition/su_as-14_LQS.ini,"[""3659742367""]",,,,photo_gap,,pending,"Candidate family/component reference only. Verify visible variant, operator, era and configuration. This is a source record, not a claim about the load-order winner."
3659742367:ammunition/su_as-18a_LQS,su_as-18a_LQS,su_as-18a_LQS,Weapons & ammunition,ammunition,,,,Mig-35,mods-source/3659742367/ammunition/su_as-18a_LQS.ini,"[""3659742367""]",,,,photo_gap,,pending,"Candidate family/component reference only. Verify visible variant, operator, era and configuration. This is a source record, not a claim about the load-order winner."
3659742367:ammunition/su_as-20_LQS,su_as-20_LQS,su_as-20_LQS,Weapons & ammunition,ammunition,,,,Mig-35,mods-source/3659742367/ammunition/su_as-20_LQS.ini,"[""3659742367""]",,,,photo_gap,,pending,"Candidate family/component reference only. Verify visible variant, operator, era and configuration. This is a source record, not a claim about the load-order winner."
3659742367:ammunition/su_kh-35_LQS,su_kh-35_LQS,su_kh-35_LQS,Weapons & ammunition,ammunition,,,,Mig-35,mods-source/3659742367/ammunition/su_kh-35_LQS.ini,"[""3659742367""]",,,,photo_gap,,pending,"Candidate family/component reference only. Verify visible variant, operator, era and configuration. This is a source record, not a claim about the load-order winner."
3659742367:ammunition/su_kh-38_LQS,su_kh-38_LQS,su_kh-38_LQS,Weapons & ammunition,ammunition,,,,Mig-35,mods-source/3659742367/ammunition/su_kh-38_LQS.ini,"[""3659742367""]",,,,photo_gap,,pending,"Candidate family/component reference only. Verify visible variant, operator, era and configuration. This is a source record, not a claim about the load-order winner."
3659742367:ammunition/wp_kab-500kr_LQS,wp_kab-500kr_LQS,wp_kab-500kr_LQS,Weapons & ammunition,ammunition,,,,Mig-35,mods-source/3659742367/ammunition/wp_kab-500kr_LQS.ini,"[""3659742367""]",,,,photo_gap,,pending,"Candidate family/component reference only. Verify visible variant, operator, era and configuration. This is a source record, not a claim about the load-order winner."
3659742367:ammunition/wp_tank_1200mig-35,wp_tank_1200mig-35,wp_tank_1200mig-35,Weapons & ammunition,ammunition,,,,Mig-35,mods-source/3659742367/ammunition/wp_tank_1200mig-35.ini,"[""3659742367""]",,,,photo_gap,,pending,"Candidate family/component reference only. Verify visible variant, operator, era and configuration. This is a source record, not a claim about the load-order winner."
3663564190:aircraft/plan_z-8j,plan_z-8j,Z-8J,Aircraft & helicopters,aircraft,Helicopter,,,Type003.CV-18.fujian.v0.02,mods-source/3663564190/aircraft/plan_z-8j.ini,"[""3663564190""]",,,,photo_gap,,pending,"Candidate family/component reference only. Verify visible variant, operator, era and configuration. This is a source record, not a claim about the load-order winner."
3663564190:ammunition/plaaf_4xgj,plaaf_4xgj,plaaf_4xgj,Weapons & ammunition,ammunition,,,,Type003.CV-18.fujian.v0.02,mods-source/3663564190/ammunition/plaaf_4xgj.ini,"[""3663564190""]",,,,photo_gap,,pending,"Candidate family/component reference only. Verify visible variant, operator, era and configuration. This is a source record, not a claim about the load-order winner."
3663564190:ammunition/plaaf_90-Ⅰ_rocket,plaaf_90-Ⅰ_rocket,plaaf_90-Ⅰ_rocket,Weapons & ammunition,ammunition,,,,Type003.CV-18.fujian.v0.02,mods-source/3663564190/ammunition/plaaf_90-Ⅰ_rocket.ini,"[""3663564190""]",,,,photo_gap,,pending,"Candidate family/component reference only. Verify visible variant, operator, era and configuration. This is a source record, not a claim about the load-order winner."
3663564190:ammunition/plaaf_akf-98,plaaf_akf-98,plaaf_akf-98,Weapons & ammunition,ammunition,,,,Type003.CV-18.fujian.v0.02,mods-source/3663564190/ammunition/plaaf_akf-98.ini,"[""3663564190""]",,,,photo_gap,,pending,"Candidate family/component reference only. Verify visible variant, operator, era and configuration. This is a source record, not a claim about the load-order winner."
3663564190:ammunition/plaaf_akf-98a,plaaf_akf-98a,plaaf_akf-98a,Weapons & ammunition,ammunition,,,,Type003.CV-18.fujian.v0.02,mods-source/3663564190/ammunition/plaaf_akf-98a.ini,"[""3663564190""]",,,,photo_gap,,pending,"Candidate family/component reference only. Verify visible variant, operator, era and configuration. This is a source record, not a claim about the load-order winner."
3663564190:ammunition/plaaf_bbm2,plaaf_bbm2,plaaf_bbm2,Weapons & ammunition,ammunition,,,,Type003.CV-18.fujian.v0.02,mods-source/3663564190/ammunition/plaaf_bbm2.ini,"[""3663564190""]",,,,photo_gap,,pending,"Candidate family/component reference only. Verify visible variant, operator, era and configuration. This is a source record, not a claim about the load-order winner."
3663564190:ammunition/plaaf_gb-1000,plaaf_gb-1000,plaaf_gb-1000,Weapons & ammunition,ammunition,,,,Type003.CV-18.fujian.v0.02,mods-source/3663564190/ammunition/plaaf_gb-1000.ini,"[""3663564190""]",,,,photo_gap,,pending,"Candidate family/component reference only. Verify visible variant, operator, era and configuration. This is a source record, not a claim about the load-order winner."
3663564190:ammunition/plaaf_hf-20,plaaf_hf-20,plaaf_hf-20,Weapons & ammunition,ammunition,,,,Type003.CV-18.fujian.v0.02,mods-source/3663564190/ammunition/plaaf_hf-20.ini,"[""3663564190""]",,,,photo_gap,,pending,"Candidate family/component reference only. Verify visible variant, operator, era and configuration. This is a source record, not a claim about the load-order winner."
3663564190:ammunition/plaaf_hf-20_hs-90,plaaf_hf-20_hs-90,plaaf_hf-20_hs-90,Weapons & ammunition,ammunition,,,,Type003.CV-18.fujian.v0.02,mods-source/3663564190/ammunition/plaaf_hf-20_hs-90.ini,"[""3663564190""]",,,,photo_gap,,pending,"Candidate family/component reference only. Verify visible variant, operator, era and configuration. This is a source record, not a claim about the load-order winner."
3663564190:ammunition/plaaf_hs-90a,plaaf_hs-90a,plaaf_hs-90a,Weapons & ammunition,ammunition,,,,Type003.CV-18.fujian.v0.02,mods-source/3663564190/ammunition/plaaf_hs-90a.ini,"[""3663564190""]",,,,photo_gap,,pending,"Candidate family/component reference only. Verify visible variant, operator, era and configuration. This is a source record, not a claim about the load-order winner."
3663564190:ammunition/plaaf_kd-88,plaaf_kd-88,plaaf_kd-88,Weapons & ammunition,ammunition,,,,Type003.CV-18.fujian.v0.02,mods-source/3663564190/ammunition/plaaf_kd-88.ini,"[""3663564190""]",,,,photo_gap,,pending,"Candidate family/component reference only. Verify visible variant, operator, era and configuration. This is a source record, not a claim about the load-order winner."
3663564190:ammunition/plaaf_ld-8a,plaaf_ld-8a,plaaf_ld-8a,Weapons & ammunition,ammunition,,,,Type003.CV-18.fujian.v0.02,mods-source/3663564190/ammunition/plaaf_ld-8a.ini,"[""3663564190""]",,,,photo_gap,,pending,"Candidate family/component reference only. Verify visible variant, operator, era and configuration. This is a source record, not a claim about the load-order winner."
3663564190:ammunition/plaaf_ld-8a_s,plaaf_ld-8a_s,plaaf_ld-8a_s,Weapons & ammunition,ammunition,,,,Type003.CV-18.fujian.v0.02,mods-source/3663564190/ammunition/plaaf_ld-8a_s.ini,"[""3663564190""]",,,,photo_gap,,pending,"Candidate family/component reference only. Verify visible variant, operator, era and configuration. This is a source record, not a claim about the load-order winner."
3663564190:ammunition/plaaf_ls-6_250,plaaf_ls-6_250,plaaf_ls-6_250,Weapons & ammunition,ammunition,,,,Type003.CV-18.fujian.v0.02,mods-source/3663564190/ammunition/plaaf_ls-6_250.ini,"[""3663564190""]",,,,photo_gap,,pending,"Candidate family/component reference only. Verify visible variant, operator, era and configuration. This is a source record, not a claim about the load-order winner."
3663564190:ammunition/plaaf_ls-6_500,plaaf_ls-6_500,plaaf_ls-6_500,Weapons & ammunition,ammunition,,,,Type003.CV-18.fujian.v0.02,mods-source/3663564190/ammunition/plaaf_ls-6_500.ini,"[""3663564190""]",,,,photo_gap,,pending,"Candidate family/component reference only. Verify visible variant, operator, era and configuration. This is a source record, not a claim about the load-order winner."
3663564190:ammunition/plaaf_ls-6_500_zc,plaaf_ls-6_500_zc,plaaf_ls-6_500_zc,Weapons & ammunition,ammunition,,,,Type003.CV-18.fujian.v0.02,mods-source/3663564190/ammunition/plaaf_ls-6_500_zc.ini,"[""3663564190""]",,,,photo_gap,,pending,"Candidate family/component reference only. Verify visible variant, operator, era and configuration. This is a source record, not a claim about the load-order winner."
3663564190:ammunition/plaaf_pl-10,plaaf_pl-10,plaaf_pl-10,Weapons & ammunition,ammunition,,,,Type003.CV-18.fujian.v0.02,mods-source/3663564190/ammunition/plaaf_pl-10.ini,"[""3663564190""]",,,,photo_gap,,pending,"Candidate family/component reference only. Verify visible variant, operator, era and configuration. This is a source record, not a claim about the load-order winner."
3663564190:ammunition/plaaf_pl-17,plaaf_pl-17,plaaf_pl-17,Weapons & ammunition,ammunition,,,,Type003.CV-18.fujian.v0.02,mods-source/3663564190/ammunition/plaaf_pl-17.ini,"[""3663564190""]",,,,photo_gap,,pending,"Candidate family/component reference only. Verify visible variant, operator, era and configuration. This is a source record, not a claim about the load-order winner."
3663564190:ammunition/plaaf_yings-iii,plaaf_yings-iii,plaaf_yings-iii,Weapons & ammunition,ammunition,,,,Type003.CV-18.fujian.v0.02,mods-source/3663564190/ammunition/plaaf_yings-iii.ini,"[""3663564190""]",,,,photo_gap,,pending,"Candidate family/component reference only. Verify visible variant, operator, era and configuration. This is a source record, not a claim about the load-order winner."
3663564190:ammunition/plaaf_yj-91,plaaf_yj-91,plaaf_yj-91,Weapons & ammunition,ammunition,,,,Type003.CV-18.fujian.v0.02,mods-source/3663564190/ammunition/plaaf_yj-91.ini,"[""3663564190""]",,,,photo_gap,,pending,"Candidate family/component reference only. Verify visible variant, operator, era and configuration. This is a source record, not a claim about the load-order winner."
3663564190:ammunition/plan_726_chaff,plan_726_chaff,plan_726_chaff,Weapons & ammunition,ammunition,,,,Type003.CV-18.fujian.v0.02,mods-source/3663564190/ammunition/plan_726_chaff.ini,"[""3663564190""]",,,,photo_gap,,pending,"Candidate family/component reference only. Verify visible variant, operator, era and configuration. This is a source record, not a claim about the load-order winner."
3663564190:ammunition/plan_cal_30mm,plan_cal_30mm,plan_cal_30mm,Weapons & ammunition,ammunition,,,,Type003.CV-18.fujian.v0.02,mods-source/3663564190/ammunition/plan_cal_30mm.ini,"[""3663564190""]",,,,photo_gap,,pending,"Candidate family/component reference only. Verify visible variant, operator, era and configuration. This is a source record, not a claim about the load-order winner."
3663564190:ammunition/plan_hq-10a,plan_hq-10a,plan_hq-10a,Weapons & ammunition,ammunition,,,,Type003.CV-18.fujian.v0.02,mods-source/3663564190/ammunition/plan_hq-10a.ini,"[""3663564190""]",,,,photo_gap,,pending,"Candidate family/component reference only. Verify visible variant, operator, era and configuration. This is a source record, not a claim about the load-order winner."
3663564190:ammunition/plan_mss-02,plan_mss-02,plan_mss-02,Weapons & ammunition,ammunition,,,,Type003.CV-18.fujian.v0.02,mods-source/3663564190/ammunition/plan_mss-02.ini,"[""3663564190""]",,,,photo_gap,,pending,"Candidate family/component reference only. Verify visible variant, operator, era and configuration. This is a source record, not a claim about the load-order winner."
3663564190:ammunition/plan_skf-16,plan_skf-16,plan_skf-16,Weapons & ammunition,ammunition,,,,Type003.CV-18.fujian.v0.02,mods-source/3663564190/ammunition/plan_skf-16.ini,"[""3663564190""]",,,,photo_gap,,pending,"Candidate family/component reference only. Verify visible variant, operator, era and configuration. This is a source record, not a claim about the load-order winner."
3663564190:ammunition/plan_skf-20,plan_skf-20,plan_skf-20,Weapons & ammunition,ammunition,,,,Type003.CV-18.fujian.v0.02,mods-source/3663564190/ammunition/plan_skf-20.ini,"[""3663564190""]",,,,photo_gap,,pending,"Candidate family/component reference only. Verify visible variant, operator, era and configuration. This is a source record, not a claim about the load-order winner."
3663564190:ammunition/plan_yj-15,plan_yj-15,plan_yj-15,Weapons & ammunition,ammunition,,,,Type003.CV-18.fujian.v0.02,mods-source/3663564190/ammunition/plan_yj-15.ini,"[""3663564190""]",,,,photo_gap,,pending,"Candidate family/component reference only. Verify visible variant, operator, era and configuration. This is a source record, not a claim about the load-order winner."
3663564190:ammunition/plan_yu-12_air,plan_yu-12_air,plan_yu-12_air,Weapons & ammunition,ammunition,,,,Type003.CV-18.fujian.v0.02,mods-source/3663564190/ammunition/plan_yu-12_air.ini,"[""3663564190""]",,,,photo_gap,,pending,"Candidate family/component reference only. Verify visible variant, operator, era and configuration. This is a source record, not a claim about the load-order winner."
3663564190:ammunition/plan_yu-12a,plan_yu-12a,plan_yu-12a,Weapons & ammunition,ammunition,,,,Type003.CV-18.fujian.v0.02,mods-source/3663564190/ammunition/plan_yu-12a.ini,"[""3663564190""]",,,,photo_gap,,pending,"Candidate family/component reference only. Verify visible variant, operator, era and configuration. This is a source record, not a claim about the load-order winner."
3670643788:aircraft/plan_j-50,plan_j-50,J-50,Aircraft & helicopters,aircraft,Aircraft,,,J-50,mods-source/3670643788/aircraft/plan_j-50.ini,"[""3670643788""]",,,,photo_gap,,pending,"Candidate family/component reference only. Verify visible variant, operator, era and configuration. This is a source record, not a claim about the load-order winner."
3670643788:ammunition/plaaf_4xgj,plaaf_4xgj,plaaf_4xgj,Weapons & ammunition,ammunition,,,,J-50,mods-source/3670643788/ammunition/plaaf_4xgj.ini,"[""3670643788""]",,,,photo_gap,,pending,"Candidate family/component reference only. Verify visible variant, operator, era and configuration. This is a source record, not a claim about the load-order winner."
3670643788:ammunition/plaaf_bbm2,plaaf_bbm2,plaaf_bbm2,Weapons & ammunition,ammunition,,,,J-50,mods-source/3670643788/ammunition/plaaf_bbm2.ini,"[""3670643788""]",,,,photo_gap,,pending,"Candidate family/component reference only. Verify visible variant, operator, era and configuration. This is a source record, not a claim about the load-order winner."
3670643788:ammunition/plaaf_ld-8a_LQS,plaaf_ld-8a_LQS,plaaf_ld-8a_LQS,Weapons & ammunition,ammunition,,,,J-50,mods-source/3670643788/ammunition/plaaf_ld-8a_LQS.ini,"[""3670643788""]",,,,photo_gap,,pending,"Candidate family/component reference only. Verify visible variant, operator, era and configuration. This is a source record, not a claim about the load-order winner."
3670643788:ammunition/plaaf_ls-6_500_LQS,plaaf_ls-6_500_LQS,plaaf_ls-6_500_LQS,Weapons & ammunition,ammunition,,,,J-50,mods-source/3670643788/ammunition/plaaf_ls-6_500_LQS.ini,"[""3670643788""]",,,,photo_gap,,pending,"Candidate family/component reference only. Verify visible variant, operator, era and configuration. This is a source record, not a claim about the load-order winner."
3670643788:ammunition/plaaf_pl-10_LQS,plaaf_pl-10_LQS,plaaf_pl-10_LQS,Weapons & ammunition,ammunition,,,,J-50,mods-source/3670643788/ammunition/plaaf_pl-10_LQS.ini,"[""3670643788""]",,,,photo_gap,,pending,"Candidate family/component reference only. Verify visible variant, operator, era and configuration. This is a source record, not a claim about the load-order winner."
3670643788:ammunition/plaaf_pl-16_LQS,plaaf_pl-16_LQS,plaaf_pl-16_LQS,Weapons & ammunition,ammunition,,,,J-50,mods-source/3670643788/ammunition/plaaf_pl-16_LQS.ini,"[""3670643788""]",,,,photo_gap,,pending,"Candidate family/component reference only. Verify visible variant, operator, era and configuration. This is a source record, not a claim about the load-order winner."
3670643788:ammunition/plaaf_pl-17_LQS,plaaf_pl-17_LQS,plaaf_pl-17_LQS,Weapons & ammunition,ammunition,,,,J-50,mods-source/3670643788/ammunition/plaaf_pl-17_LQS.ini,"[""3670643788""]",,,,photo_gap,,pending,"Candidate family/component reference only. Verify visible variant, operator, era and configuration. This is a source record, not a claim about the load-order winner."
3670643788:ammunition/plaaf_tl-20_LQS,plaaf_tl-20_LQS,plaaf_tl-20_LQS,Weapons & ammunition,ammunition,,,,J-50,mods-source/3670643788/ammunition/plaaf_tl-20_LQS.ini,"[""3670643788""]",,,,photo_gap,,pending,"Candidate family/component reference only. Verify visible variant, operator, era and configuration. This is a source record, not a claim about the load-order winner."
3670643788:ammunition/plaaf_yj-21_LQS,plaaf_yj-21_LQS,plaaf_yj-21_LQS,Weapons & ammunition,ammunition,,,,J-50,mods-source/3670643788/ammunition/plaaf_yj-21_LQS.ini,"[""3670643788""]",,,,photo_gap,,pending,"Candidate family/component reference only. Verify visible variant, operator, era and configuration. This is a source record, not a claim about the load-order winner."
3670643788:ammunition/plan_yj-15,plan_yj-15,plan_yj-15,Weapons & ammunition,ammunition,,,,J-50,mods-source/3670643788/ammunition/plan_yj-15.ini,"[""3670643788""]",,,,photo_gap,,pending,"Candidate family/component reference only. Verify visible variant, operator, era and configuration. This is a source record, not a claim about the load-order winner."
3672072359:ammunition/brd_roland-3,brd_roland-3,brd_roland-3,Weapons & ammunition,ammunition,,,,Ultimate Missile Workshop,mods-source/3672072359/ammunition/brd_roland-3.ini,"[""3672072359""]",,,,photo_gap,,pending,"Candidate family/component reference only. Verify visible variant, operator, era and configuration. This is a source record, not a claim about the load-order winner."
3672072359:ammunition/fr_r550-2,fr_r550-2,fr_r550-2,Weapons & ammunition,ammunition,,,,Ultimate Missile Workshop,mods-source/3672072359/ammunition/fr_r550-2.ini,"[""3672072359""]",,,,photo_gap,,pending,"Candidate family/component reference only. Verify visible variant, operator, era and configuration. This is a source record, not a claim about the load-order winner."
3672072359:ammunition/ods_agm-88,ods_agm-88,ods_agm-88,Weapons & ammunition,ammunition,,,,Ultimate Missile Workshop,mods-source/3672072359/ammunition/ods_agm-88.ini,"[""3672072359""]",#!alias ammunition/usn_agm-88a.ini,,,photo_gap,,pending,"Candidate family/component reference only. Verify visible variant, operator, era and configuration. This is a source record, not a claim about the load-order winner."
3672072359:ammunition/plaaf_pl-10,plaaf_pl-10,plaaf_pl-10,Weapons & ammunition,ammunition,,,,Ultimate Missile Workshop,mods-source/3672072359/ammunition/plaaf_pl-10.ini,"[""3672072359""]",,,,photo_gap,,pending,"Candidate family/component reference only. Verify visible variant, operator, era and configuration. This is a source record, not a claim about the load-order winner."
3672072359:ammunition/plaaf_pl-8b,plaaf_pl-8b,plaaf_pl-8b,Weapons & ammunition,ammunition,,,,Ultimate Missile Workshop,mods-source/3672072359/ammunition/plaaf_pl-8b.ini,"[""3672072359""]",,,,photo_gap,,pending,"Candidate family/component reference only. Verify visible variant, operator, era and configuration. This is a source record, not a claim about the load-order winner."
3672072359:ammunition/plaaf_yj-91,plaaf_yj-91,plaaf_yj-91,Weapons & ammunition,ammunition,,,,Ultimate Missile Workshop,mods-source/3672072359/ammunition/plaaf_yj-91.ini,"[""3672072359""]",#!alias ammunition/su_as-17.ini,,,photo_gap,,pending,"Candidate family/component reference only. Verify visible variant, operator, era and configuration. This is a source record, not a claim about the load-order winner."
3672072359:ammunition/raf_aim-132,raf_aim-132,raf_aim-132,Weapons & ammunition,ammunition,,,,Ultimate Missile Workshop,mods-source/3672072359/ammunition/raf_aim-132.ini,"[""3672072359""]",,,,photo_gap,,pending,"Candidate family/component reference only. Verify visible variant, operator, era and configuration. This is a source record, not a claim about the load-order winner."
3672072359:ammunition/rfn_9m100,rfn_9m100,rfn_9m100,Weapons & ammunition,ammunition,,,,Ultimate Missile Workshop,mods-source/3672072359/ammunition/rfn_9m100.ini,"[""3672072359""]",,,,photo_gap,,pending,"Candidate family/component reference only. Verify visible variant, operator, era and configuration. This is a source record, not a claim about the load-order winner."
3672072359:ammunition/rfn_9m100e,rfn_9m100e,rfn_9m100e,Weapons & ammunition,ammunition,,,,Ultimate Missile Workshop,mods-source/3672072359/ammunition/rfn_9m100e.ini,"[""3672072359""]",,,,photo_gap,,pending,"Candidate family/component reference only. Verify visible variant, operator, era and configuration. This is a source record, not a claim about the load-order winner."
3672072359:ammunition/rfn_9m317m,rfn_9m317m,rfn_9m317m,Weapons & ammunition,ammunition,,,,Ultimate Missile Workshop,mods-source/3672072359/ammunition/rfn_9m317m.ini,"[""3672072359""]",,,,photo_gap,,pending,"Candidate family/component reference only. Verify visible variant, operator, era and configuration. This is a source record, not a claim about the load-order winner."
3672072359:ammunition/rfn_9m336,rfn_9m336,rfn_9m336,Weapons & ammunition,ammunition,,,,Ultimate Missile Workshop,mods-source/3672072359/ammunition/rfn_9m336.ini,"[""3672072359""]",,,,photo_gap,,pending,"Candidate family/component reference only. Verify visible variant, operator, era and configuration. This is a source record, not a claim about the load-order winner."
3672072359:ammunition/ru_9m340e,ru_9m340e,ru_9m340e,Weapons & ammunition,ammunition,,,,Ultimate Missile Workshop,mods-source/3672072359/ammunition/ru_9m340e.ini,"[""3672072359""]",,,,photo_gap,,pending,"Candidate family/component reference only. Verify visible variant, operator, era and configuration. This is a source record, not a claim about the load-order winner."
3672072359:ammunition/su_aa-13,su_aa-13,su_aa-13,Weapons & ammunition,ammunition,,,,Ultimate Missile Workshop,mods-source/3672072359/ammunition/su_aa-13.ini,"[""3672072359""]",,,,photo_gap,,pending,"Candidate family/component reference only. Verify visible variant, operator, era and configuration. This is a source record, not a claim about the load-order winner."
3672072359:ammunition/su_as-20,su_as-20,su_as-20,Weapons & ammunition,ammunition,,,,Ultimate Missile Workshop,mods-source/3672072359/ammunition/su_as-20.ini,"[""3672072359""]",#!alias ammunition/su_kh-35.ini,,,photo_gap,,pending,"Candidate family/component reference only. Verify visible variant, operator, era and configuration. This is a source record, not a claim about the load-order winner."
3672072359:ammunition/su_kh-35,su_kh-35,su_kh-35,Weapons & ammunition,ammunition,,,,Ultimate Missile Workshop,mods-source/3672072359/ammunition/su_kh-35.ini,"[""3672072359""]",,,,photo_gap,,pending,"Candidate family/component reference only. Verify visible variant, operator, era and configuration. This is a source record, not a claim about the load-order winner."
3672072359:ammunition/su_sa-n-11,su_sa-n-11,su_sa-n-11,Weapons & ammunition,ammunition,,,,Ultimate Missile Workshop,mods-source/3672072359/ammunition/su_sa-n-11.ini,"[""3672072359""]",,,,photo_gap,,pending,"Candidate family/component reference only. Verify visible variant, operator, era and configuration. This is a source record, not a claim about the load-order winner."
3672072359:ammunition/wp_40h6e,wp_40h6e,wp_40h6e,Weapons & ammunition,ammunition,,,,Ultimate Missile Workshop,mods-source/3672072359/ammunition/wp_40h6e.ini,"[""3672072359""]",#!alias ammunition/wp_40n6.ini,,,photo_gap,,pending,"Candidate family/component reference only. Verify visible variant, operator, era and configuration. This is a source record, not a claim about the load-order winner."
3672072359:ammunition/wp_48n6e2,wp_48n6e2,wp_48n6e2,Weapons & ammunition,ammunition,,,,Ultimate Missile Workshop,mods-source/3672072359/ammunition/wp_48n6e2.ini,"[""3672072359""]",,,,photo_gap,,pending,"Candidate family/component reference only. Verify visible variant, operator, era and configuration. This is a source record, not a claim about the load-order winner."
3672072359:ammunition/wp_9m331,wp_9m331,wp_9m331,Weapons & ammunition,ammunition,,,,Ultimate Missile Workshop,mods-source/3672072359/ammunition/wp_9m331.ini,"[""3672072359""]",,,,photo_gap,,pending,"Candidate family/component reference only. Verify visible variant, operator, era and configuration. This is a source record, not a claim about the load-order winner."
3672072359:ammunition/wp_sa-n-20b,wp_sa-n-20b,wp_sa-n-20b,Weapons & ammunition,ammunition,,,,Ultimate Missile Workshop,mods-source/3672072359/ammunition/wp_sa-n-20b.ini,"[""3672072359""]",#!alias ammunition/wp_48n6e3.ini,,,photo_gap,,pending,"Candidate family/component reference only. Verify visible variant, operator, era and configuration. This is a source record, not a claim about the load-order winner."
3672072359:ammunition/wp_spaa_sa-n-11,wp_spaa_sa-n-11,wp_spaa_sa-n-11,Weapons & ammunition,ammunition,,,,Ultimate Missile Workshop,mods-source/3672072359/ammunition/wp_spaa_sa-n-11.ini,"[""3672072359""]",,,,photo_gap,,pending,"Candidate family/component reference only. Verify visible variant, operator, era and configuration. This is a source record, not a claim about the load-order winner."
3672072359:ammunition/wp_spaa_sa-n-11a,wp_spaa_sa-n-11a,wp_spaa_sa-n-11a,Weapons & ammunition,ammunition,,,,Ultimate Missile Workshop,mods-source/3672072359/ammunition/wp_spaa_sa-n-11a.ini,"[""3672072359""]",,,,photo_gap,,pending,"Candidate family/component reference only. Verify visible variant, operator, era and configuration. This is a source record, not a claim about the load-order winner."
3672497668:land_units/wp_fattah2_tel,wp_fattah2_tel,Fattah-2,Land units,land_units,LandUnit,MobileUnit,,Fattah-2,mods-source/3672497668/land_units/wp_fattah2_tel.ini,"[""3672497668""]",,,,photo_gap,,pending,"Candidate family/component reference only. Verify visible variant, operator, era and configuration. This is a source record, not a claim about the load-order winner."
3672497668:ammunition/ods_fattah_2,ods_fattah_2,ods_fattah_2,Weapons & ammunition,ammunition,,,,Fattah-2,mods-source/3672497668/ammunition/ods_fattah_2.ini,"[""3672497668""]",,,,photo_gap,,pending,"Candidate family/component reference only. Verify visible variant, operator, era and configuration. This is a source record, not a claim about the load-order winner."
3673703427:land_units/wp_fattah1_tel,wp_fattah1_tel,Fattah-1,Land units,land_units,LandUnit,MobileUnit,,Fattah-1,mods-source/3673703427/land_units/wp_fattah1_tel.ini,"[""3673703427""]",,,,photo_gap,,pending,"Candidate family/component reference only. Verify visible variant, operator, era and configuration. This is a source record, not a claim about the load-order winner."
3673703427:ammunition/ods_fattah_1,ods_fattah_1,ods_fattah_1,Weapons & ammunition,ammunition,,,,Fattah-1,mods-source/3673703427/ammunition/ods_fattah_1.ini,"[""3673703427""]",,,,photo_gap,,pending,"Candidate family/component reference only. Verify visible variant, operator, era and configuration. This is a source record, not a claim about the load-order winner."
3678767059:aircraft/bra_a4m,bra_a4m,AF-1A Skyhawk,Aircraft & helicopters,aircraft,Aircraft,,,Euromod-Brazilian Armed Forces(2000),mods-source/3678767059/aircraft/bra_a4m.ini,"[""3678767059""]",,,,photo_gap,,pending,"Candidate family/component reference only. Verify visible variant, operator, era and configuration. This is a source record, not a claim about the load-order winner."
3678767059:aircraft/bra_ah11,bra_ah11,AH-11A Sea Lynx,Aircraft & helicopters,aircraft,Helicopter,,,Euromod-Brazilian Armed Forces(2000),mods-source/3678767059/aircraft/bra_ah11.ini,"[""3678767059""]",,,,photo_gap,,pending,"Candidate family/component reference only. Verify visible variant, operator, era and configuration. This is a source record, not a claim about the load-order winner."
3678767059:aircraft/bra_ah11b,bra_ah11b,AH-11B Super Lynx ,Aircraft & helicopters,aircraft,Helicopter,,,Euromod-Brazilian Armed Forces(2000),mods-source/3678767059/aircraft/bra_ah11b.ini,"[""3678767059""]",,,,photo_gap,,pending,"Candidate family/component reference only. Verify visible variant, operator, era and configuration. This is a source record, not a claim about the load-order winner."
3678767059:aircraft/bra_ah15,bra_ah15,AH-15 Super Cougar,Aircraft & helicopters,aircraft,Helicopter,,,Euromod-Brazilian Armed Forces(2000),mods-source/3678767059/aircraft/bra_ah15.ini,"[""3678767059""]",,,,photo_gap,,pending,"Candidate family/component reference only. Verify visible variant, operator, era and configuration. This is a source record, not a claim about the load-order winner."
3678767059:aircraft/bra_f-5em,bra_f-5em,F-5EM,Aircraft & helicopters,aircraft,Aircraft,,,Euromod-Brazilian Armed Forces(2000),mods-source/3678767059/aircraft/bra_f-5em.ini,"[""3678767059""]",,,,photo_gap,,pending,"Candidate family/component reference only. Verify visible variant, operator, era and configuration. This is a source record, not a claim about the load-order winner."
3678767059:aircraft/bra_p-3am,bra_p-3am,P-3AM,Aircraft & helicopters,aircraft,Aircraft,,,Euromod-Brazilian Armed Forces(2000),mods-source/3678767059/aircraft/bra_p-3am.ini,"[""3678767059""]",,,,photo_gap,,pending,"Candidate family/component reference only. Verify visible variant, operator, era and configuration. This is a source record, not a claim about the load-order winner."
3678767059:aircraft/bra_sh-16,bra_sh-16,SH-16,Aircraft & helicopters,aircraft,Helicopter,,,Euromod-Brazilian Armed Forces(2000),mods-source/3678767059/aircraft/bra_sh-16.ini,"[""3678767059""]",,,,photo_gap,,pending,"Candidate family/component reference only. Verify visible variant, operator, era and configuration. This is a source record, not a claim about the load-order winner."
3678767059:aircraft/bra_sh-3d,bra_sh-3d,SH-3D,Aircraft & helicopters,aircraft,Helicopter,,,Euromod-Brazilian Armed Forces(2000),mods-source/3678767059/aircraft/bra_sh-3d.ini,"[""3678767059""]",,,,photo_gap,,pending,"Candidate family/component reference only. Verify visible variant, operator, era and configuration. This is a source record, not a claim about the load-order winner."
3678767059:aircraft/bra_uh-12,bra_uh-12,UH-12,Aircraft & helicopters,aircraft,Helicopter,,,Euromod-Brazilian Armed Forces(2000),mods-source/3678767059/aircraft/bra_uh-12.ini,"[""3678767059""]",,,,photo_gap,,pending,"Candidate family/component reference only. Verify visible variant, operator, era and configuration. This is a source record, not a claim about the load-order winner."
3678767059:aircraft/bra_uh14,bra_uh14,UH-14 Super Puma,Aircraft & helicopters,aircraft,Helicopter,,,Euromod-Brazilian Armed Forces(2000),mods-source/3678767059/aircraft/bra_uh14.ini,"[""3678767059""]",,,,photo_gap,,pending,"Candidate family/component reference only. Verify visible variant, operator, era and configuration. This is a source record, not a claim about the load-order winner."
3678767059:aircraft/bra_uh15,bra_uh15,UH-15 Super Cougar,Aircraft & helicopters,aircraft,Helicopter,,,Euromod-Brazilian Armed Forces(2000),mods-source/3678767059/aircraft/bra_uh15.ini,"[""3678767059""]",,,,photo_gap,,pending,"Candidate family/component reference only. Verify visible variant, operator, era and configuration. This is a source record, not a claim about the load-order winner."
3678767059:vessels/bra_ff_garcia,bra_ff_garcia,Garcia-class (Pará),Ships,vessels,Vessel,,,Euromod-Brazilian Armed Forces(2000),mods-source/3678767059/vessels/bra_ff_garcia.ini,"[""3678767059""]",,,,photo_gap,,pending,"Candidate family/component reference only. Verify visible variant, operator, era and configuration. This is a source record, not a claim about the load-order winner."
3678767059:vessels/bra_ffg_niteroi,bra_ffg_niteroi,Niterói-class,Ships,vessels,Vessel,,,Euromod-Brazilian Armed Forces(2000),mods-source/3678767059/vessels/bra_ffg_niteroi.ini,"[""3678767059""]",,,,photo_gap,,pending,"Candidate family/component reference only. Verify visible variant, operator, era and configuration. This is a source record, not a claim about the load-order winner."
3678767059:vessels/bra_ffg_niteroi_2005,bra_ffg_niteroi_2005,Niterói-class (2005),Ships,vessels,Vessel,,,Euromod-Brazilian Armed Forces(2000),mods-source/3678767059/vessels/bra_ffg_niteroi_2005.ini,"[""3678767059""]",,,,photo_gap,,pending,"Candidate family/component reference only. Verify visible variant, operator, era and configuration. This is a source record, not a claim about the load-order winner."
3678767059:vessels/bra_ffg_tamandare,bra_ffg_tamandare,Tamandaré-class,Ships,vessels,Vessel,,,Euromod-Brazilian Armed Forces(2000),mods-source/3678767059/vessels/bra_ffg_tamandare.ini,"[""3678767059""]",,,,photo_gap,,pending,"Candidate family/component reference only. Verify visible variant, operator, era and configuration. This is a source record, not a claim about the load-order winner."
3678767059:vessels/bra_lph_Atlantico,bra_lph_Atlantico,Ocean-class (NAM Atlântico),Ships,vessels,Vessel,,,Euromod-Brazilian Armed Forces(2000),mods-source/3678767059/vessels/bra_lph_Atlantico.ini,"[""3678767059""]",,,,photo_gap,,pending,"Candidate family/component reference only. Verify visible variant, operator, era and configuration. This is a source record, not a claim about the load-order winner."
3678767059:vessels/bra_lst_newport,bra_lst_newport,Newport-class,Ships,vessels,Vessel,,,Euromod-Brazilian Armed Forces(2000),mods-source/3678767059/vessels/bra_lst_newport.ini,"[""3678767059""]",,,,photo_gap,,pending,"Candidate family/component reference only. Verify visible variant, operator, era and configuration. This is a source record, not a claim about the load-order winner."
3678767059:land_units/bra_airbase_anapolis,bra_airbase_anapolis,Airbase - Brazil,Bases & installations,land_units,LandUnit,Airbase,,Euromod-Brazilian Armed Forces(2000),mods-source/3678767059/land_units/bra_airbase_anapolis.ini,"[""3678767059""]",,,,photo_gap,,pending,"Candidate family/component reference only. Verify visible variant, operator, era and configuration. This is a source record, not a claim about the load-order winner."
3678767059:land_units/bra_airbase_canoas,bra_airbase_canoas,Airbase - Brazil,Bases & installations,land_units,LandUnit,Airbase,,Euromod-Brazilian Armed Forces(2000),mods-source/3678767059/land_units/bra_airbase_canoas.ini,"[""3678767059""]",,,,photo_gap,,pending,"Candidate family/component reference only. Verify visible variant, operator, era and configuration. This is a source record, not a claim about the load-order winner."
3678767059:ammunition/bra_ikara,bra_ikara,bra_ikara,Weapons & ammunition,ammunition,,,,Euromod-Brazilian Armed Forces(2000),mods-source/3678767059/ammunition/bra_ikara.ini,"[""3678767059""]",,,,photo_gap,,pending,"Candidate family/component reference only. Verify visible variant, operator, era and configuration. This is a source record, not a claim about the load-order winner."
3678767059:ammunition/bra_mansup,bra_mansup,bra_mansup,Weapons & ammunition,ammunition,,,,Euromod-Brazilian Armed Forces(2000),mods-source/3678767059/ammunition/bra_mansup.ini,"[""3678767059""]",,,,photo_gap,,pending,"Candidate family/component reference only. Verify visible variant, operator, era and configuration. This is a source record, not a claim about the load-order winner."
3678767059:ammunition/bra_mk_11,bra_mk_11,bra_mk_11,Weapons & ammunition,ammunition,,,,Euromod-Brazilian Armed Forces(2000),mods-source/3678767059/ammunition/bra_mk_11.ini,"[""3678767059""]",,,,photo_gap,,pending,"Candidate family/component reference only. Verify visible variant, operator, era and configuration. This is a source record, not a claim about the load-order winner."
3678767059:ammunition/bra_tank_685,bra_tank_685,bra_tank_685,Weapons & ammunition,ammunition,,,,Euromod-Brazilian Armed Forces(2000),mods-source/3678767059/ammunition/bra_tank_685.ini,"[""3678767059""]",,,,photo_gap,,pending,"Candidate family/component reference only. Verify visible variant, operator, era and configuration. This is a source record, not a claim about the load-order winner."
3681748718:ammunition/wp_9k720_clu,wp_9k720_clu,wp_9k720_clu,Weapons & ammunition,ammunition,,,,ISKANDER-M,mods-source/3681748718/ammunition/wp_9k720_clu.ini,"[""3681748718""]",,,,photo_gap,,pending,"Candidate family/component reference only. Verify visible variant, operator, era and configuration. This is a source record, not a claim about the load-order winner."
3681748718:ammunition/wp_9k720_he,wp_9k720_he,wp_9k720_he,Weapons & ammunition,ammunition,,,,ISKANDER-M,mods-source/3681748718/ammunition/wp_9k720_he.ini,"[""3681748718""]",,,,photo_gap,,pending,"Candidate family/component reference only. Verify visible variant, operator, era and configuration. This is a source record, not a claim about the load-order winner."
3681748718:ammunition/wp_9k720_nuke,wp_9k720_nuke,wp_9k720_nuke,Weapons & ammunition,ammunition,,,,ISKANDER-M,mods-source/3681748718/ammunition/wp_9k720_nuke.ini,"[""3681748718""]",,,,photo_gap,,pending,"Candidate family/component reference only. Verify visible variant, operator, era and configuration. This is a source record, not a claim about the load-order winner."
3681873198:ammunition/usa_cal_60mm,usa_cal_60mm,usa_cal_60mm,Weapons & ammunition,ammunition,,,,Pickup,mods-source/3681873198/ammunition/usa_cal_60mm.ini,"[""3681873198""]",,,,photo_gap,,pending,"Candidate family/component reference only. Verify visible variant, operator, era and configuration. This is a source record, not a claim about the load-order winner."
3681873198:ammunition/wp_3ubr6,wp_3ubr6,wp_3ubr6,Weapons & ammunition,ammunition,,,,Pickup,mods-source/3681873198/ammunition/wp_3ubr6.ini,"[""3681873198""]",,,,photo_gap,,pending,"Candidate family/component reference only. Verify visible variant, operator, era and configuration. This is a source record, not a claim about the load-order winner."
3681873198:ammunition/wp_og-15v,wp_og-15v,wp_og-15v,Weapons & ammunition,ammunition,,,,Pickup,mods-source/3681873198/ammunition/wp_og-15v.ini,"[""3681873198""]",,,,photo_gap,,pending,"Candidate family/component reference only. Verify visible variant, operator, era and configuration. This is a source record, not a claim about the load-order winner."
3681873198:ammunition/wp_pg-15v,wp_pg-15v,wp_pg-15v,Weapons & ammunition,ammunition,,,,Pickup,mods-source/3681873198/ammunition/wp_pg-15v.ini,"[""3681873198""]",,,,photo_gap,,pending,"Candidate family/component reference only. Verify visible variant, operator, era and configuration. This is a source record, not a claim about the load-order winner."
3686449681:land_units/wp_shahed238_launcher,wp_shahed238_launcher,Shahed 238 TEL,Land units,land_units,LandUnit,MissileSite,,Iran UAV Shahed 238,mods-source/3686449681/land_units/wp_shahed238_launcher.ini,"[""3686449681""]",,,,photo_gap,,pending,"Candidate family/component reference only. Verify visible variant, operator, era and configuration. This is a source record, not a claim about the load-order winner."
3686449681:ammunition/ods_shahed238,ods_shahed238,ods_shahed238,Weapons & ammunition,ammunition,,,,Iran UAV Shahed 238,mods-source/3686449681/ammunition/ods_shahed238.ini,"[""3686449681""]",,,,photo_gap,,pending,"Candidate family/component reference only. Verify visible variant, operator, era and configuration. This is a source record, not a claim about the load-order winner."
3695809489:aircraft/jasdf_f-35b,jasdf_f-35b,F-35B,Aircraft & helicopters,aircraft,VTOL,,,Euromod-(Japan)JMSDF Modern navy,mods-source/3695809489/aircraft/jasdf_f-35b.ini,"[""3695809489""]",,,,photo_gap,,pending,"Candidate family/component reference only. Verify visible variant, operator, era and configuration. This is a source record, not a claim about the load-order winner."
3711297532:aircraft/tha_S-70B-7_Seahawk,tha_S-70B-7_Seahawk,S-70B-7,Aircraft & helicopters,aircraft,Helicopter,,,Thailand: The Siam Shield [v0.8.3.03.10],mods-source/3711297532/aircraft/tha_S-70B-7_Seahawk.ini,"[""3711297532""]",,,,photo_gap,,pending,"Candidate family/component reference only. Verify visible variant, operator, era and configuration. This is a source record, not a claim about the load-order winner."
3711297532:aircraft/tha_ab212,tha_ab212,AB-212 ASW,Aircraft & helicopters,aircraft,Helicopter,,,Thailand: The Siam Shield [v0.8.3.03.10],mods-source/3711297532/aircraft/tha_ab212.ini,"[""3711297532""]",,,,photo_gap,,pending,"Candidate family/component reference only. Verify visible variant, operator, era and configuration. This is a source record, not a claim about the load-order winner."
3711297532:aircraft/tha_f-16c,tha_f-16c,F-16AM,Aircraft & helicopters,aircraft,Aircraft,,,Thailand: The Siam Shield [v0.8.3.03.10],mods-source/3711297532/aircraft/tha_f-16c.ini,"[""3711297532""]",,,,photo_gap,,pending,"Candidate family/component reference only. Verify visible variant, operator, era and configuration. This is a source record, not a claim about the load-order winner."
3711297532:vessels/tha_aor_chula,tha_aor_chula,Chula-class,Ships,vessels,Vessel,,,Thailand: The Siam Shield [v0.8.3.03.10],mods-source/3711297532/vessels/tha_aor_chula.ini,"[""3711297532""]",,,,photo_gap,,pending,"Candidate family/component reference only. Verify visible variant, operator, era and configuration. This is a source record, not a claim about the load-order winner."
3711297532:vessels/tha_ff_cannon,tha_ff_cannon,Cannon-class,Ships,vessels,Vessel,,,Thailand: The Siam Shield [v0.8.3.03.10],mods-source/3711297532/vessels/tha_ff_cannon.ini,"[""3711297532""]",,,,photo_gap,,pending,"Candidate family/component reference only. Verify visible variant, operator, era and configuration. This is a source record, not a claim about the load-order winner."
3711297532:vessels/tha_ff_knox_84,tha_ff_knox_84,Phutthayotfa Chulalok-class,Ships,vessels,Vessel,,,Thailand: The Siam Shield [v0.8.3.03.10],mods-source/3711297532/vessels/tha_ff_knox_84.ini,"[""3711297532""]",,,,photo_gap,,pending,"Candidate family/component reference only. Verify visible variant, operator, era and configuration. This is a source record, not a claim about the load-order winner."
3711297532:vessels/tha_ff_makut_rajakumarn,tha_ff_makut_rajakumarn,Makut Rajakumarn-class,Ships,vessels,Vessel,,,Thailand: The Siam Shield [v0.8.3.03.10],mods-source/3711297532/vessels/tha_ff_makut_rajakumarn.ini,"[""3711297532""]",,,,photo_gap,,pending,"Candidate family/component reference only. Verify visible variant, operator, era and configuration. This is a source record, not a claim about the load-order winner."
3711297532:vessels/tha_ff_makut_rajakumarn_88,tha_ff_makut_rajakumarn_88,Makut Rajakumarn-class,Ships,vessels,Vessel,,,Thailand: The Siam Shield [v0.8.3.03.10],mods-source/3711297532/vessels/tha_ff_makut_rajakumarn_88.ini,"[""3711297532""]",,,,photo_gap,,pending,"Candidate family/component reference only. Verify visible variant, operator, era and configuration. This is a source record, not a claim about the load-order winner."
3711297532:vessels/tha_fs_khamronsin,tha_fs_khamronsin,Khamronsin-class,Ships,vessels,Vessel,,,Thailand: The Siam Shield [v0.8.3.03.10],mods-source/3711297532/vessels/tha_fs_khamronsin.ini,"[""3711297532""]",,,,photo_gap,,pending,"Candidate family/component reference only. Verify visible variant, operator, era and configuration. This is a source record, not a claim about the load-order winner."
3711297532:vessels/tha_fs_ratanakosin,tha_fs_ratanakosin,Ratanakosin-class,Ships,vessels,Vessel,,,Thailand: The Siam Shield [v0.8.3.03.10],mods-source/3711297532/vessels/tha_fs_ratanakosin.ini,"[""3711297532""]",,,,photo_gap,,pending,"Candidate family/component reference only. Verify visible variant, operator, era and configuration. This is a source record, not a claim about the load-order winner."
3711297532:vessels/tha_fs_tapi,tha_fs_tapi,Tapi-class,Ships,vessels,Vessel,,,Thailand: The Siam Shield [v0.8.3.03.10],mods-source/3711297532/vessels/tha_fs_tapi.ini,"[""3711297532""]",,,,photo_gap,,pending,"Candidate family/component reference only. Verify visible variant, operator, era and configuration. This is a source record, not a claim about the load-order winner."
3711297532:vessels/tha_lst_sichang,tha_lst_sichang,Sichang class,Ships,vessels,Vessel,,,Thailand: The Siam Shield [v0.8.3.03.10],mods-source/3711297532/vessels/tha_lst_sichang.ini,"[""3711297532""]",,,,photo_gap,,pending,"Candidate family/component reference only. Verify visible variant, operator, era and configuration. This is a source record, not a claim about the load-order winner."
3711297532:vessels/tha_pb_m21,tha_pb_m21,M21-class,Ships,vessels,Vessel,,,Thailand: The Siam Shield [v0.8.3.03.10],mods-source/3711297532/vessels/tha_pb_m21.ini,"[""3711297532""]",,,,photo_gap,,pending,"Candidate family/component reference only. Verify visible variant, operator, era and configuration. This is a source record, not a claim about the load-order winner."
3711297532:vessels/tha_pt_chonburi,tha_pt_chonburi,Chonburi-class,Ships,vessels,Vessel,,,Thailand: The Siam Shield [v0.8.3.03.10],mods-source/3711297532/vessels/tha_pt_chonburi.ini,"[""3711297532""]",,,,photo_gap,,pending,"Candidate family/component reference only. Verify visible variant, operator, era and configuration. This is a source record, not a claim about the load-order winner."
3711297532:vessels/tha_pt_hua_hin,tha_pt_hua_hin,Hua Hin-class,Ships,vessels,Vessel,,,Thailand: The Siam Shield [v0.8.3.03.10],mods-source/3711297532/vessels/tha_pt_hua_hin.ini,"[""3711297532""]",,,,photo_gap,,pending,"Candidate family/component reference only. Verify visible variant, operator, era and configuration. This is a source record, not a claim about the load-order winner."
3711297532:vessels/tha_pt_sattahip,tha_pt_sattahip,Sattahip-class,Ships,vessels,Vessel,,,Thailand: The Siam Shield [v0.8.3.03.10],mods-source/3711297532/vessels/tha_pt_sattahip.ini,"[""3711297532""]",,,,photo_gap,,pending,"Candidate family/component reference only. Verify visible variant, operator, era and configuration. This is a source record, not a claim about the load-order winner."
3711297532:vessels/tha_ptg_prabrarapak,tha_ptg_prabrarapak,Prabrarapak-class,Ships,vessels,Vessel,,,Thailand: The Siam Shield [v0.8.3.03.10],mods-source/3711297532/vessels/tha_ptg_prabrarapak.ini,"[""3711297532""]",,,,photo_gap,,pending,"Candidate family/component reference only. Verify visible variant, operator, era and configuration. This is a source record, not a claim about the load-order winner."
3711297532:vessels/tha_ptg_ratcharit,tha_ptg_ratcharit,Ratcharit-class,Ships,vessels,Vessel,,,Thailand: The Siam Shield [v0.8.3.03.10],mods-source/3711297532/vessels/tha_ptg_ratcharit.ini,"[""3711297532""]",,,,photo_gap,,pending,"Candidate family/component reference only. Verify visible variant, operator, era and configuration. This is a source record, not a claim about the load-order winner."
3711297532:ammunition/fr_ss12,fr_ss12,fr_ss12,Weapons & ammunition,ammunition,,,,Thailand: The Siam Shield [v0.8.3.03.10],mods-source/3711297532/ammunition/fr_ss12.ini,"[""3711297532""]",,,,photo_gap,,pending,"Candidate family/component reference only. Verify visible variant, operator, era and configuration. This is a source record, not a claim about the load-order winner."
3711297532:ammunition/ger_sut,ger_sut,ger_sut,Weapons & ammunition,ammunition,,,,Thailand: The Siam Shield [v0.8.3.03.10],mods-source/3711297532/ammunition/ger_sut.ini,"[""3711297532""]",,,,photo_gap,,pending,"Candidate family/component reference only. Verify visible variant, operator, era and configuration. This is a source record, not a claim about the load-order winner."
3711297532:ammunition/gre_depth_charges,gre_depth_charges,gre_depth_charges,Weapons & ammunition,ammunition,,,,Thailand: The Siam Shield [v0.8.3.03.10],mods-source/3711297532/ammunition/gre_depth_charges.ini,"[""3711297532""]",,,,photo_gap,,pending,"Candidate family/component reference only. Verify visible variant, operator, era and configuration. This is a source record, not a claim about the load-order winner."
3711297532:ammunition/gre_hedgehog_shell,gre_hedgehog_shell,gre_hedgehog_shell,Weapons & ammunition,ammunition,,,,Thailand: The Siam Shield [v0.8.3.03.10],mods-source/3711297532/ammunition/gre_hedgehog_shell.ini,"[""3711297532""]",,,,photo_gap,,pending,"Candidate family/component reference only. Verify visible variant, operator, era and configuration. This is a source record, not a claim about the load-order winner."
3711297532:ammunition/ita_blk_shark,ita_blk_shark,ita_blk_shark,Weapons & ammunition,ammunition,,,,Thailand: The Siam Shield [v0.8.3.03.10],mods-source/3711297532/ammunition/ita_blk_shark.ini,"[""3711297532""]",,,,photo_gap,,pending,"Candidate family/component reference only. Verify visible variant, operator, era and configuration. This is a source record, not a claim about the load-order winner."
3711297532:ammunition/ita_cal_30mm,ita_cal_30mm,ita_cal_30mm,Weapons & ammunition,ammunition,,,,Thailand: The Siam Shield [v0.8.3.03.10],mods-source/3711297532/ammunition/ita_cal_30mm.ini,"[""3711297532""]",,,,photo_gap,,pending,"Candidate family/component reference only. Verify visible variant, operator, era and configuration. This is a source record, not a claim about the load-order winner."
3711297532:ammunition/kai_pod_ALQ-200K_elint,kai_pod_ALQ-200K_elint,kai_pod_ALQ-200K_elint,Weapons & ammunition,ammunition,,,,Thailand: The Siam Shield [v0.8.3.03.10],mods-source/3711297532/ammunition/kai_pod_ALQ-200K_elint.ini,"[""3711297532""]",,,,photo_gap,,pending,"Candidate family/component reference only. Verify visible variant, operator, era and configuration. This is a source record, not a claim about the load-order winner."
3711297532:ammunition/plan_yj-82,plan_yj-82,plan_yj-82,Weapons & ammunition,ammunition,,,,Thailand: The Siam Shield [v0.8.3.03.10],mods-source/3711297532/ammunition/plan_yj-82.ini,"[""3711297532""]",,,,photo_gap,,pending,"Candidate family/component reference only. Verify visible variant, operator, era and configuration. This is a source record, not a claim about the load-order winner."
3711297532:ammunition/swe_cal_57mm,swe_cal_57mm,swe_cal_57mm,Weapons & ammunition,ammunition,,,,Thailand: The Siam Shield [v0.8.3.03.10],mods-source/3711297532/ammunition/swe_cal_57mm.ini,"[""3711297532""]",,,,photo_gap,,pending,"Candidate family/component reference only. Verify visible variant, operator, era and configuration. This is a source record, not a claim about the load-order winner."
3711297532:ammunition/usaf_tank_300_f-16,usaf_tank_300_f-16,usaf_tank_300_f-16,Weapons & ammunition,ammunition,,,,Thailand: The Siam Shield [v0.8.3.03.10],mods-source/3711297532/ammunition/usaf_tank_300_f-16.ini,"[""3711297532""]",,,,photo_gap,,pending,"Candidate family/component reference only. Verify visible variant, operator, era and configuration. This is a source record, not a claim about the load-order winner."
3711297532:ammunition/usaf_tank_370_f-16,usaf_tank_370_f-16,usaf_tank_370_f-16,Weapons & ammunition,ammunition,,,,Thailand: The Siam Shield [v0.8.3.03.10],mods-source/3711297532/ammunition/usaf_tank_370_f-16.ini,"[""3711297532""]",,,,photo_gap,,pending,"Candidate family/component reference only. Verify visible variant, operator, era and configuration. This is a source record, not a claim about the load-order winner."
3731208477:aircraft/spa_av-8b,spa_av-8b,AV-8B,Aircraft & helicopters,aircraft,VTOL,,,Spanish Navy Mod (Modern),mods-source/3731208477/aircraft/spa_av-8b.ini,"[""3731208477""]",,,,photo_gap,,pending,"Candidate family/component reference only. Verify visible variant, operator, era and configuration. This is a source record, not a claim about the load-order winner."
3731208477:aircraft/spa_av-8b_plus,spa_av-8b_plus,AV-8B+,Aircraft & helicopters,aircraft,VTOL,,,Spanish Navy Mod (Modern),mods-source/3731208477/aircraft/spa_av-8b_plus.ini,"[""3731208477""]",,,,photo_gap,,pending,"Candidate family/component reference only. Verify visible variant, operator, era and configuration. This is a source record, not a claim about the load-order winner."
3731208477:aircraft/spa_f-18m,spa_f-18m,C.15M (EF-18M),Aircraft & helicopters,aircraft,,,,Spanish Navy Mod (Modern),mods-source/3731208477/aircraft/spa_f-18m.ini,"[""3731208477""]",#!alias aircraft/spa_f-18a.ini,,,photo_gap,,pending,"Candidate family/component reference only. Verify visible variant, operator, era and configuration. This is a source record, not a claim about the load-order winner."
3731208477:vessels/ae_ffg_bonifaz,ae_ffg_bonifaz,Bonifaz-class,Ships,vessels,Vessel,,,Spanish Navy Mod (Modern),mods-source/3731208477/vessels/ae_ffg_bonifaz.ini,"[""3731208477""]",,,,photo_gap,,pending,"Candidate family/component reference only. Verify visible variant, operator, era and configuration. This is a source record, not a claim about the load-order winner."
3731208477:vessels/ae_lpd_galicia,ae_lpd_galicia,Galicia_L50-class L50,Ships,vessels,Vessel,,,Spanish Navy Mod (Modern),mods-source/3731208477/vessels/ae_lpd_galicia.ini,"[""3731208477""]",,,,photo_gap,,pending,"Candidate family/component reference only. Verify visible variant, operator, era and configuration. This is a source record, not a claim about the load-order winner."
3731208477:vessels/ae_ssk_s80,ae_ssk_s80,S80-class,Submarines,vessels,Submarine,,,Spanish Navy Mod (Modern),mods-source/3731208477/vessels/ae_ssk_s80.ini,"[""3731208477""]",,,,photo_gap,,pending,"Candidate family/component reference only. Verify visible variant, operator, era and configuration. This is a source record, not a claim about the load-order winner."
3731208477:vessels/ae_ssk_s80_plus,ae_ssk_s80_plus,S80 Plus-class,Submarines,vessels,Submarine,,,Spanish Navy Mod (Modern),mods-source/3731208477/vessels/ae_ssk_s80_plus.ini,"[""3731208477""]",#!alias vessels/ae_ssk_s80.ini,,,photo_gap,,pending,"Candidate family/component reference only. Verify visible variant, operator, era and configuration. This is a source record, not a claim about the load-order winner."
3731208477:ammunition/ger_dm2a4_er,ger_dm2a4_er,ger_dm2a4_er,Weapons & ammunition,ammunition,,,,Spanish Navy Mod (Modern),mods-source/3731208477/ammunition/ger_dm2a4_er.ini,"[""3731208477""]",#!alias ammunition/ger_dm2a4.ini,,,photo_gap,,pending,"Candidate family/component reference only. Verify visible variant, operator, era and configuration. This is a source record, not a claim about the load-order winner."
3731208477:ammunition/spa_av-8b_gau12,spa_av-8b_gau12,spa_av-8b_gau12,Weapons & ammunition,ammunition,,,,Spanish Navy Mod (Modern),mods-source/3731208477/ammunition/spa_av-8b_gau12.ini,"[""3731208477""]",,,,photo_gap,,pending,"Candidate family/component reference only. Verify visible variant, operator, era and configuration. This is a source record, not a claim about the load-order winner."
3731208477:ammunition/spa_av-8b_tank_left,spa_av-8b_tank_left,spa_av-8b_tank_left,Weapons & ammunition,ammunition,,,,Spanish Navy Mod (Modern),mods-source/3731208477/ammunition/spa_av-8b_tank_left.ini,"[""3731208477""]",#!alias ammunition/usaf_tank_600_f-4e.ini,,,photo_gap,,pending,"Candidate family/component reference only. Verify visible variant, operator, era and configuration. This is a source record, not a claim about the load-order winner."
3731208477:ammunition/spa_av-8b_tank_right,spa_av-8b_tank_right,spa_av-8b_tank_right,Weapons & ammunition,ammunition,,,,Spanish Navy Mod (Modern),mods-source/3731208477/ammunition/spa_av-8b_tank_right.ini,"[""3731208477""]",#!alias ammunition/usaf_tank_600_f-4e.ini,,,photo_gap,,pending,"Candidate family/component reference only. Verify visible variant, operator, era and configuration. This is a source record, not a claim about the load-order winner."
3731208477:ammunition/spa_cal_25mm_m2,spa_cal_25mm_m2,spa_cal_25mm_m2,Weapons & ammunition,ammunition,,,,Spanish Navy Mod (Modern),mods-source/3731208477/ammunition/spa_cal_25mm_m2.ini,"[""3731208477""]",#!alias ammunition/usn_cal_25mm_m2.ini,,,photo_gap,,pending,"Candidate family/component reference only. Verify visible variant, operator, era and configuration. This is a source record, not a claim about the load-order winner."
3731208477:ammunition/spa_cal_27mm,spa_cal_27mm,spa_cal_27mm,Weapons & ammunition,ammunition,,,,Spanish Navy Mod (Modern),mods-source/3731208477/ammunition/spa_cal_27mm.ini,"[""3731208477""]",,,,photo_gap,,pending,"Candidate family/component reference only. Verify visible variant, operator, era and configuration. This is a source record, not a claim about the load-order winner."
3731208477:ammunition/spa_ef2000_fueltank,spa_ef2000_fueltank,spa_ef2000_fueltank,Weapons & ammunition,ammunition,,,,Spanish Navy Mod (Modern),mods-source/3731208477/ammunition/spa_ef2000_fueltank.ini,"[""3731208477""]",#!alias ammunition/usaf_tank_600_f-4e.ini,,,photo_gap,,pending,"Candidate family/component reference only. Verify visible variant, operator, era and configuration. This is a source record, not a claim about the load-order winner."
3731208477:ammunition/spa_f-18a_fueltank,spa_f-18a_fueltank,spa_f-18a_fueltank,Weapons & ammunition,ammunition,,,,Spanish Navy Mod (Modern),mods-source/3731208477/ammunition/spa_f-18a_fueltank.ini,"[""3731208477""]",#!alias ammunition/usaf_tank_600_f-4e.ini,,,photo_gap,,pending,"Candidate family/component reference only. Verify visible variant, operator, era and configuration. This is a source record, not a claim about the load-order winner."
3731208477:ammunition/spa_jsm-sl,spa_jsm-sl,spa_jsm-sl,Weapons & ammunition,ammunition,,,,Spanish Navy Mod (Modern),mods-source/3731208477/ammunition/spa_jsm-sl.ini,"[""3731208477""]",,,,photo_gap,,pending,"Candidate family/component reference only. Verify visible variant, operator, era and configuration. This is a source record, not a claim about the load-order winner."
3731208477:ammunition/spa_saes_mine,spa_saes_mine,spa_saes_mine,Weapons & ammunition,ammunition,,,,Spanish Navy Mod (Modern),mods-source/3731208477/ammunition/spa_saes_mine.ini,"[""3731208477""]",,,,photo_gap,,pending,"Candidate family/component reference only. Verify visible variant, operator, era and configuration. This is a source record, not a claim about the load-order winner."
3731208477:ammunition/spa_sh-60b_120gal_tank,spa_sh-60b_120gal_tank,spa_sh-60b_120gal_tank,Weapons & ammunition,ammunition,,,,Spanish Navy Mod (Modern),mods-source/3731208477/ammunition/spa_sh-60b_120gal_tank.ini,"[""3731208477""]",#!alias ammunition/usaf_tank_600_f-4e.ini,,,photo_gap,,pending,"Candidate family/component reference only. Verify visible variant, operator, era and configuration. This is a source record, not a claim about the load-order winner."
3732654992:vessels/wp_bpk_karaL,wp_bpk_karaL,Kara-class,Ships,vessels,Vessel,,,THE REDFOR MOD,mods-source/3732654992/vessels/wp_bpk_karaL.ini,"[""3732654992""]",,,,photo_gap,,pending,"Candidate family/component reference only. Verify visible variant, operator, era and configuration. This is a source record, not a claim about the load-order winner."
3732654992:vessels/wp_rkr_slavaLU,wp_rkr_slavaLU,Projekt 1164 Atlant(Late),Ships,vessels,Vessel,,,THE REDFOR MOD,mods-source/3732654992/vessels/wp_rkr_slavaLU.ini,"[""3732654992""]",,,,photo_gap,,pending,"Candidate family/component reference only. Verify visible variant, operator, era and configuration. This is a source record, not a claim about the load-order winner."
3732654992:vessels/wp_rkr_slavaLV,wp_rkr_slavaLV,Projekt 1164 Atlant(Late),Ships,vessels,Vessel,,,THE REDFOR MOD,mods-source/3732654992/vessels/wp_rkr_slavaLV.ini,"[""3732654992""]",,,,photo_gap,,pending,"Candidate family/component reference only. Verify visible variant, operator, era and configuration. This is a source record, not a claim about the load-order winner."
3732654992:vessels/wp_ss_kilo_877v,wp_ss_kilo_877v,Kilo 877V-class,Submarines,vessels,Submarine,,,THE REDFOR MOD,mods-source/3732654992/vessels/wp_ss_kilo_877v.ini,"[""3732654992""]",,,,photo_gap,,pending,"Candidate family/component reference only. Verify visible variant, operator, era and configuration. This is a source record, not a claim about the load-order winner."
3732654992:land_units/wp_3k60,wp_3k60,3K60 Bal,Sensors & equipment,land_units,LandUnit,Radar,,THE REDFOR MOD,mods-source/3732654992/land_units/wp_3k60.ini,"[""3732654992""]",,,,photo_gap,,pending,"Candidate family/component reference only. Verify visible variant, operator, era and configuration. This is a source record, not a claim about the load-order winner."
3732654992:land_units/wp_5p85te2,wp_5p85te2,5P85TE2 TEL(S-300),Land units,land_units,LandUnit,SAM,,THE REDFOR MOD,mods-source/3732654992/land_units/wp_5p85te2.ini,"[""3732654992""]",,,,photo_gap,,pending,"Candidate family/component reference only. Verify visible variant, operator, era and configuration. This is a source record, not a claim about the load-order winner."
3732654992:land_units/wp_5p85te2_s400,wp_5p85te2_s400,5P85TE2 S-400,Land units,land_units,LandUnit,SAM,,THE REDFOR MOD,mods-source/3732654992/land_units/wp_5p85te2_s400.ini,"[""3732654992""]",,,,photo_gap,,pending,"Candidate family/component reference only. Verify visible variant, operator, era and configuration. This is a source record, not a claim about the load-order winner."
3732654992:land_units/wp_9k38_launcher,wp_9k38_launcher,9K38 Igla,Land units,land_units,LandUnit,SAM,,THE REDFOR MOD,mods-source/3732654992/land_units/wp_9k38_launcher.ini,"[""3732654992""]",,,,photo_gap,,pending,"Candidate family/component reference only. Verify visible variant, operator, era and configuration. This is a source record, not a claim about the load-order winner."
3732654992:land_units/wp_baz_tel,wp_baz_tel,5P90S TEL,Land units,land_units,LandUnit,SAM,,THE REDFOR MOD,mods-source/3732654992/land_units/wp_baz_tel.ini,"[""3732654992""]",,,,photo_gap,,pending,"Candidate family/component reference only. Verify visible variant, operator, era and configuration. This is a source record, not a claim about the load-order winner."
3732654992:land_units/wp_kraz_tel,wp_kraz_tel,5P85TE TEL,Land units,land_units,LandUnit,SAM,,THE REDFOR MOD,mods-source/3732654992/land_units/wp_kraz_tel.ini,"[""3732654992""]",,,,photo_gap,,pending,"Candidate family/component reference only. Verify visible variant, operator, era and configuration. This is a source record, not a claim about the load-order winner."
3732654992:land_units/wp_newa,wp_newa,NEWA-SC,Land units,land_units,LandUnit,MobileUnit,,THE REDFOR MOD,mods-source/3732654992/land_units/wp_newa.ini,"[""3732654992""]",,,,photo_gap,,pending,"Candidate family/component reference only. Verify visible variant, operator, era and configuration. This is a source record, not a claim about the load-order winner."
3732654992:land_units/wp_newa_fcr,wp_newa_fcr,NEWA-SC FCR,Land units,land_units,LandUnit,SAM,,THE REDFOR MOD,mods-source/3732654992/land_units/wp_newa_fcr.ini,"[""3732654992""]",,,,photo_gap,,pending,"Candidate family/component reference only. Verify visible variant, operator, era and configuration. This is a source record, not a claim about the load-order winner."
3732654992:land_units/wp_rs26,wp_rs26,RS-26,Land units,land_units,LandUnit,SAM,,THE REDFOR MOD,mods-source/3732654992/land_units/wp_rs26.ini,"[""3732654992""]",,,,photo_gap,,pending,"Candidate family/component reference only. Verify visible variant, operator, era and configuration. This is a source record, not a claim about the load-order winner."
3732654992:land_units/wp_sam_site_s-300ps,wp_sam_site_s-300ps,S-300PS SITE,Land units,land_units,LandUnit,SAM,,THE REDFOR MOD,mods-source/3732654992/land_units/wp_sam_site_s-300ps.ini,"[""3732654992""]",,,,photo_gap,,pending,"Candidate family/component reference only. Verify visible variant, operator, era and configuration. This is a source record, not a claim about the load-order winner."
3732654992:land_units/wp_sattelite_center,wp_sattelite_center,SATCOM,Bases & installations,land_units,LandUnit,Installation,,THE REDFOR MOD,mods-source/3732654992/land_units/wp_sattelite_center.ini,"[""3732654992""]",,,,photo_gap,,pending,"Candidate family/component reference only. Verify visible variant, operator, era and configuration. This is a source record, not a claim about the load-order winner."
3732654992:land_units/wp_tochka,wp_tochka,OTR-21«Точка»,Land units,land_units,LandUnit,SAM,,THE REDFOR MOD,mods-source/3732654992/land_units/wp_tochka.ini,"[""3732654992""]",,,,photo_gap,,pending,"Candidate family/component reference only. Verify visible variant, operator, era and configuration. This is a source record, not a claim about the load-order winner."
3732654992:land_units/wp_tombstone,wp_tombstone,30N6E2 Tomb Stone,Sensors & equipment,land_units,LandUnit,Radar,,THE REDFOR MOD,mods-source/3732654992/land_units/wp_tombstone.ini,"[""3732654992""]",,,,photo_gap,,pending,"Candidate family/component reference only. Verify visible variant, operator, era and configuration. This is a source record, not a claim about the load-order winner."
3732654992:ammunition/rfn_3m24ud,rfn_3m24ud,rfn_3m24ud,Weapons & ammunition,ammunition,,,,THE REDFOR MOD,mods-source/3732654992/ammunition/rfn_3m24ud.ini,"[""3732654992""]",,,,photo_gap,,pending,"Candidate family/component reference only. Verify visible variant, operator, era and configuration. This is a source record, not a claim about the load-order winner."
3732654992:ammunition/rfn_cal_30mm,rfn_cal_30mm,rfn_cal_30mm,Weapons & ammunition,ammunition,,,,THE REDFOR MOD,mods-source/3732654992/ammunition/rfn_cal_30mm.ini,"[""3732654992""]",,,,photo_gap,,pending,"Candidate family/component reference only. Verify visible variant, operator, era and configuration. This is a source record, not a claim about the load-order winner."
3732654992:ammunition/su_kab-1500kr,su_kab-1500kr,su_kab-1500kr,Weapons & ammunition,ammunition,,,,THE REDFOR MOD,mods-source/3732654992/ammunition/su_kab-1500kr.ini,"[""3732654992""]",,,,photo_gap,,pending,"Candidate family/component reference only. Verify visible variant, operator, era and configuration. This is a source record, not a claim about the load-order winner."
3732654992:ammunition/su_kh35,su_kh35,su_kh35,Weapons & ammunition,ammunition,,,,THE REDFOR MOD,mods-source/3732654992/ammunition/su_kh35.ini,"[""3732654992""]",,,,photo_gap,,pending,"Candidate family/component reference only. Verify visible variant, operator, era and configuration. This is a source record, not a claim about the load-order winner."
3732654992:ammunition/su_l004,su_l004,su_l004,Weapons & ammunition,ammunition,,,,THE REDFOR MOD,mods-source/3732654992/ammunition/su_l004.ini,"[""3732654992""]",,,,photo_gap,,pending,"Candidate family/component reference only. Verify visible variant, operator, era and configuration. This is a source record, not a claim about the load-order winner."
3732654992:ammunition/su_r37,su_r37,su_r37,Weapons & ammunition,ammunition,,,,THE REDFOR MOD,mods-source/3732654992/ammunition/su_r37.ini,"[""3732654992""]",,,,photo_gap,,pending,"Candidate family/component reference only. Verify visible variant, operator, era and configuration. This is a source record, not a claim about the load-order winner."
3732654992:ammunition/wp_3bv3,wp_3bv3,wp_3bv3,Weapons & ammunition,ammunition,,,,THE REDFOR MOD,mods-source/3732654992/ammunition/wp_3bv3.ini,"[""3732654992""]",,,,photo_gap,,pending,"Candidate family/component reference only. Verify visible variant, operator, era and configuration. This is a source record, not a claim about the load-order winner."
3732654992:ammunition/wp_3m-25,wp_3m-25,wp_3m-25,Weapons & ammunition,ammunition,,,,THE REDFOR MOD,mods-source/3732654992/ammunition/wp_3m-25.ini,"[""3732654992""]",,,,photo_gap,,pending,"Candidate family/component reference only. Verify visible variant, operator, era and configuration. This is a source record, not a claim about the load-order winner."
3732654992:ammunition/wp_40h6e,wp_40h6e,wp_40h6e,Weapons & ammunition,ammunition,,,,THE REDFOR MOD,mods-source/3732654992/ammunition/wp_40h6e.ini,"[""3732654992""]",,,,photo_gap,,pending,"Candidate family/component reference only. Verify visible variant, operator, era and configuration. This is a source record, not a claim about the load-order winner."
3732654992:ammunition/wp_48n6e2,wp_48n6e2,wp_48n6e2,Weapons & ammunition,ammunition,,,,THE REDFOR MOD,mods-source/3732654992/ammunition/wp_48n6e2.ini,"[""3732654992""]",,,,photo_gap,,pending,"Candidate family/component reference only. Verify visible variant, operator, era and configuration. This is a source record, not a claim about the load-order winner."
3732654992:ammunition/wp_5v55r,wp_5v55r,wp_5v55r,Weapons & ammunition,ammunition,,,,THE REDFOR MOD,mods-source/3732654992/ammunition/wp_5v55r.ini,"[""3732654992""]",,,,photo_gap,,pending,"Candidate family/component reference only. Verify visible variant, operator, era and configuration. This is a source record, not a claim about the load-order winner."
3732654992:ammunition/wp_9k720_clu,wp_9k720_clu,wp_9k720_clu,Weapons & ammunition,ammunition,,,,THE REDFOR MOD,mods-source/3732654992/ammunition/wp_9k720_clu.ini,"[""3732654992""]",,,,photo_gap,,pending,"Candidate family/component reference only. Verify visible variant, operator, era and configuration. This is a source record, not a claim about the load-order winner."
3732654992:ammunition/wp_9k720_he,wp_9k720_he,wp_9k720_he,Weapons & ammunition,ammunition,,,,THE REDFOR MOD,mods-source/3732654992/ammunition/wp_9k720_he.ini,"[""3732654992""]",,,,photo_gap,,pending,"Candidate family/component reference only. Verify visible variant, operator, era and configuration. This is a source record, not a claim about the load-order winner."
3732654992:ammunition/wp_9k720_nuke,wp_9k720_nuke,wp_9k720_nuke,Weapons & ammunition,ammunition,,,,THE REDFOR MOD,mods-source/3732654992/ammunition/wp_9k720_nuke.ini,"[""3732654992""]",,,,photo_gap,,pending,"Candidate family/component reference only. Verify visible variant, operator, era and configuration. This is a source record, not a claim about the load-order winner."
3732654992:ammunition/wp_9m39,wp_9m39,wp_9m39,Weapons & ammunition,ammunition,,,,THE REDFOR MOD,mods-source/3732654992/ammunition/wp_9m39.ini,"[""3732654992""]",,,,photo_gap,,pending,"Candidate family/component reference only. Verify visible variant, operator, era and configuration. This is a source record, not a claim about the load-order winner."
3732654992:ammunition/wp_p-1000,wp_p-1000,wp_p-1000,Weapons & ammunition,ammunition,,,,THE REDFOR MOD,mods-source/3732654992/ammunition/wp_p-1000.ini,"[""3732654992""]",,,,photo_gap,,pending,"Candidate family/component reference only. Verify visible variant, operator, era and configuration. This is a source record, not a claim about the load-order winner."
3732654992:ammunition/wp_r-29rmu,wp_r-29rmu,wp_r-29rmu,Weapons & ammunition,ammunition,,,,THE REDFOR MOD,mods-source/3732654992/ammunition/wp_r-29rmu.ini,"[""3732654992""]",,,,photo_gap,,pending,"Candidate family/component reference only. Verify visible variant, operator, era and configuration. This is a source record, not a claim about the load-order winner."
3732654992:ammunition/wp_r-500,wp_r-500,wp_r-500,Weapons & ammunition,ammunition,,,,THE REDFOR MOD,mods-source/3732654992/ammunition/wp_r-500.ini,"[""3732654992""]",,,,photo_gap,,pending,"Candidate family/component reference only. Verify visible variant, operator, era and configuration. This is a source record, not a claim about the load-order winner."
3732654992:ammunition/wp_rs26,wp_rs26,RS-26,Weapons & ammunition,ammunition,,,,THE REDFOR MOD,mods-source/3732654992/ammunition/wp_rs26.ini,"[""3732654992""]",,,,photo_gap,,pending,"Candidate family/component reference only. Verify visible variant, operator, era and configuration. This is a source record, not a claim about the load-order winner."
3732654992:ammunition/wp_ss-n-25,wp_ss-n-25,wp_ss-n-25,Weapons & ammunition,ammunition,,,,THE REDFOR MOD,mods-source/3732654992/ammunition/wp_ss-n-25.ini,"[""3732654992""]",,,,photo_gap,,pending,"Candidate family/component reference only. Verify visible variant, operator, era and configuration. This is a source record, not a claim about the load-order winner."
3732654992:ammunition/wp_tochka,wp_tochka,OTR-21«Точка»,Weapons & ammunition,ammunition,,,,THE REDFOR MOD,mods-source/3732654992/ammunition/wp_tochka.ini,"[""3732654992""]",,,,photo_gap,,pending,"Candidate family/component reference only. Verify visible variant, operator, era and configuration. This is a source record, not a claim about the load-order winner."
3733719765:land_units/pla_9k331,pla_9k331,Tor-M1,Land units,land_units,LandUnit,MobileUnit,,中国地面单位包,mods-source/3733719765/land_units/pla_9k331.ini,"[""3733719765""]",,,,photo_gap,,pending,"Candidate family/component reference only. Verify visible variant, operator, era and configuration. This is a source record, not a claim about the load-order winner."
3733719765:land_units/pla_cj-100_tel,pla_cj-100_tel,CJ-100 TEL,Land units,land_units,LandUnit,MobileUnit,,中国地面单位包,mods-source/3733719765/land_units/pla_cj-100_tel.ini,"[""3733719765""]",,,,photo_gap,,pending,"Candidate family/component reference only. Verify visible variant, operator, era and configuration. This is a source record, not a claim about the load-order winner."
3733719765:land_units/pla_h-200a_radar,pla_h-200a_radar,H-200A FCR,Sensors & equipment,land_units,LandUnit,Radar,,中国地面单位包,mods-source/3733719765/land_units/pla_h-200a_radar.ini,"[""3733719765""]",,,,photo_gap,,pending,"Candidate family/component reference only. Verify visible variant, operator, era and configuration. This is a source record, not a claim about the load-order winner."
3733719765:land_units/pla_hq-64_search_radar,pla_hq-64_search_radar,HQ-6A Search Radar,Land units,land_units,LandUnit,SAM,,中国地面单位包,mods-source/3733719765/land_units/pla_hq-64_search_radar.ini,"[""3733719765""]",,,,photo_gap,,pending,"Candidate family/component reference only. Verify visible variant, operator, era and configuration. This is a source record, not a claim about the load-order winner."
3733719765:land_units/pla_hq-64_tel,pla_hq-64_tel,HQ-64 Launcher,Land units,land_units,LandUnit,SAM,,中国地面单位包,mods-source/3733719765/land_units/pla_hq-64_tel.ini,"[""3733719765""]",,,,photo_gap,,pending,"Candidate family/component reference only. Verify visible variant, operator, era and configuration. This is a source record, not a claim about the load-order winner."
3733719765:land_units/pla_hq-7b_radar,pla_hq-7b_radar,HQ-7 Search Radar,Land units,land_units,LandUnit,SAM,,中国地面单位包,mods-source/3733719765/land_units/pla_hq-7b_radar.ini,"[""3733719765""]",,,,photo_gap,,pending,"Candidate family/component reference only. Verify visible variant, operator, era and configuration. This is a source record, not a claim about the load-order winner."
3733719765:land_units/pla_hq-7b_tel,pla_hq-7b_tel,HQ-7B Launcher,Land units,land_units,LandUnit,SAM,,中国地面单位包,mods-source/3733719765/land_units/pla_hq-7b_tel.ini,"[""3733719765""]",,,,photo_gap,,pending,"Candidate family/component reference only. Verify visible variant, operator, era and configuration. This is a source record, not a claim about the load-order winner."
3733719765:land_units/pla_lcq-776_radar,pla_lcq-776_radar,LCQ-776 Search Radar,Sensors & equipment,land_units,LandUnit,Radar,,中国地面单位包,mods-source/3733719765/land_units/pla_lcq-776_radar.ini,"[""3733719765""]",,,,photo_gap,,pending,"Candidate family/component reference only. Verify visible variant, operator, era and configuration. This is a source record, not a claim about the load-order winner."
3733719765:land_units/pla_ld-2000,pla_ld-2000,LD-2000,Land units,land_units,LandUnit,SAM,,中国地面单位包,mods-source/3733719765/land_units/pla_ld-2000.ini,"[""3733719765""]",,,,photo_gap,,pending,"Candidate family/component reference only. Verify visible variant, operator, era and configuration. This is a source record, not a claim about the load-order winner."
3733719765:land_units/pla_ld-3000,pla_ld-3000,LD-3000,Land units,land_units,LandUnit,SAM,,中国地面单位包,mods-source/3733719765/land_units/pla_ld-3000.ini,"[""3733719765""]",,,,photo_gap,,pending,"Candidate family/component reference only. Verify visible variant, operator, era and configuration. This is a source record, not a claim about the load-order winner."
3733719765:land_units/pla_llq-120_radar,pla_llq-120_radar,LLQ-120 Low Altitude Search Radar,Sensors & equipment,land_units,LandUnit,Radar,,中国地面单位包,mods-source/3733719765/land_units/pla_llq-120_radar.ini,"[""3733719765""]",,,,photo_gap,,pending,"Candidate family/component reference only. Verify visible variant, operator, era and configuration. This is a source record, not a claim about the load-order winner."
3733719765:land_units/pla_llq-305_radar,pla_llq-305_radar,LLQ-305 Search Radar,Sensors & equipment,land_units,LandUnit,Radar,,中国地面单位包,mods-source/3733719765/land_units/pla_llq-305_radar.ini,"[""3733719765""]",,,,photo_gap,,pending,"Candidate family/component reference only. Verify visible variant, operator, era and configuration. This is a source record, not a claim about the load-order winner."
3733719765:land_units/pla_llq-780_radar,pla_llq-780_radar,LLQ-780 Search Radar,Sensors & equipment,land_units,LandUnit,Radar,,中国地面单位包,mods-source/3733719765/land_units/pla_llq-780_radar.ini,"[""3733719765""]",,,,photo_gap,,pending,"Candidate family/component reference only. Verify visible variant, operator, era and configuration. This is a source record, not a claim about the load-order winner."
3733719765:land_units/pla_sam_site_hq-6_small,pla_sam_site_hq-6_small,HQ-6 SAM System,Land units,land_units,LandUnit,SAM,,中国地面单位包,mods-source/3733719765/land_units/pla_sam_site_hq-6_small.ini,"[""3733719765""]",,,,photo_gap,,pending,"Candidate family/component reference only. Verify visible variant, operator, era and configuration. This is a source record, not a claim about the load-order winner."
3733719765:land_units/pla_sam_site_hq-7b_small,pla_sam_site_hq-7b_small,HQ-7 SAM Site,Land units,land_units,LandUnit,SAM,,中国地面单位包,mods-source/3733719765/land_units/pla_sam_site_hq-7b_small.ini,"[""3733719765""]",,,,photo_gap,,pending,"Candidate family/component reference only. Verify visible variant, operator, era and configuration. This is a source record, not a claim about the load-order winner."
3733719765:land_units/pla_slc-14_radar,pla_slc-14_radar,SLC-14 Intercept FCR,Sensors & equipment,land_units,LandUnit,Radar,,中国地面单位包,mods-source/3733719765/land_units/pla_slc-14_radar.ini,"[""3733719765""]",,,,photo_gap,,pending,"Candidate family/component reference only. Verify visible variant, operator, era and configuration. This is a source record, not a claim about the load-order winner."
3733719765:land_units/pla_spa_plz-83,pla_spa_plz-83,PLZ-83,Land units,land_units,LandUnit,MobileUnit,,中国地面单位包,mods-source/3733719765/land_units/pla_spa_plz-83.ini,"[""3733719765""]",,,,photo_gap,,pending,"Candidate family/component reference only. Verify visible variant, operator, era and configuration. This is a source record, not a claim about the load-order winner."
3733719765:land_units/pla_td_hj-10_zbd-04a,pla_td_hj-10_zbd-04a,HJ-10 ZBD-04A,Land units,land_units,LandUnit,MobileUnit,,中国地面单位包,mods-source/3733719765/land_units/pla_td_hj-10_zbd-04a.ini,"[""3733719765""]",,,,photo_gap,,pending,"Candidate family/component reference only. Verify visible variant, operator, era and configuration. This is a source record, not a claim about the load-order winner."
3733719765:land_units/pla_td_ptz-89,pla_td_ptz-89,PTZ-89,Land units,land_units,LandUnit,MobileUnit,,中国地面单位包,mods-source/3733719765/land_units/pla_td_ptz-89.ini,"[""3733719765""]",,,,photo_gap,,pending,"Candidate family/component reference only. Verify visible variant, operator, era and configuration. This is a source record, not a claim about the load-order winner."
3733719765:land_units/pla_yj-12_tel,pla_yj-12_tel,YJ-12 TEL,Land units,land_units,LandUnit,MobileUnit,,中国地面单位包,mods-source/3733719765/land_units/pla_yj-12_tel.ini,"[""3733719765""]",,,,photo_gap,,pending,"Candidate family/component reference only. Verify visible variant, operator, era and configuration. This is a source record, not a claim about the load-order winner."
3733719765:land_units/pla_ylc-18_radar,pla_ylc-18_radar,YLC-18 Low Altitude Search Radar,Sensors & equipment,land_units,LandUnit,Radar,,中国地面单位包,mods-source/3733719765/land_units/pla_ylc-18_radar.ini,"[""3733719765""]",,,,photo_gap,,pending,"Candidate family/component reference only. Verify visible variant, operator, era and configuration. This is a source record, not a claim about the load-order winner."
3733719765:land_units/pla_ylc-xx_radar,pla_ylc-xx_radar,YLC-XX EWR,Sensors & equipment,land_units,LandUnit,Radar,,中国地面单位包,mods-source/3733719765/land_units/pla_ylc-xx_radar.ini,"[""3733719765""]",,,,photo_gap,,pending,"Candidate family/component reference only. Verify visible variant, operator, era and configuration. This is a source record, not a claim about the load-order winner."
3733719765:ammunition/#cn_df-15_warhead,#cn_df-15_warhead,#cn_df-15_warhead,Weapons & ammunition,ammunition,,,,中国地面单位包,mods-source/3733719765/ammunition/#cn_df-15_warhead.ini,"[""3733719765""]",,,,photo_gap,,pending,"Candidate family/component reference only. Verify visible variant, operator, era and configuration. This is a source record, not a claim about the load-order winner."
3733719765:ammunition/pla_3of70,pla_3of70,pla_3of70,Weapons & ammunition,ammunition,,,,中国地面单位包,mods-source/3733719765/ammunition/pla_3of70.ini,"[""3733719765""]",,,,photo_gap,,pending,"Candidate family/component reference only. Verify visible variant, operator, era and configuration. This is a source record, not a claim about the load-order winner."
3733719765:ammunition/pla_9m331,pla_9m331,pla_9m331,Weapons & ammunition,ammunition,,,,中国地面单位包,mods-source/3733719765/ammunition/pla_9m331.ini,"[""3733719765""]",,,,photo_gap,,pending,"Candidate family/component reference only. Verify visible variant, operator, era and configuration. This is a source record, not a claim about the load-order winner."
3733719765:ammunition/pla_ahead_pmd062,pla_ahead_pmd062,pla_ahead_pmd062,Weapons & ammunition,ammunition,,,,中国地面单位包,mods-source/3733719765/ammunition/pla_ahead_pmd062.ini,"[""3733719765""]",,,,photo_gap,,pending,"Candidate family/component reference only. Verify visible variant, operator, era and configuration. This is a source record, not a claim about the load-order winner."
3733719765:ammunition/pla_aps03,pla_aps03,pla_aps03,Weapons & ammunition,ammunition,,,,中国地面单位包,mods-source/3733719765/ammunition/pla_aps03.ini,"[""3733719765""]",,,,photo_gap,,pending,"Candidate family/component reference only. Verify visible variant, operator, era and configuration. This is a source record, not a claim about the load-order winner."
3733719765:ammunition/pla_cal_125-i,pla_cal_125-i,pla_cal_125-i,Weapons & ammunition,ammunition,,,,中国地面单位包,mods-source/3733719765/ammunition/pla_cal_125-i.ini,"[""3733719765""]",,,,photo_gap,,pending,"Candidate family/component reference only. Verify visible variant, operator, era and configuration. This is a source record, not a claim about the load-order winner."
3733719765:ammunition/pla_cal_apfsds_30mm,pla_cal_apfsds_30mm,pla_cal_apfsds_30mm,Weapons & ammunition,ammunition,,,,中国地面单位包,mods-source/3733719765/ammunition/pla_cal_apfsds_30mm.ini,"[""3733719765""]",,,,photo_gap,,pending,"Candidate family/component reference only. Verify visible variant, operator, era and configuration. This is a source record, not a claim about the load-order winner."
3733719765:ammunition/pla_cal_bee7-152,pla_cal_bee7-152,pla_cal_bee7-152,Weapons & ammunition,ammunition,,,,中国地面单位包,mods-source/3733719765/ammunition/pla_cal_bee7-152.ini,"[""3733719765""]",,,,photo_gap,,pending,"Candidate family/component reference only. Verify visible variant, operator, era and configuration. This is a source record, not a claim about the load-order winner."
3733719765:ammunition/pla_cal_dtb-1,pla_cal_dtb-1,pla_cal_dtb-1,Weapons & ammunition,ammunition,,,,中国地面单位包,mods-source/3733719765/ammunition/pla_cal_dtb-1.ini,"[""3733719765""]",,,,photo_gap,,pending,"Candidate family/component reference only. Verify visible variant, operator, era and configuration. This is a source record, not a claim about the load-order winner."
3733719765:ammunition/pla_cal_dtb-125,pla_cal_dtb-125,pla_cal_dtb-125,Weapons & ammunition,ammunition,,,,中国地面单位包,mods-source/3733719765/ammunition/pla_cal_dtb-125.ini,"[""3733719765""]",,,,photo_gap,,pending,"Candidate family/component reference only. Verify visible variant, operator, era and configuration. This is a source record, not a claim about the load-order winner."
3733719765:ammunition/pla_cal_dtc10-125,pla_cal_dtc10-125,pla_cal_dtc10-125,Weapons & ammunition,ammunition,,,,中国地面单位包,mods-source/3733719765/ammunition/pla_cal_dtc10-125.ini,"[""3733719765""]",,,,photo_gap,,pending,"Candidate family/component reference only. Verify visible variant, operator, era and configuration. This is a source record, not a claim about the load-order winner."
3733719765:ammunition/pla_cal_dtp-125,pla_cal_dtp-125,pla_cal_dtp-125,Weapons & ammunition,ammunition,,,,中国地面单位包,mods-source/3733719765/ammunition/pla_cal_dtp-125.ini,"[""3733719765""]",,,,photo_gap,,pending,"Candidate family/component reference only. Verify visible variant, operator, era and configuration. This is a source record, not a claim about the load-order winner."
3733719765:ammunition/pla_cal_dtw3-105,pla_cal_dtw3-105,pla_cal_dtw3-105,Weapons & ammunition,ammunition,,,,中国地面单位包,mods-source/3733719765/ammunition/pla_cal_dtw3-105.ini,"[""3733719765""]",,,,photo_gap,,pending,"Candidate family/component reference only. Verify visible variant, operator, era and configuration. This is a source record, not a claim about the load-order winner."
3733719765:ammunition/pla_cal_dys-120,pla_cal_dys-120,pla_cal_dys-120,Weapons & ammunition,ammunition,,,,中国地面单位包,mods-source/3733719765/ammunition/pla_cal_dys-120.ini,"[""3733719765""]",,,,photo_gap,,pending,"Candidate family/component reference only. Verify visible variant, operator, era and configuration. This is a source record, not a claim about the load-order winner."
3733719765:ammunition/pla_cal_dyw1-120,pla_cal_dyw1-120,pla_cal_dyw1-120,Weapons & ammunition,ammunition,,,,中国地面单位包,mods-source/3733719765/ammunition/pla_cal_dyw1-120.ini,"[""3733719765""]",,,,photo_gap,,pending,"Candidate family/component reference only. Verify visible variant, operator, era and configuration. This is a source record, not a claim about the load-order winner."
3733719765:ammunition/pla_cal_type-83,pla_cal_type-83,pla_cal_type-83,Weapons & ammunition,ammunition,,,,中国地面单位包,mods-source/3733719765/ammunition/pla_cal_type-83.ini,"[""3733719765""]",,,,photo_gap,,pending,"Candidate family/component reference only. Verify visible variant, operator, era and configuration. This is a source record, not a claim about the load-order winner."
3733719765:ammunition/pla_cj-100,pla_cj-100,pla_cj-100,Weapons & ammunition,ammunition,,,,中国地面单位包,mods-source/3733719765/ammunition/pla_cj-100.ini,"[""3733719765""]",,,,photo_gap,,pending,"Candidate family/component reference only. Verify visible variant, operator, era and configuration. This is a source record, not a claim about the load-order winner."
3733719765:ammunition/pla_dtc10-30,pla_dtc10-30,pla_dtc10-30,Weapons & ammunition,ammunition,,,,中国地面单位包,mods-source/3733719765/ammunition/pla_dtc10-30.ini,"[""3733719765""]",,,,photo_gap,,pending,"Candidate family/component reference only. Verify visible variant, operator, era and configuration. This is a source record, not a claim about the load-order winner."
3733719765:ammunition/pla_dty02-30,pla_dty02-30,pla_dty02-30,Weapons & ammunition,ammunition,,,,中国地面单位包,mods-source/3733719765/ammunition/pla_dty02-30.ini,"[""3733719765""]",,,,photo_gap,,pending,"Candidate family/component reference only. Verify visible variant, operator, era and configuration. This is a source record, not a claim about the load-order winner."
3733719765:ammunition/pla_gp105,pla_gp105,pla_gp105,Weapons & ammunition,ammunition,,,,中国地面单位包,mods-source/3733719765/ammunition/pla_gp105.ini,"[""3733719765""]",,,,photo_gap,,pending,"Candidate family/component reference only. Verify visible variant, operator, era and configuration. This is a source record, not a claim about the load-order winner."
3733719765:ammunition/pla_gp125,pla_gp125,pla_gp125,Weapons & ammunition,ammunition,,,,中国地面单位包,mods-source/3733719765/ammunition/pla_gp125.ini,"[""3733719765""]",,,,photo_gap,,pending,"Candidate family/component reference only. Verify visible variant, operator, era and configuration. This is a source record, not a claim about the load-order winner."
3733719765:ammunition/pla_hj-10a,pla_hj-10a,pla_hj-10a,Weapons & ammunition,ammunition,,,,中国地面单位包,mods-source/3733719765/ammunition/pla_hj-10a.ini,"[""3733719765""]",,,,photo_gap,,pending,"Candidate family/component reference only. Verify visible variant, operator, era and configuration. This is a source record, not a claim about the load-order winner."
3733719765:ammunition/pla_hq-64,pla_hq-64,pla_hq-64,Weapons & ammunition,ammunition,,,,中国地面单位包,mods-source/3733719765/ammunition/pla_hq-64.ini,"[""3733719765""]",,,,photo_gap,,pending,"Candidate family/component reference only. Verify visible variant, operator, era and configuration. This is a source record, not a claim about the load-order winner."
3733719765:ammunition/pla_yj-12b,pla_yj-12b,pla_yj-12b,Weapons & ammunition,ammunition,,,,中国地面单位包,mods-source/3733719765/ammunition/pla_yj-12b.ini,"[""3733719765""]",,,,photo_gap,,pending,"Candidate family/component reference only. Verify visible variant, operator, era and configuration. This is a source record, not a claim about the load-order winner."
3733719765:ammunition/wp_cal_12.7mm,wp_cal_12.7mm,wp_cal_12.7mm,Weapons & ammunition,ammunition,,,,中国地面单位包,mods-source/3733719765/ammunition/wp_cal_12.7mm.ini,"[""3733719765""]",,,,photo_gap,,pending,"Candidate family/component reference only. Verify visible variant, operator, era and configuration. This is a source record, not a claim about the load-order winner."
3736147136:land_units/fr_vlfs,fr_vlfs,VLFS,Land units,land_units,LandUnit,MobileUnit,,French army vehicule,mods-source/3736147136/land_units/fr_vlfs.ini,"[""3736147136""]",,,,photo_gap,,pending,"Candidate family/component reference only. Verify visible variant, operator, era and configuration. This is a source record, not a claim about the load-order winner."
3736147136:ammunition/fr_akeron,fr_akeron,fr_akeron,Weapons & ammunition,ammunition,,,,French army vehicule,mods-source/3736147136/ammunition/fr_akeron.ini,"[""3736147136""]",,,,photo_gap,,pending,"Candidate family/component reference only. Verify visible variant, operator, era and configuration. This is a source record, not a claim about the load-order winner."
3736147136:ammunition/fr_cal_105mm,fr_cal_105mm,fr_cal_105mm,Weapons & ammunition,ammunition,,,,French army vehicule,mods-source/3736147136/ammunition/fr_cal_105mm.ini,"[""3736147136""]",,,,photo_gap,,pending,"Candidate family/component reference only. Verify visible variant, operator, era and configuration. This is a source record, not a claim about the load-order winner."
3736147136:ammunition/fr_cal_120mm,fr_cal_120mm,fr_cal_120mm,Weapons & ammunition,ammunition,,,,French army vehicule,mods-source/3736147136/ammunition/fr_cal_120mm.ini,"[""3736147136""]",,,,photo_gap,,pending,"Candidate family/component reference only. Verify visible variant, operator, era and configuration. This is a source record, not a claim about the load-order winner."
3736147136:ammunition/fr_cal_127,fr_cal_127,fr_cal_127,Weapons & ammunition,ammunition,,,,French army vehicule,mods-source/3736147136/ammunition/fr_cal_127.ini,"[""3736147136""]",,,,photo_gap,,pending,"Candidate family/component reference only. Verify visible variant, operator, era and configuration. This is a source record, not a claim about the load-order winner."
3736147136:ammunition/fr_cal_127x99mm,fr_cal_127x99mm,fr_cal_127x99mm,Weapons & ammunition,ammunition,,,,French army vehicule,mods-source/3736147136/ammunition/fr_cal_127x99mm.ini,"[""3736147136""]",,,,photo_gap,,pending,"Candidate family/component reference only. Verify visible variant, operator, era and configuration. This is a source record, not a claim about the load-order winner."
3736147136:ammunition/fr_cal_155mm,fr_cal_155mm,fr_cal_155mm,Weapons & ammunition,ammunition,,,,French army vehicule,mods-source/3736147136/ammunition/fr_cal_155mm.ini,"[""3736147136""]",,,,photo_gap,,pending,"Candidate family/component reference only. Verify visible variant, operator, era and configuration. This is a source record, not a claim about the load-order winner."
3736147136:ammunition/fr_cal_25mm,fr_cal_25mm,fr_cal_25mm,Weapons & ammunition,ammunition,,,,French army vehicule,mods-source/3736147136/ammunition/fr_cal_25mm.ini,"[""3736147136""]",,,,photo_gap,,pending,"Candidate family/component reference only. Verify visible variant, operator, era and configuration. This is a source record, not a claim about the load-order winner."
3736147136:ammunition/fr_cal_40mm,fr_cal_40mm,fr_cal_40mm,Weapons & ammunition,ammunition,,,,French army vehicule,mods-source/3736147136/ammunition/fr_cal_40mm.ini,"[""3736147136""]",,,,photo_gap,,pending,"Candidate family/component reference only. Verify visible variant, operator, era and configuration. This is a source record, not a claim about the load-order winner."
3736147136:ammunition/fr_cal_40mm_oet_chr,fr_cal_40mm_oet_chr,fr_cal_40mm_oet_chr,Weapons & ammunition,ammunition,,,,French army vehicule,mods-source/3736147136/ammunition/fr_cal_40mm_oet_chr.ini,"[""3736147136""]",,,,photo_gap,,pending,"Candidate family/component reference only. Verify visible variant, operator, era and configuration. This is a source record, not a claim about the load-order winner."
3736147136:ammunition/fr_cal_40mm_oflt,fr_cal_40mm_oflt,fr_cal_40mm_oflt,Weapons & ammunition,ammunition,,,,French army vehicule,mods-source/3736147136/ammunition/fr_cal_40mm_oflt.ini,"[""3736147136""]",,,,photo_gap,,pending,"Candidate family/component reference only. Verify visible variant, operator, era and configuration. This is a source record, not a claim about the load-order winner."
3736147136:ammunition/fr_cal_762x51mm,fr_cal_762x51mm,fr_cal_762x51mm,Weapons & ammunition,ammunition,,,,French army vehicule,mods-source/3736147136/ammunition/fr_cal_762x51mm.ini,"[""3736147136""]",,,,photo_gap,,pending,"Candidate family/component reference only. Verify visible variant, operator, era and configuration. This is a source record, not a claim about the load-order winner."
3736147136:ammunition/fr_cal_f1_he,fr_cal_f1_he,fr_cal_f1_he,Weapons & ammunition,ammunition,,,,French army vehicule,mods-source/3736147136/ammunition/fr_cal_f1_he.ini,"[""3736147136""]",,,,photo_gap,,pending,"Candidate family/component reference only. Verify visible variant, operator, era and configuration. This is a source record, not a claim about the load-order winner."
3736147136:ammunition/fr_cal_occ_105_f3,fr_cal_occ_105_f3,fr_cal_occ_105_f3,Weapons & ammunition,ammunition,,,,French army vehicule,mods-source/3736147136/ammunition/fr_cal_occ_105_f3.ini,"[""3736147136""]",,,,photo_gap,,pending,"Candidate family/component reference only. Verify visible variant, operator, era and configuration. This is a source record, not a claim about the load-order winner."
3736147136:ammunition/fr_cal_occ_120_g1,fr_cal_occ_120_g1,fr_cal_occ_120_g1,Weapons & ammunition,ammunition,,,,French army vehicule,mods-source/3736147136/ammunition/fr_cal_occ_120_g1.ini,"[""3736147136""]",,,,photo_gap,,pending,"Candidate family/component reference only. Verify visible variant, operator, era and configuration. This is a source record, not a claim about the load-order winner."
3736147136:ammunition/fr_cal_oe_105_f3,fr_cal_oe_105_f3,fr_cal_oe_105_f3,Weapons & ammunition,ammunition,,,,French army vehicule,mods-source/3736147136/ammunition/fr_cal_oe_105_f3.ini,"[""3736147136""]",,,,photo_gap,,pending,"Candidate family/component reference only. Verify visible variant, operator, era and configuration. This is a source record, not a claim about the load-order winner."
3736147136:ammunition/fr_cal_ofl_105_f3,fr_cal_ofl_105_f3,fr_cal_ofl_105_f3,Weapons & ammunition,ammunition,,,,French army vehicule,mods-source/3736147136/ammunition/fr_cal_ofl_105_f3.ini,"[""3736147136""]",,,,photo_gap,,pending,"Candidate family/component reference only. Verify visible variant, operator, era and configuration. This is a source record, not a claim about the load-order winner."
3736147136:ammunition/fr_cal_ofl_120_f1,fr_cal_ofl_120_f1,fr_cal_ofl_120_f1,Weapons & ammunition,ammunition,,,,French army vehicule,mods-source/3736147136/ammunition/fr_cal_ofl_120_f1.ini,"[""3736147136""]",,,,photo_gap,,pending,"Candidate family/component reference only. Verify visible variant, operator, era and configuration. This is a source record, not a claim about the load-order winner."
3736147136:ammunition/fr_m31,fr_m31,fr_m31,Weapons & ammunition,ammunition,,,,French army vehicule,mods-source/3736147136/ammunition/fr_m31.ini,"[""3736147136""]",,,,photo_gap,,pending,"Candidate family/component reference only. Verify visible variant, operator, era and configuration. This is a source record, not a claim about the load-order winner."
3736147136:ammunition/fr_milan_er,fr_milan_er,fr_milan_er,Weapons & ammunition,ammunition,,,,French army vehicule,mods-source/3736147136/ammunition/fr_milan_er.ini,"[""3736147136""]",,,,photo_gap,,pending,"Candidate family/component reference only. Verify visible variant, operator, era and configuration. This is a source record, not a claim about the load-order winner."
3737267013:aircraft/usmc_av-8b+,usmc_av-8b+,AV-8B+,Aircraft & helicopters,aircraft,VTOL,,,US Naval Aviation,mods-source/3737267013/aircraft/usmc_av-8b+.ini,"[""3737267013""]",,,,photo_gap,,pending,"Candidate family/component reference only. Verify visible variant, operator, era and configuration. This is a source record, not a claim about the load-order winner."
3737267013:aircraft/usmc_f-35b,usmc_f-35b,F-35B,Aircraft & helicopters,aircraft,VTOL,,,US Naval Aviation,mods-source/3737267013/aircraft/usmc_f-35b.ini,"[""3737267013""]",,,,photo_gap,,pending,"Candidate family/component reference only. Verify visible variant, operator, era and configuration. This is a source record, not a claim about the load-order winner."
3737267013:ammunition/usmc_25mm_gunpod,usmc_25mm_gunpod,usmc_25mm_gunpod,Weapons & ammunition,ammunition,,,,US Naval Aviation,mods-source/3737267013/ammunition/usmc_25mm_gunpod.ini,"[""3737267013""]",,,,photo_gap,,pending,"Candidate family/component reference only. Verify visible variant, operator, era and configuration. This is a source record, not a claim about the load-order winner."
3737267013:ammunition/usmc_alq-164,usmc_alq-164,usmc_alq-164,Weapons & ammunition,ammunition,,,,US Naval Aviation,mods-source/3737267013/ammunition/usmc_alq-164.ini,"[""3737267013""]",,,,photo_gap,,pending,"Candidate family/component reference only. Verify visible variant, operator, era and configuration. This is a source record, not a claim about the load-order winner."
3737267013:ammunition/usmc_tank_230_av-8b,usmc_tank_230_av-8b,usmc_tank_230_av-8b,Weapons & ammunition,ammunition,,,,US Naval Aviation,mods-source/3737267013/ammunition/usmc_tank_230_av-8b.ini,"[""3737267013""]",,,,photo_gap,,pending,"Candidate family/component reference only. Verify visible variant, operator, era and configuration. This is a source record, not a claim about the load-order winner."
3737267013:ammunition/usn_agm-158b-2,usn_agm-158b-2,usn_agm-158b-2,Weapons & ammunition,ammunition,,,,US Naval Aviation,mods-source/3737267013/ammunition/usn_agm-158b-2.ini,"[""3737267013""]",,,,photo_gap,,pending,"Candidate family/component reference only. Verify visible variant, operator, era and configuration. This is a source record, not a claim about the load-order winner."
3737267013:ammunition/usn_aim-424,usn_aim-424,usn_aim-424,Weapons & ammunition,ammunition,,,,US Naval Aviation,mods-source/3737267013/ammunition/usn_aim-424.ini,"[""3737267013""]",,,,photo_gap,,pending,"Candidate family/component reference only. Verify visible variant, operator, era and configuration. This is a source record, not a claim about the load-order winner."
3737267013:ammunition/usn_alq-167,usn_alq-167,usn_alq-167,Weapons & ammunition,ammunition,,,,US Naval Aviation,mods-source/3737267013/ammunition/usn_alq-167.ini,"[""3737267013""]",,,,photo_gap,,pending,"Candidate family/component reference only. Verify visible variant, operator, era and configuration. This is a source record, not a claim about the load-order winner."
3737267013:ammunition/usn_aww-13,usn_aww-13,usn_aww-13,Weapons & ammunition,ammunition,,,,US Naval Aviation,mods-source/3737267013/ammunition/usn_aww-13.ini,"[""3737267013""]",,,,photo_gap,,pending,"Candidate family/component reference only. Verify visible variant, operator, era and configuration. This is a source record, not a claim about the load-order winner."
3737267013:ammunition/usn_bsu-49,usn_bsu-49,usn_bsu-49,Weapons & ammunition,ammunition,,,,US Naval Aviation,mods-source/3737267013/ammunition/usn_bsu-49.ini,"[""3737267013""]",,,,photo_gap,,pending,"Candidate family/component reference only. Verify visible variant, operator, era and configuration. This is a source record, not a claim about the load-order winner."
3737267013:ammunition/usn_f-35_gun_pod,usn_f-35_gun_pod,usn_f-35_gun_pod,Weapons & ammunition,ammunition,,,,US Naval Aviation,mods-source/3737267013/ammunition/usn_f-35_gun_pod.ini,"[""3737267013""]",,,,photo_gap,,pending,"Candidate family/component reference only. Verify visible variant, operator, era and configuration. This is a source record, not a claim about the load-order winner."
3737267013:ammunition/usn_gbu-39,usn_gbu-39,usn_gbu-39,Weapons & ammunition,ammunition,,,,US Naval Aviation,mods-source/3737267013/ammunition/usn_gbu-39.ini,"[""3737267013""]",,,,photo_gap,,pending,"Candidate family/component reference only. Verify visible variant, operator, era and configuration. This is a source record, not a claim about the load-order winner."
3737267013:ammunition/usn_gbu-39_quad,usn_gbu-39_quad,usn_gbu-39_quad,Weapons & ammunition,ammunition,,,,US Naval Aviation,mods-source/3737267013/ammunition/usn_gbu-39_quad.ini,"[""3737267013""]",,,,photo_gap,,pending,"Candidate family/component reference only. Verify visible variant, operator, era and configuration. This is a source record, not a claim about the load-order winner."
3737267013:ammunition/usn_gbu-75_jdam_lr,usn_gbu-75_jdam_lr,usn_gbu-75_jdam_lr,Weapons & ammunition,ammunition,,,,US Naval Aviation,mods-source/3737267013/ammunition/usn_gbu-75_jdam_lr.ini,"[""3737267013""]",,,,photo_gap,,pending,"Candidate family/component reference only. Verify visible variant, operator, era and configuration. This is a source record, not a claim about the load-order winner."
3737267013:ammunition/usn_jsm,usn_jsm,usn_jsm,Weapons & ammunition,ammunition,,,,US Naval Aviation,mods-source/3737267013/ammunition/usn_jsm.ini,"[""3737267013""]",,,,photo_gap,,pending,"Candidate family/component reference only. Verify visible variant, operator, era and configuration. This is a source record, not a claim about the load-order winner."
3737267013:ammunition/usn_jsm_land,usn_jsm_land,usn_jsm_land,Weapons & ammunition,ammunition,,,,US Naval Aviation,mods-source/3737267013/ammunition/usn_jsm_land.ini,"[""3737267013""]",,,,photo_gap,,pending,"Candidate family/component reference only. Verify visible variant, operator, era and configuration. This is a source record, not a claim about the load-order winner."
3737267013:ammunition/usn_pod_tarps_late,usn_pod_tarps_late,usn_pod_tarps_late,Weapons & ammunition,ammunition,,,,US Naval Aviation,mods-source/3737267013/ammunition/usn_pod_tarps_late.ini,"[""3737267013""]",,,,photo_gap,,pending,"Candidate family/component reference only. Verify visible variant, operator, era and configuration. This is a source record, not a claim about the load-order winner."
3737267013:ammunition/usn_sh60_tank,usn_sh60_tank,usn_sh60_tank,Weapons & ammunition,ammunition,,,,US Naval Aviation,mods-source/3737267013/ammunition/usn_sh60_tank.ini,"[""3737267013""]",,,,photo_gap,,pending,"Candidate family/component reference only. Verify visible variant, operator, era and configuration. This is a source record, not a claim about the load-order winner."
3737267013:ammunition/usn_tank_1200_f-18,usn_tank_1200_f-18,usn_tank_1200_f-18,Weapons & ammunition,ammunition,,,,US Naval Aviation,mods-source/3737267013/ammunition/usn_tank_1200_f-18.ini,"[""3737267013""]",,,,photo_gap,,pending,"Candidate family/component reference only. Verify visible variant, operator, era and configuration. This is a source record, not a claim about the load-order winner."
3737267013:ammunition/usn_tank_370_f-18,usn_tank_370_f-18,usn_tank_370_f-18,Weapons & ammunition,ammunition,,,,US Naval Aviation,mods-source/3737267013/ammunition/usn_tank_370_f-18.ini,"[""3737267013""]",,,,photo_gap,,pending,"Candidate family/component reference only. Verify visible variant, operator, era and configuration. This is a source record, not a claim about the load-order winner."
3737267013:ammunition/usn_tank_610_f-18,usn_tank_610_f-18,usn_tank_610_f-18,Weapons & ammunition,ammunition,,,,US Naval Aviation,mods-source/3737267013/ammunition/usn_tank_610_f-18.ini,"[""3737267013""]",,,,photo_gap,,pending,"Candidate family/component reference only. Verify visible variant, operator, era and configuration. This is a source record, not a claim about the load-order winner."
3741944366:ammunition/dts_agm-158b-2,dts_agm-158b-2,dts_agm-158b-2,Weapons & ammunition,ammunition,,,,B-52H,mods-source/3741944366/ammunition/dts_agm-158b-2.ini,"[""3741944366""]",,,,photo_gap,,pending,"Candidate family/component reference only. Verify visible variant, operator, era and configuration. This is a source record, not a claim about the load-order winner."
3741944366:ammunition/dts_b-61,dts_b-61,dts_b-61,Weapons & ammunition,ammunition,,,,B-52H,mods-source/3741944366/ammunition/dts_b-61.ini,"[""3741944366""]",,,,photo_gap,,pending,"Candidate family/component reference only. Verify visible variant, operator, era and configuration. This is a source record, not a claim about the load-order winner."
3752415457:aircraft/phl_h-76,phl_h-76,AUH-76,Aircraft & helicopters,aircraft,Helicopter,,,Philippines: The Luzon Line [v0.8.3.03.10],mods-source/3752415457/aircraft/phl_h-76.ini,"[""3752415457""]",,,,photo_gap,,pending,"Candidate family/component reference only. Verify visible variant, operator, era and configuration. This is a source record, not a claim about the load-order winner."
3752415457:aircraft/rok_f-50_ph,rok_f-50_ph,FA-50PH,Aircraft & helicopters,aircraft,Aircraft,,,Philippines: The Luzon Line [v0.8.3.03.10],mods-source/3752415457/aircraft/rok_f-50_ph.ini,"[""3752415457""]",,,,photo_gap,,pending,"Candidate family/component reference only. Verify visible variant, operator, era and configuration. This is a source record, not a claim about the load-order winner."
3752415457:vessels/phl_ff_cannon,phl_ff_cannon,Cannon Class,Ships,vessels,Vessel,,,Philippines: The Luzon Line [v0.8.3.03.10],mods-source/3752415457/vessels/phl_ff_cannon.ini,"[""3752415457""]",,,,photo_gap,,pending,"Candidate family/component reference only. Verify visible variant, operator, era and configuration. This is a source record, not a claim about the load-order winner."
3752415457:vessels/phl_ff_hamilton,phl_ff_hamilton,Del Pilar-class,Ships,vessels,Vessel,,,Philippines: The Luzon Line [v0.8.3.03.10],mods-source/3752415457/vessels/phl_ff_hamilton.ini,"[""3752415457""]",,,,photo_gap,,pending,"Candidate family/component reference only. Verify visible variant, operator, era and configuration. This is a source record, not a claim about the load-order winner."
3752415457:vessels/phl_fs_malvar,phl_fs_malvar,Malvar-class,Ships,vessels,Vessel,,,Philippines: The Luzon Line [v0.8.3.03.10],mods-source/3752415457/vessels/phl_fs_malvar.ini,"[""3752415457""]",,,,photo_gap,,pending,"Candidate family/component reference only. Verify visible variant, operator, era and configuration. This is a source record, not a claim about the load-order winner."
3752415457:vessels/phl_fs_pohang,phl_fs_pohang,Pohang-class,Ships,vessels,Vessel,,,Philippines: The Luzon Line [v0.8.3.03.10],mods-source/3752415457/vessels/phl_fs_pohang.ini,"[""3752415457""]",,,,photo_gap,,pending,"Candidate family/component reference only. Verify visible variant, operator, era and configuration. This is a source record, not a claim about the load-order winner."
3752415457:vessels/phl_pb_jose_andrada,phl_pb_jose_andrada,Jose Andrada-class,Ships,vessels,Vessel,,,Philippines: The Luzon Line [v0.8.3.03.10],mods-source/3752415457/vessels/phl_pb_jose_andrada.ini,"[""3752415457""]",,,,photo_gap,,pending,"Candidate family/component reference only. Verify visible variant, operator, era and configuration. This is a source record, not a claim about the load-order winner."
3752415457:vessels/phl_pb_tomas_batilo,phl_pb_tomas_batilo,Tomas Batilo-class,Ships,vessels,Vessel,,,Philippines: The Luzon Line [v0.8.3.03.10],mods-source/3752415457/vessels/phl_pb_tomas_batilo.ini,"[""3752415457""]",,,,photo_gap,,pending,"Candidate family/component reference only. Verify visible variant, operator, era and configuration. This is a source record, not a claim about the load-order winner."
3752415457:vessels/phl_pt_kagitingan,phl_pt_kagitingan,Kagitingan-class,Ships,vessels,Vessel,,,Philippines: The Luzon Line [v0.8.3.03.10],mods-source/3752415457/vessels/phl_pt_kagitingan.ini,"[""3752415457""]",,,,photo_gap,,pending,"Candidate family/component reference only. Verify visible variant, operator, era and configuration. This is a source record, not a claim about the load-order winner."
3752415457:vessels/usn_avp_barnegat_mod,usn_avp_barnegat_mod,usn_avp_barnegat_mod,Ships,vessels,Vessel,,,Philippines: The Luzon Line [v0.8.3.03.10],mods-source/3752415457/vessels/usn_avp_barnegat_mod.ini,"[""3752415457""]",,,,photo_gap,,pending,"Candidate family/component reference only. Verify visible variant, operator, era and configuration. This is a source record, not a claim about the load-order winner."
3752415457:ammunition/fr_ss12,fr_ss12,fr_ss12,Weapons & ammunition,ammunition,,,,Philippines: The Luzon Line [v0.8.3.03.10],mods-source/3752415457/ammunition/fr_ss12.ini,"[""3752415457""]",,,,photo_gap,,pending,"Candidate family/component reference only. Verify visible variant, operator, era and configuration. This is a source record, not a claim about the load-order winner."
3752415457:ammunition/ger_sut,ger_sut,ger_sut,Weapons & ammunition,ammunition,,,,Philippines: The Luzon Line [v0.8.3.03.10],mods-source/3752415457/ammunition/ger_sut.ini,"[""3752415457""]",,,,photo_gap,,pending,"Candidate family/component reference only. Verify visible variant, operator, era and configuration. This is a source record, not a claim about the load-order winner."
3752415457:ammunition/gre_depth_charges,gre_depth_charges,gre_depth_charges,Weapons & ammunition,ammunition,,,,Philippines: The Luzon Line [v0.8.3.03.10],mods-source/3752415457/ammunition/gre_depth_charges.ini,"[""3752415457""]",,,,photo_gap,,pending,"Candidate family/component reference only. Verify visible variant, operator, era and configuration. This is a source record, not a claim about the load-order winner."
3752415457:ammunition/gre_hedgehog_shell,gre_hedgehog_shell,gre_hedgehog_shell,Weapons & ammunition,ammunition,,,,Philippines: The Luzon Line [v0.8.3.03.10],mods-source/3752415457/ammunition/gre_hedgehog_shell.ini,"[""3752415457""]",,,,photo_gap,,pending,"Candidate family/component reference only. Verify visible variant, operator, era and configuration. This is a source record, not a claim about the load-order winner."
3752415457:ammunition/ita_blk_shark,ita_blk_shark,ita_blk_shark,Weapons & ammunition,ammunition,,,,Philippines: The Luzon Line [v0.8.3.03.10],mods-source/3752415457/ammunition/ita_blk_shark.ini,"[""3752415457""]",,,,photo_gap,,pending,"Candidate family/component reference only. Verify visible variant, operator, era and configuration. This is a source record, not a claim about the load-order winner."
3752415457:ammunition/ita_cal_30mm,ita_cal_30mm,ita_cal_30mm,Weapons & ammunition,ammunition,,,,Philippines: The Luzon Line [v0.8.3.03.10],mods-source/3752415457/ammunition/ita_cal_30mm.ini,"[""3752415457""]",,,,photo_gap,,pending,"Candidate family/component reference only. Verify visible variant, operator, era and configuration. This is a source record, not a claim about the load-order winner."
3752415457:ammunition/kai_fueltank_150,kai_fueltank_150,kai_fueltank_150,Weapons & ammunition,ammunition,,,,Philippines: The Luzon Line [v0.8.3.03.10],mods-source/3752415457/ammunition/kai_fueltank_150.ini,"[""3752415457""]",,,,photo_gap,,pending,"Candidate family/component reference only. Verify visible variant, operator, era and configuration. This is a source record, not a claim about the load-order winner."
3752415457:ammunition/kai_pod_ALQ-200K_elint,kai_pod_ALQ-200K_elint,kai_pod_ALQ-200K_elint,Weapons & ammunition,ammunition,,,,Philippines: The Luzon Line [v0.8.3.03.10],mods-source/3752415457/ammunition/kai_pod_ALQ-200K_elint.ini,"[""3752415457""]",,,,photo_gap,,pending,"Candidate family/component reference only. Verify visible variant, operator, era and configuration. This is a source record, not a claim about the load-order winner."
3752415457:ammunition/plan_yj-82,plan_yj-82,plan_yj-82,Weapons & ammunition,ammunition,,,,Philippines: The Luzon Line [v0.8.3.03.10],mods-source/3752415457/ammunition/plan_yj-82.ini,"[""3752415457""]",,,,photo_gap,,pending,"Candidate family/component reference only. Verify visible variant, operator, era and configuration. This is a source record, not a claim about the load-order winner."
3752415457:ammunition/swe_cal_57mm,swe_cal_57mm,swe_cal_57mm,Weapons & ammunition,ammunition,,,,Philippines: The Luzon Line [v0.8.3.03.10],mods-source/3752415457/ammunition/swe_cal_57mm.ini,"[""3752415457""]",,,,photo_gap,,pending,"Candidate family/component reference only. Verify visible variant, operator, era and configuration. This is a source record, not a claim about the load-order winner."
3755769170:aircraft/usaf_f-2a,usaf_f-2a,F-2A (USAF),Aircraft & helicopters,aircraft,,,,F-2A 'Viper Zero',mods-source/3755769170/aircraft/usaf_f-2a.ini,"[""3755769170""]",#!alias aircraft/jp_f-2a.ini,,,photo_gap,,pending,"Candidate family/component reference only. Verify visible variant, operator, era and configuration. This is a source record, not a claim about the load-order winner."
3755769170:aircraft/usaf_f-2a_late,usaf_f-2a_late,F-2A (USAF/Late),Aircraft & helicopters,aircraft,,,,F-2A 'Viper Zero',mods-source/3755769170/aircraft/usaf_f-2a_late.ini,"[""3755769170""]",#!alias aircraft/jp_f-2a.ini,,,photo_gap,,pending,"Candidate family/component reference only. Verify visible variant, operator, era and configuration. This is a source record, not a claim about the load-order winner."
3755769170:ammunition/jp_asm-3,jp_asm-3,jp_asm-3,Weapons & ammunition,ammunition,,,,F-2A 'Viper Zero',mods-source/3755769170/ammunition/jp_asm-3.ini,"[""3755769170""]",,,,photo_gap,,pending,"Candidate family/component reference only. Verify visible variant, operator, era and configuration. This is a source record, not a claim about the load-order winner."
3755769170:ammunition/jp_jaaq-2,jp_jaaq-2,jp_jaaq-2,Weapons & ammunition,ammunition,,,,F-2A 'Viper Zero',mods-source/3755769170/ammunition/jp_jaaq-2.ini,"[""3755769170""]",,,,photo_gap,,pending,"Candidate family/component reference only. Verify visible variant, operator, era and configuration. This is a source record, not a claim about the load-order winner."
3755769170:ammunition/jp_tank_300_f-2a,jp_tank_300_f-2a,jp_tank_300_f-2a,Weapons & ammunition,ammunition,,,,F-2A 'Viper Zero',mods-source/3755769170/ammunition/jp_tank_300_f-2a.ini,"[""3755769170""]",,,,photo_gap,,pending,"Candidate family/component reference only. Verify visible variant, operator, era and configuration. This is a source record, not a claim about the load-order winner."
3755769170:ammunition/jp_tank_610_f-2a,jp_tank_610_f-2a,jp_tank_610_f-2a,Weapons & ammunition,ammunition,,,,F-2A 'Viper Zero',mods-source/3755769170/ammunition/jp_tank_610_f-2a.ini,"[""3755769170""]",,,,photo_gap,,pending,"Candidate family/component reference only. Verify visible variant, operator, era and configuration. This is a source record, not a claim about the load-order winner."
3755769170:ammunition/jp_ter_rockeye_3,jp_ter_rockeye_3,jp_ter_rockeye_3,Weapons & ammunition,ammunition,,,,F-2A 'Viper Zero',mods-source/3755769170/ammunition/jp_ter_rockeye_3.ini,"[""3755769170""]",,,,photo_gap,,pending,"Candidate family/component reference only. Verify visible variant, operator, era and configuration. This is a source record, not a claim about the load-order winner."
3755769170:ammunition/usaf_agm-158_f-2a,usaf_agm-158_f-2a,usaf_agm-158_f-2a,Weapons & ammunition,ammunition,,,,F-2A 'Viper Zero',mods-source/3755769170/ammunition/usaf_agm-158_f-2a.ini,"[""3755769170""]",,,,photo_gap,,pending,"Candidate family/component reference only. Verify visible variant, operator, era and configuration. This is a source record, not a claim about the load-order winner."
3758320372:aircraft/iaf_f-16c-barakII,iaf_f-16c-barakII,F-16C Barak II,Aircraft & helicopters,aircraft,Aircraft,,,F-16C Fighting Falcon (by ZeroTwo),mods-source/3758320372/aircraft/iaf_f-16c-barakII.ini,"[""3758320372""]",,,,photo_gap,,pending,"Candidate family/component reference only. Verify visible variant, operator, era and configuration. This is a source record, not a claim about the load-order winner."
3758320372:ammunition/cft_f-16,cft_f-16,cft_f-16,Weapons & ammunition,ammunition,,,,F-16C Fighting Falcon (by ZeroTwo),mods-source/3758320372/ammunition/cft_f-16.ini,"[""3758320372""]",,,,photo_gap,,pending,"Candidate family/component reference only. Verify visible variant, operator, era and configuration. This is a source record, not a claim about the load-order winner."
3758320372:ammunition/f16_agm-158b-2,f16_agm-158b-2,f16_agm-158b-2,Weapons & ammunition,ammunition,,,,F-16C Fighting Falcon (by ZeroTwo),mods-source/3758320372/ammunition/f16_agm-158b-2.ini,"[""3758320372""]",,,,photo_gap,,pending,"Candidate family/component reference only. Verify visible variant, operator, era and configuration. This is a source record, not a claim about the load-order winner."
3758320372:ammunition/f16_gbu-39,f16_gbu-39,f16_gbu-39,Weapons & ammunition,ammunition,,,,F-16C Fighting Falcon (by ZeroTwo),mods-source/3758320372/ammunition/f16_gbu-39.ini,"[""3758320372""]",,,,photo_gap,,pending,"Candidate family/component reference only. Verify visible variant, operator, era and configuration. This is a source record, not a claim about the load-order winner."
3758320372:ammunition/f16_gbu-39_quad,f16_gbu-39_quad,f16_gbu-39_quad,Weapons & ammunition,ammunition,,,,F-16C Fighting Falcon (by ZeroTwo),mods-source/3758320372/ammunition/f16_gbu-39_quad.ini,"[""3758320372""]",,,,photo_gap,,pending,"Candidate family/component reference only. Verify visible variant, operator, era and configuration. This is a source record, not a claim about the load-order winner."
3758320372:ammunition/iai_ell-8222,iai_ell-8222,iai_ell-8222,Weapons & ammunition,ammunition,,,,F-16C Fighting Falcon (by ZeroTwo),mods-source/3758320372/ammunition/iai_ell-8222.ini,"[""3758320372""]",,,,photo_gap,,pending,"Candidate family/component reference only. Verify visible variant, operator, era and configuration. This is a source record, not a claim about the load-order winner."
3758320372:ammunition/tuaf_som-j,tuaf_som-j,tuaf_som-j,Weapons & ammunition,ammunition,,,,F-16C Fighting Falcon (by ZeroTwo),mods-source/3758320372/ammunition/tuaf_som-j.ini,"[""3758320372""]",,,,photo_gap,,pending,"Candidate family/component reference only. Verify visible variant, operator, era and configuration. This is a source record, not a claim about the load-order winner."
3758320372:ammunition/usaf_alq-131,usaf_alq-131,usaf_alq-131,Weapons & ammunition,ammunition,,,,F-16C Fighting Falcon (by ZeroTwo),mods-source/3758320372/ammunition/usaf_alq-131.ini,"[""3758320372""]",,,,photo_gap,,pending,"Candidate family/component reference only. Verify visible variant, operator, era and configuration. This is a source record, not a claim about the load-order winner."
3758320372:ammunition/usaf_alq-184,usaf_alq-184,usaf_alq-184,Weapons & ammunition,ammunition,,,,F-16C Fighting Falcon (by ZeroTwo),mods-source/3758320372/ammunition/usaf_alq-184.ini,"[""3758320372""]",,,,photo_gap,,pending,"Candidate family/component reference only. Verify visible variant, operator, era and configuration. This is a source record, not a claim about the load-order winner."
3758320372:ammunition/usaf_anasq-213,usaf_anasq-213,usaf_anasq-213,Weapons & ammunition,ammunition,,,,F-16C Fighting Falcon (by ZeroTwo),mods-source/3758320372/ammunition/usaf_anasq-213.ini,"[""3758320372""]",,,,photo_gap,,pending,"Candidate family/component reference only. Verify visible variant, operator, era and configuration. This is a source record, not a claim about the load-order winner."
3758320372:ammunition/usaf_cft_f16,usaf_cft_f16,usaf_cft_f16,Weapons & ammunition,ammunition,,,,F-16C Fighting Falcon (by ZeroTwo),mods-source/3758320372/ammunition/usaf_cft_f16.ini,"[""3758320372""]",,,,photo_gap,,pending,"Candidate family/component reference only. Verify visible variant, operator, era and configuration. This is a source record, not a claim about the load-order winner."
3758320372:ammunition/usaf_tank_300_f16,usaf_tank_300_f16,usaf_tank_300_f16,Weapons & ammunition,ammunition,,,,F-16C Fighting Falcon (by ZeroTwo),mods-source/3758320372/ammunition/usaf_tank_300_f16.ini,"[""3758320372""]",,,,photo_gap,,pending,"Candidate family/component reference only. Verify visible variant, operator, era and configuration. This is a source record, not a claim about the load-order winner."
3758320372:ammunition/usaf_tank_370_f16,usaf_tank_370_f16,usaf_tank_370_f16,Weapons & ammunition,ammunition,,,,F-16C Fighting Falcon (by ZeroTwo),mods-source/3758320372/ammunition/usaf_tank_370_f16.ini,"[""3758320372""]",,,,photo_gap,,pending,"Candidate family/component reference only. Verify visible variant, operator, era and configuration. This is a source record, not a claim about the load-order winner."
3758320372:ammunition/usaf_tank_600_f16,usaf_tank_600_f16,usaf_tank_600_f16,Weapons & ammunition,ammunition,,,,F-16C Fighting Falcon (by ZeroTwo),mods-source/3758320372/ammunition/usaf_tank_600_f16.ini,"[""3758320372""]",,,,photo_gap,,pending,"Candidate family/component reference only. Verify visible variant, operator, era and configuration. This is a source record, not a claim about the load-order winner."
3758943352:ammunition/Fs,Fs,Fs,Weapons & ammunition,ammunition,,,,French Air Force,mods-source/3758943352/ammunition/Fs.ini,"[""3758943352""]",,,,photo_gap,,pending,"Candidate family/component reference only. Verify visible variant, operator, era and configuration. This is a source record, not a claim about the load-order winner."
3758943352:ammunition/Fs2,Fs2,Fs2,Weapons & ammunition,ammunition,,,,French Air Force,mods-source/3758943352/ammunition/Fs2.ini,"[""3758943352""]",,,,photo_gap,,pending,"Candidate family/component reference only. Verify visible variant, operator, era and configuration. This is a source record, not a claim about the load-order winner."
3758943352:ammunition/Para,Para,Para,Weapons & ammunition,ammunition,,,,French Air Force,mods-source/3758943352/ammunition/Para.ini,"[""3758943352""]",,,,photo_gap,,pending,"Candidate family/component reference only. Verify visible variant, operator, era and configuration. This is a source record, not a claim about the load-order winner."
3758943352:ammunition/Supply,Supply,Supply,Weapons & ammunition,ammunition,,,,French Air Force,mods-source/3758943352/ammunition/Supply.ini,"[""3758943352""]",,,,photo_gap,,pending,"Candidate family/component reference only. Verify visible variant, operator, era and configuration. This is a source record, not a claim about the load-order winner."
3758943352:ammunition/Vehicle,Vehicle,Vehicle,Weapons & ammunition,ammunition,,,,French Air Force,mods-source/3758943352/ammunition/Vehicle.ini,"[""3758943352""]",,,,photo_gap,,pending,"Candidate family/component reference only. Verify visible variant, operator, era and configuration. This is a source record, not a claim about the load-order winner."
3758943352:ammunition/fr_am-39_B2,fr_am-39_B2,fr_am-39_B2,Weapons & ammunition,ammunition,,,,French Air Force,mods-source/3758943352/ammunition/fr_am-39_B2.ini,"[""3758943352""]",,,,photo_gap,,pending,"Candidate family/component reference only. Verify visible variant, operator, era and configuration. This is a source record, not a claim about the load-order winner."
3758943352:ammunition/fr_as-30l,fr_as-30l,fr_as-30l,Weapons & ammunition,ammunition,,,,French Air Force,mods-source/3758943352/ammunition/fr_as-30l.ini,"[""3758943352""]",,,,photo_gap,,pending,"Candidate family/component reference only. Verify visible variant, operator, era and configuration. This is a source record, not a claim about the load-order winner."
3758943352:ammunition/fr_cal_30mm,fr_cal_30mm,fr_cal_30mm,Weapons & ammunition,ammunition,,,,French Air Force,mods-source/3758943352/ammunition/fr_cal_30mm.ini,"[""3758943352""]",,,,photo_gap,,pending,"Candidate family/component reference only. Verify visible variant, operator, era and configuration. This is a source record, not a claim about the load-order winner."
3758943352:ammunition/fr_damoncles,fr_damoncles,fr_damoncles,Weapons & ammunition,ammunition,,,,French Air Force,mods-source/3758943352/ammunition/fr_damoncles.ini,"[""3758943352""]",,,,photo_gap,,pending,"Candidate family/component reference only. Verify visible variant, operator, era and configuration. This is a source record, not a claim about the load-order winner."
3758943352:ammunition/fr_gun_pod,fr_gun_pod,fr_gun_pod,Weapons & ammunition,ammunition,,,,French Air Force,mods-source/3758943352/ammunition/fr_gun_pod.ini,"[""3758943352""]",,,,photo_gap,,pending,"Candidate family/component reference only. Verify visible variant, operator, era and configuration. This is a source record, not a claim about the load-order winner."
3758943352:ammunition/fr_gun_pod_central,fr_gun_pod_central,fr_gun_pod_central,Weapons & ammunition,ammunition,,,,French Air Force,mods-source/3758943352/ammunition/fr_gun_pod_central.ini,"[""3758943352""]",,,,photo_gap,,pending,"Candidate family/component reference only. Verify visible variant, operator, era and configuration. This is a source record, not a claim about the load-order winner."
3758943352:ammunition/fr_m2k_tank_1200,fr_m2k_tank_1200,fr_m2k_tank_1200,Weapons & ammunition,ammunition,,,,French Air Force,mods-source/3758943352/ammunition/fr_m2k_tank_1200.ini,"[""3758943352""]",,,,photo_gap,,pending,"Candidate family/component reference only. Verify visible variant, operator, era and configuration. This is a source record, not a claim about the load-order winner."
3758943352:ammunition/fr_m2k_tank_1200_camo,fr_m2k_tank_1200_camo,fr_m2k_tank_1200_camo,Weapons & ammunition,ammunition,,,,French Air Force,mods-source/3758943352/ammunition/fr_m2k_tank_1200_camo.ini,"[""3758943352""]",,,,photo_gap,,pending,"Candidate family/component reference only. Verify visible variant, operator, era and configuration. This is a source record, not a claim about the load-order winner."
3758943352:ammunition/fr_m2k_tank_1700,fr_m2k_tank_1700,fr_m2k_tank_1700,Weapons & ammunition,ammunition,,,,French Air Force,mods-source/3758943352/ammunition/fr_m2k_tank_1700.ini,"[""3758943352""]",,,,photo_gap,,pending,"Candidate family/component reference only. Verify visible variant, operator, era and configuration. This is a source record, not a claim about the load-order winner."
3758943352:ammunition/fr_m2k_tank_1700_camo,fr_m2k_tank_1700_camo,fr_m2k_tank_1700_camo,Weapons & ammunition,ammunition,,,,French Air Force,mods-source/3758943352/ammunition/fr_m2k_tank_1700_camo.ini,"[""3758943352""]",,,,photo_gap,,pending,"Candidate family/component reference only. Verify visible variant, operator, era and configuration. This is a source record, not a claim about the load-order winner."
3758943352:ammunition/fr_pgm2000_tv,fr_pgm2000_tv,fr_pgm2000_tv,Weapons & ammunition,ammunition,,,,French Air Force,mods-source/3758943352/ammunition/fr_pgm2000_tv.ini,"[""3758943352""]",,,,photo_gap,,pending,"Candidate family/component reference only. Verify visible variant, operator, era and configuration. This is a source record, not a claim about the load-order winner."
3758943352:ammunition/fr_pgm500_tv,fr_pgm500_tv,fr_pgm500_tv,Weapons & ammunition,ammunition,,,,French Air Force,mods-source/3758943352/ammunition/fr_pgm500_tv.ini,"[""3758943352""]",,,,photo_gap,,pending,"Candidate family/component reference only. Verify visible variant, operator, era and configuration. This is a source record, not a claim about the load-order winner."
3758943352:ammunition/fr_r550-2,fr_r550-2,fr_r550-2,Weapons & ammunition,ammunition,,,,French Air Force,mods-source/3758943352/ammunition/fr_r550-2.ini,"[""3758943352""]",,,,photo_gap,,pending,"Candidate family/component reference only. Verify visible variant, operator, era and configuration. This is a source record, not a claim about the load-order winner."
3758943352:ammunition/fr_radio_guide_pod,fr_radio_guide_pod,fr_radio_guide_pod,Weapons & ammunition,ammunition,,,,French Air Force,mods-source/3758943352/ammunition/fr_radio_guide_pod.ini,"[""3758943352""]",,,,photo_gap,,pending,"Candidate family/component reference only. Verify visible variant, operator, era and configuration. This is a source record, not a claim about the load-order winner."
3758943352:ammunition/fr_sbu-38,fr_sbu-38,fr_sbu-38,Weapons & ammunition,ammunition,,,,French Air Force,mods-source/3758943352/ammunition/fr_sbu-38.ini,"[""3758943352""]",,,,photo_gap,,pending,"Candidate family/component reference only. Verify visible variant, operator, era and configuration. This is a source record, not a claim about the load-order winner."
3758943352:ammunition/fr_sbu-54,fr_sbu-54,fr_sbu-54,Weapons & ammunition,ammunition,,,,French Air Force,mods-source/3758943352/ammunition/fr_sbu-54.ini,"[""3758943352""]",,,,photo_gap,,pending,"Candidate family/component reference only. Verify visible variant, operator, era and configuration. This is a source record, not a claim about the load-order winner."
3758943352:ammunition/fr_sbu-64,fr_sbu-64,fr_sbu-64,Weapons & ammunition,ammunition,,,,French Air Force,mods-source/3758943352/ammunition/fr_sbu-64.ini,"[""3758943352""]",,,,photo_gap,,pending,"Candidate family/component reference only. Verify visible variant, operator, era and configuration. This is a source record, not a claim about the load-order winner."
3758943352:ammunition/fr_talios,fr_talios,fr_talios,Weapons & ammunition,ammunition,,,,French Air Force,mods-source/3758943352/ammunition/fr_talios.ini,"[""3758943352""]",,,,photo_gap,,pending,"Candidate family/component reference only. Verify visible variant, operator, era and configuration. This is a source record, not a claim about the load-order winner."
3758943352:ammunition/fr_tank_1200,fr_tank_1200,fr_tank_1200,Weapons & ammunition,ammunition,,,,French Air Force,mods-source/3758943352/ammunition/fr_tank_1200.ini,"[""3758943352""]",,,,photo_gap,,pending,"Candidate family/component reference only. Verify visible variant, operator, era and configuration. This is a source record, not a claim about the load-order winner."
3758943352:ammunition/fr_tv-ct_cldp,fr_tv-ct_cldp,fr_tv-ct_cldp,Weapons & ammunition,ammunition,,,,French Air Force,mods-source/3758943352/ammunition/fr_tv-ct_cldp.ini,"[""3758943352""]",,,,photo_gap,,pending,"Candidate family/component reference only. Verify visible variant, operator, era and configuration. This is a source record, not a claim about the load-order winner."
3758943352:ammunition/iaf_agm-142_tv,iaf_agm-142_tv,iaf_agm-142_tv,Weapons & ammunition,ammunition,,,,French Air Force,mods-source/3758943352/ammunition/iaf_agm-142_tv.ini,"[""3758943352""]",,,,photo_gap,,pending,"Candidate family/component reference only. Verify visible variant, operator, era and configuration. This is a source record, not a claim about the load-order winner."
3758943352:ammunition/iaf_radio_guide_pod,iaf_radio_guide_pod,iaf_radio_guide_pod,Weapons & ammunition,ammunition,,,,French Air Force,mods-source/3758943352/ammunition/iaf_radio_guide_pod.ini,"[""3758943352""]",,,,photo_gap,,pending,"Candidate family/component reference only. Verify visible variant, operator, era and configuration. This is a source record, not a claim about the load-order winner."
3758943352:ammunition/nato_paratrooper,nato_paratrooper,nato_paratrooper,Weapons & ammunition,ammunition,,,,French Air Force,mods-source/3758943352/ammunition/nato_paratrooper.ini,"[""3758943352""]",,,,photo_gap,,pending,"Candidate family/component reference only. Verify visible variant, operator, era and configuration. This is a source record, not a claim about the load-order winner."
3758943352:ammunition/nato_paratrooper2,nato_paratrooper2,nato_paratrooper2,Weapons & ammunition,ammunition,,,,French Air Force,mods-source/3758943352/ammunition/nato_paratrooper2.ini,"[""3758943352""]",,,,photo_gap,,pending,"Candidate family/component reference only. Verify visible variant, operator, era and configuration. This is a source record, not a claim about the load-order winner."
3758943352:ammunition/uae_shehab,uae_shehab,uae_shehab,Weapons & ammunition,ammunition,,,,French Air Force,mods-source/3758943352/ammunition/uae_shehab.ini,"[""3758943352""]",,,,photo_gap,,pending,"Candidate family/component reference only. Verify visible variant, operator, era and configuration. This is a source record, not a claim about the load-order winner."
3758943352:ammunition/uav_mq-9_pod,uav_mq-9_pod,uav_mq-9_pod,Weapons & ammunition,ammunition,,,,French Air Force,mods-source/3758943352/ammunition/uav_mq-9_pod.ini,"[""3758943352""]",,,,photo_gap,,pending,"Candidate family/component reference only. Verify visible variant, operator, era and configuration. This is a source record, not a claim about the load-order winner."
3758943352:ammunition/uav_tank_mq-9,uav_tank_mq-9,uav_tank_mq-9,Weapons & ammunition,ammunition,,,,French Air Force,mods-source/3758943352/ammunition/uav_tank_mq-9.ini,"[""3758943352""]",,,,photo_gap,,pending,"Candidate family/component reference only. Verify visible variant, operator, era and configuration. This is a source record, not a claim about the load-order winner."
3760871384:ammunition/dts_agm-158b-2,dts_agm-158b-2,dts_agm-158b-2,Weapons & ammunition,ammunition,,,,Dingtools Weapon Pack,mods-source/3760871384/ammunition/dts_agm-158b-2.ini,"[""3760871384""]",,,,photo_gap,,pending,"Candidate family/component reference only. Verify visible variant, operator, era and configuration. This is a source record, not a claim about the load-order winner."
3760871384:ammunition/dts_aim-260,dts_aim-260,dts_aim-260,Weapons & ammunition,ammunition,,,,Dingtools Weapon Pack,mods-source/3760871384/ammunition/dts_aim-260.ini,"[""3760871384""]",,,,photo_gap,,pending,"Candidate family/component reference only. Verify visible variant, operator, era and configuration. This is a source record, not a claim about the load-order winner."
3760871384:ammunition/dts_aim-260_w,dts_aim-260_w,dts_aim-260_w,Weapons & ammunition,ammunition,,,,Dingtools Weapon Pack,mods-source/3760871384/ammunition/dts_aim-260_w.ini,"[""3760871384""]",#!alias ammunition/dts_aim-260.ini,,,photo_gap,,pending,"Candidate family/component reference only. Verify visible variant, operator, era and configuration. This is a source record, not a claim about the load-order winner."
3760871384:ammunition/dts_apkws-ii,dts_apkws-ii,dts_apkws-ii,Weapons & ammunition,ammunition,,,,Dingtools Weapon Pack,mods-source/3760871384/ammunition/dts_apkws-ii.ini,"[""3760871384""]",,,,photo_gap,,pending,"Candidate family/component reference only. Verify visible variant, operator, era and configuration. This is a source record, not a claim about the load-order winner."
3760871384:ammunition/dts_b-61,dts_b-61,dts_b-61,Weapons & ammunition,ammunition,,,,Dingtools Weapon Pack,mods-source/3760871384/ammunition/dts_b-61.ini,"[""3760871384""]",,,,photo_gap,,pending,"Candidate family/component reference only. Verify visible variant, operator, era and configuration. This is a source record, not a claim about the load-order winner."
3760871384:ammunition/dts_gbu-39,dts_gbu-39,dts_gbu-39,Weapons & ammunition,ammunition,,,,Dingtools Weapon Pack,mods-source/3760871384/ammunition/dts_gbu-39.ini,"[""3760871384""]",,,,photo_gap,,pending,"Candidate family/component reference only. Verify visible variant, operator, era and configuration. This is a source record, not a claim about the load-order winner."
3760871384:ammunition/dts_gbu-39_quad,dts_gbu-39_quad,dts_gbu-39_quad,Weapons & ammunition,ammunition,,,,Dingtools Weapon Pack,mods-source/3760871384/ammunition/dts_gbu-39_quad.ini,"[""3760871384""]",,,,photo_gap,,pending,"Candidate family/component reference only. Verify visible variant, operator, era and configuration. This is a source record, not a claim about the load-order winner."
3760871384:ammunition/dts_gbu-75,dts_gbu-75,dts_gbu-75,Weapons & ammunition,ammunition,,,,Dingtools Weapon Pack,mods-source/3760871384/ammunition/dts_gbu-75.ini,"[""3760871384""]",,,,photo_gap,,pending,"Candidate family/component reference only. Verify visible variant, operator, era and configuration. This is a source record, not a claim about the load-order winner."
3760871384:ammunition/dts_lau-68_apkws-ii,dts_lau-68_apkws-ii,dts_lau-68_apkws-ii,Weapons & ammunition,ammunition,,,,Dingtools Weapon Pack,mods-source/3760871384/ammunition/dts_lau-68_apkws-ii.ini,"[""3760871384""]",,,,photo_gap,,pending,"Candidate family/component reference only. Verify visible variant, operator, era and configuration. This is a source record, not a claim about the load-order winner."
3762023575:ammunition/wp_as-26a,wp_as-26a,wp_as-26a,Weapons & ammunition,ammunition,,,,Su-30SM2,mods-source/3762023575/ammunition/wp_as-26a.ini,"[""3762023575""]",,,,photo_gap,,pending,"Candidate family/component reference only. Verify visible variant, operator, era and configuration. This is a source record, not a claim about the load-order winner."
3762023575:ammunition/wp_rn-40,wp_rn-40,wp_rn-40,Weapons & ammunition,ammunition,,,,Su-30SM2,mods-source/3762023575/ammunition/wp_rn-40.ini,"[""3762023575""]",,,,photo_gap,,pending,"Candidate family/component reference only. Verify visible variant, operator, era and configuration. This is a source record, not a claim about the load-order winner."
3766210676:vessels/usn_asv_saronic_corsair,usn_asv_saronic_corsair,Saronic Corsair ASV,Ships,vessels,Vessel,,,Saronic Corsair ASV,mods-source/3766210676/vessels/usn_asv_saronic_corsair.ini,"[""3766210676""]",,,,photo_gap,,pending,"Candidate family/component reference only. Verify visible variant, operator, era and configuration. This is a source record, not a claim about the load-order winner."
3766210676:vessels/usn_asv_saronic_corsair_decoy,usn_asv_saronic_corsair_decoy,Saronic Corsair Decoy ASV,Ships,vessels,Vessel,,,Saronic Corsair ASV,mods-source/3766210676/vessels/usn_asv_saronic_corsair_decoy.ini,"[""3766210676""]",,,,photo_gap,,pending,"Candidate family/component reference only. Verify visible variant, operator, era and configuration. This is a source record, not a claim about the load-order winner."
3766210676:vessels/usn_asv_saronic_corsair_gun,usn_asv_saronic_corsair_gun,Saronic Corsair Gun ASV,Ships,vessels,Vessel,,,Saronic Corsair ASV,mods-source/3766210676/vessels/usn_asv_saronic_corsair_gun.ini,"[""3766210676""]",,,,photo_gap,,pending,"Candidate family/component reference only. Verify visible variant, operator, era and configuration. This is a source record, not a claim about the load-order winner."
3766210676:vessels/usn_asv_saronic_corsair_max,usn_asv_saronic_corsair_max,Saronic Corsair MAX ASV,Ships,vessels,Vessel,,,Saronic Corsair ASV,mods-source/3766210676/vessels/usn_asv_saronic_corsair_max.ini,"[""3766210676""]",,,,photo_gap,,pending,"Candidate family/component reference only. Verify visible variant, operator, era and configuration. This is a source record, not a claim about the load-order winner."
3766210676:vessels/usn_asv_saronic_corsair_missile,usn_asv_saronic_corsair_missile,Saronic Corsair Missile ASV,Ships,vessels,Vessel,,,Saronic Corsair ASV,mods-source/3766210676/vessels/usn_asv_saronic_corsair_missile.ini,"[""3766210676""]",,,,photo_gap,,pending,"Candidate family/component reference only. Verify visible variant, operator, era and configuration. This is a source record, not a claim about the load-order winner."
3766210676:vessels/usn_asv_saronic_corsair_scout,usn_asv_saronic_corsair_scout,Saronic Corsair Scout ASV,Ships,vessels,Vessel,,,Saronic Corsair ASV,mods-source/3766210676/vessels/usn_asv_saronic_corsair_scout.ini,"[""3766210676""]",,,,photo_gap,,pending,"Candidate family/component reference only. Verify visible variant, operator, era and configuration. This is a source record, not a claim about the load-order winner."
3766210676:vessels/usn_asv_saronic_corsair_torpedo,usn_asv_saronic_corsair_torpedo,Saronic Corsair Torpedo ASV,Ships,vessels,Vessel,,,Saronic Corsair ASV,mods-source/3766210676/vessels/usn_asv_saronic_corsair_torpedo.ini,"[""3766210676""]",,,,photo_gap,,pending,"Candidate family/component reference only. Verify visible variant, operator, era and configuration. This is a source record, not a claim about the load-order winner."
3766210676:ammunition/usn_corsair_agm-114l,usn_corsair_agm-114l,usn_corsair_agm-114l,Weapons & ammunition,ammunition,,,,Saronic Corsair ASV,mods-source/3766210676/ammunition/usn_corsair_agm-114l.ini,"[""3766210676""]",,,,photo_gap,,pending,"Candidate family/component reference only. Verify visible variant, operator, era and configuration. This is a source record, not a claim about the load-order winner."
3766210676:ammunition/usn_corsair_contact_charge,usn_corsair_contact_charge,usn_corsair_contact_charge,Weapons & ammunition,ammunition,,,,Saronic Corsair ASV,mods-source/3766210676/ammunition/usn_corsair_contact_charge.ini,"[""3766210676""]",,,,photo_gap,,pending,"Candidate family/component reference only. Verify visible variant, operator, era and configuration. This is a source record, not a claim about the load-order winner."
3769142422:ammunition/j16_cal_30mm,j16_cal_30mm,j16_cal_30mm,Weapons & ammunition,ammunition,,,,Rebuilt J-16 / J-16D,mods-source/3769142422/ammunition/j16_cal_30mm.ini,"[""3769142422""]",,,,photo_gap,,pending,"Candidate family/component reference only. Verify visible variant, operator, era and configuration. This is a source record, not a claim about the load-order winner."
3769142422:ammunition/j16_ls-6_250,j16_ls-6_250,j16_ls-6_250,Weapons & ammunition,ammunition,,,,Rebuilt J-16 / J-16D,mods-source/3769142422/ammunition/j16_ls-6_250.ini,"[""3769142422""]",,,,photo_gap,,pending,"Candidate family/component reference only. Verify visible variant, operator, era and configuration. This is a source record, not a claim about the load-order winner."
3769142422:ammunition/plaaf_j16_ld-8a,plaaf_j16_ld-8a,plaaf_j16_ld-8a,Weapons & ammunition,ammunition,,,,Rebuilt J-16 / J-16D,mods-source/3769142422/ammunition/plaaf_j16_ld-8a.ini,"[""3769142422""]",,,,photo_gap,,pending,"Candidate family/component reference only. Verify visible variant, operator, era and configuration. This is a source record, not a claim about the load-order winner."
3769142422:ammunition/plaaf_j16_pl-10,plaaf_j16_pl-10,plaaf_j16_pl-10,Weapons & ammunition,ammunition,,,,Rebuilt J-16 / J-16D,mods-source/3769142422/ammunition/plaaf_j16_pl-10.ini,"[""3769142422""]",,,,photo_gap,,pending,"Candidate family/component reference only. Verify visible variant, operator, era and configuration. This is a source record, not a claim about the load-order winner."
3769142422:ammunition/plaaf_j16_pl-17,plaaf_j16_pl-17,plaaf_j16_pl-17,Weapons & ammunition,ammunition,,,,Rebuilt J-16 / J-16D,mods-source/3769142422/ammunition/plaaf_j16_pl-17.ini,"[""3769142422""]",,,,photo_gap,,pending,"Candidate family/component reference only. Verify visible variant, operator, era and configuration. This is a source record, not a claim about the load-order winner."
3769142422:ammunition/plaaf_j16_yings-iii,plaaf_j16_yings-iii,plaaf_j16_yings-iii,Weapons & ammunition,ammunition,,,,Rebuilt J-16 / J-16D,mods-source/3769142422/ammunition/plaaf_j16_yings-iii.ini,"[""3769142422""]",,,,photo_gap,,pending,"Candidate family/component reference only. Verify visible variant, operator, era and configuration. This is a source record, not a claim about the load-order winner."
3769142422:ammunition/plaaf_j16_yj-80,plaaf_j16_yj-80,plaaf_j16_yj-80,Weapons & ammunition,ammunition,,,,Rebuilt J-16 / J-16D,mods-source/3769142422/ammunition/plaaf_j16_yj-80.ini,"[""3769142422""]",,,,photo_gap,,pending,"Candidate family/component reference only. Verify visible variant, operator, era and configuration. This is a source record, not a claim about the load-order winner."
3769142422:ammunition/plaaf_j16_yj-91,plaaf_j16_yj-91,plaaf_j16_yj-91,Weapons & ammunition,ammunition,,,,Rebuilt J-16 / J-16D,mods-source/3769142422/ammunition/plaaf_j16_yj-91.ini,"[""3769142422""]",,,,photo_gap,,pending,"Candidate family/component reference only. Verify visible variant, operator, era and configuration. This is a source record, not a claim about the load-order winner."
3774572038:vessels/plan_lpd_type_071,plan_lpd_type_071,Type 071 Amphibious Transport Dock,Ships,vessels,Vessel,,,PLAN Type 071 LPD,mods-source/3774572038/vessels/plan_lpd_type_071.ini,"[""3774572038""]",,,,photo_gap,,pending,"Candidate family/component reference only. Verify visible variant, operator, era and configuration. This is a source record, not a claim about the load-order winner."
3774572038:ammunition/071_726_4_chaff,071_726_4_chaff,071_726_4_chaff,Weapons & ammunition,ammunition,,,,PLAN Type 071 LPD,mods-source/3774572038/ammunition/071_726_4_chaff.ini,"[""3774572038""]",,,,photo_gap,,pending,"Candidate family/component reference only. Verify visible variant, operator, era and configuration. This is a source record, not a claim about the load-order winner."
3774746803:aircraft/pla_z21,pla_z21,Z-21,Aircraft & helicopters,aircraft,Helicopter,,,PLA Z-21,mods-source/3774746803/aircraft/pla_z21.ini,"[""3774746803""]",,,,photo_gap,,pending,"Candidate family/component reference only. Verify visible variant, operator, era and configuration. This is a source record, not a claim about the load-order winner."
3774746803:ammunition/pla_akd-10-z21,pla_akd-10-z21,pla_akd-10-z21,Weapons & ammunition,ammunition,,,,PLA Z-21,mods-source/3774746803/ammunition/pla_akd-10-z21.ini,"[""3774746803""]",,,,photo_gap,,pending,"Candidate family/component reference only. Verify visible variant, operator, era and configuration. This is a source record, not a claim about the load-order winner."
3774746803:ammunition/pla_akk-90a-z21,pla_akk-90a-z21,pla_akk-90a-z21,Weapons & ammunition,ammunition,,,,PLA Z-21,mods-source/3774746803/ammunition/pla_akk-90a-z21.ini,"[""3774746803""]",,,,photo_gap,,pending,"Candidate family/component reference only. Verify visible variant, operator, era and configuration. This is a source record, not a claim about the load-order winner."
3774746803:ammunition/pla_hj-10a_air_z21,pla_hj-10a_air_z21,pla_hj-10a_air_z21,Weapons & ammunition,ammunition,,,,PLA Z-21,mods-source/3774746803/ammunition/pla_hj-10a_air_z21.ini,"[""3774746803""]",,,,photo_gap,,pending,"Candidate family/component reference only. Verify visible variant, operator, era and configuration. This is a source record, not a claim about the load-order winner."
3774746803:ammunition/z21_type-70_launcher,z21_type-70_launcher,z21_type-70_launcher,Weapons & ammunition,ammunition,,,,PLA Z-21,mods-source/3774746803/ammunition/z21_type-70_launcher.ini,"[""3774746803""]",,,,photo_gap,,pending,"Candidate family/component reference only. Verify visible variant, operator, era and configuration. This is a source record, not a claim about the load-order winner."
3774746803:ammunition/z21_type-70_rocket,z21_type-70_rocket,z21_type-70_rocket,Weapons & ammunition,ammunition,,,,PLA Z-21,mods-source/3774746803/ammunition/z21_type-70_rocket.ini,"[""3774746803""]",,,,photo_gap,,pending,"Candidate family/component reference only. Verify visible variant, operator, era and configuration. This is a source record, not a claim about the load-order winner."
3774859959:vessels/plan_type_001,plan_type_001,CV-16 Liaoning,Ships,vessels,Vessel,,,PLAN Type 001 Aircraft Carrier Liaoning,mods-source/3774859959/vessels/plan_type_001.ini,"[""3774859959""]",,,,photo_gap,,pending,"Candidate family/component reference only. Verify visible variant, operator, era and configuration. This is a source record, not a claim about the load-order winner."
3774859959:ammunition/plan_726_4_chaff,plan_726_4_chaff,plan_726_4_chaff,Weapons & ammunition,ammunition,,,,PLAN Type 001 Aircraft Carrier Liaoning,mods-source/3774859959/ammunition/plan_726_4_chaff.ini,"[""3774859959""]",,,,photo_gap,,pending,"Candidate family/component reference only. Verify visible variant, operator, era and configuration. This is a source record, not a claim about the load-order winner."
3774859959:ammunition/plan_cal_30mm,plan_cal_30mm,plan_cal_30mm,Weapons & ammunition,ammunition,,,,PLAN Type 001 Aircraft Carrier Liaoning,mods-source/3774859959/ammunition/plan_cal_30mm.ini,"[""3774859959""]",,,,photo_gap,,pending,"Candidate family/component reference only. Verify visible variant, operator, era and configuration. This is a source record, not a claim about the load-order winner."
3774859959:ammunition/plan_hq-10,plan_hq-10,plan_hq-10,Weapons & ammunition,ammunition,,,,PLAN Type 001 Aircraft Carrier Liaoning,mods-source/3774859959/ammunition/plan_hq-10.ini,"[""3774859959""]",,,,photo_gap,,pending,"Candidate family/component reference only. Verify visible variant, operator, era and configuration. This is a source record, not a claim about the load-order winner."
3775128499:aircraft/plan_z-8j,plan_z-8j,Z-8J,Aircraft & helicopters,aircraft,Helicopter,,,PLAN Pack,mods-source/3775128499/aircraft/plan_z-8j.ini,"[""3775128499""]",,,,photo_gap,,pending,"Candidate family/component reference only. Verify visible variant, operator, era and configuration. This is a source record, not a claim about the load-order winner."
3775128499:vessels/plan_ss_type_039a,plan_ss_type_039a,Type 039A,Submarines,vessels,Submarine,,,PLAN Pack,mods-source/3775128499/vessels/plan_ss_type_039a.ini,"[""3775128499""]",,,,photo_gap,,pending,"Candidate family/component reference only. Verify visible variant, operator, era and configuration. This is a source record, not a claim about the load-order winner."
3775128499:vessels/plan_ss_type_039b,plan_ss_type_039b,Type 039B,Submarines,vessels,Submarine,,,PLAN Pack,mods-source/3775128499/vessels/plan_ss_type_039b.ini,"[""3775128499""]",,,,photo_gap,,pending,"Candidate family/component reference only. Verify visible variant, operator, era and configuration. This is a source record, not a claim about the load-order winner."
3775128499:vessels/plan_type_052d_p1,plan_type_052d_p1,Type 052D Phase 1,Ships,vessels,Vessel,,,PLAN Pack,mods-source/3775128499/vessels/plan_type_052d_p1.ini,"[""3775128499""]",,,,photo_gap,,pending,"Candidate family/component reference only. Verify visible variant, operator, era and configuration. This is a source record, not a claim about the load-order winner."
3775128499:vessels/plan_type_052d_p2_1,plan_type_052d_p2_1,Type 052D Phase 2,Ships,vessels,Vessel,,,PLAN Pack,mods-source/3775128499/vessels/plan_type_052d_p2_1.ini,"[""3775128499""]",,,,photo_gap,,pending,"Candidate family/component reference only. Verify visible variant, operator, era and configuration. This is a source record, not a claim about the load-order winner."
3775128499:vessels/plan_type_052d_p2_2,plan_type_052d_p2_2,Type 052D Phase 2 (mod),Ships,vessels,Vessel,,,PLAN Pack,mods-source/3775128499/vessels/plan_type_052d_p2_2.ini,"[""3775128499""]",,,,photo_gap,,pending,"Candidate family/component reference only. Verify visible variant, operator, era and configuration. This is a source record, not a claim about the load-order winner."
3775128499:vessels/plan_type_052d_p3,plan_type_052d_p3,Type 052D Phase 3,Ships,vessels,Vessel,,,PLAN Pack,mods-source/3775128499/vessels/plan_type_052d_p3.ini,"[""3775128499""]",,,,photo_gap,,pending,"Candidate family/component reference only. Verify visible variant, operator, era and configuration. This is a source record, not a claim about the load-order winner."
3775128499:vessels/plan_type_052d_p4,plan_type_052d_p4,Type 052D Phase 4,Ships,vessels,Vessel,,,PLAN Pack,mods-source/3775128499/vessels/plan_type_052d_p4.ini,"[""3775128499""]",,,,photo_gap,,pending,"Candidate family/component reference only. Verify visible variant, operator, era and configuration. This is a source record, not a claim about the load-order winner."
3775128499:vessels/plan_type_054_p1,plan_type_054_p1,Type 054,Ships,vessels,Vessel,,,PLAN Pack,mods-source/3775128499/vessels/plan_type_054_p1.ini,"[""3775128499""]",,,,photo_gap,,pending,"Candidate family/component reference only. Verify visible variant, operator, era and configuration. This is a source record, not a claim about the load-order winner."
3775128499:vessels/plan_type_054_p2,plan_type_054_p2,Type 054,Ships,vessels,Vessel,,,PLAN Pack,mods-source/3775128499/vessels/plan_type_054_p2.ini,"[""3775128499""]",,,,photo_gap,,pending,"Candidate family/component reference only. Verify visible variant, operator, era and configuration. This is a source record, not a claim about the load-order winner."
3775128499:ammunition/pla_cal_apfsds_30mm,pla_cal_apfsds_30mm,pla_cal_apfsds_30mm,Weapons & ammunition,ammunition,,,,PLAN Pack,mods-source/3775128499/ammunition/pla_cal_apfsds_30mm.ini,"[""3775128499""]",,,,photo_gap,,pending,"Candidate family/component reference only. Verify visible variant, operator, era and configuration. This is a source record, not a claim about the load-order winner."
3775128499:ammunition/pla_gun_pod_qjk-99_left,pla_gun_pod_qjk-99_left,pla_gun_pod_qjk-99_left,Weapons & ammunition,ammunition,,,,PLAN Pack,mods-source/3775128499/ammunition/pla_gun_pod_qjk-99_left.ini,"[""3775128499""]",,,,photo_gap,,pending,"Candidate family/component reference only. Verify visible variant, operator, era and configuration. This is a source record, not a claim about the load-order winner."
3775128499:ammunition/pla_gun_pod_qjk-99_right,pla_gun_pod_qjk-99_right,pla_gun_pod_qjk-99_right,Weapons & ammunition,ammunition,,,,PLAN Pack,mods-source/3775128499/ammunition/pla_gun_pod_qjk-99_right.ini,"[""3775128499""]",,,,photo_gap,,pending,"Candidate family/component reference only. Verify visible variant, operator, era and configuration. This is a source record, not a claim about the load-order winner."
3775128499:ammunition/plan_726_chaff,plan_726_chaff,plan_726_chaff,Weapons & ammunition,ammunition,,,,PLAN Pack,mods-source/3775128499/ammunition/plan_726_chaff.ini,"[""3775128499""]",,,,photo_gap,,pending,"Candidate family/component reference only. Verify visible variant, operator, era and configuration. This is a source record, not a claim about the load-order winner."
3775128499:ammunition/plan_9m317,plan_9m317,plan_9m317,Weapons & ammunition,ammunition,,,,PLAN Pack,mods-source/3775128499/ammunition/plan_9m317.ini,"[""3775128499""]",,,,photo_gap,,pending,"Candidate family/component reference only. Verify visible variant, operator, era and configuration. This is a source record, not a claim about the load-order winner."
3775128499:ammunition/plan_9m38,plan_9m38,plan_9m38,Weapons & ammunition,ammunition,,,,PLAN Pack,mods-source/3775128499/ammunition/plan_9m38.ini,"[""3775128499""]",,,,photo_gap,,pending,"Candidate family/component reference only. Verify visible variant, operator, era and configuration. This is a source record, not a claim about the load-order winner."
3775128499:ammunition/plan_cal_100mm,plan_cal_100mm,plan_cal_100mm,Weapons & ammunition,ammunition,,,,PLAN Pack,mods-source/3775128499/ammunition/plan_cal_100mm.ini,"[""3775128499""]",,,,photo_gap,,pending,"Candidate family/component reference only. Verify visible variant, operator, era and configuration. This is a source record, not a claim about the load-order winner."
3775128499:ammunition/plan_cal_130mm,plan_cal_130mm,plan_cal_130mm,Weapons & ammunition,ammunition,,,,PLAN Pack,mods-source/3775128499/ammunition/plan_cal_130mm.ini,"[""3775128499""]",,,,photo_gap,,pending,"Candidate family/component reference only. Verify visible variant, operator, era and configuration. This is a source record, not a claim about the load-order winner."
3775128499:ammunition/plan_cal_37mm,plan_cal_37mm,plan_cal_37mm,Weapons & ammunition,ammunition,,,,PLAN Pack,mods-source/3775128499/ammunition/plan_cal_37mm.ini,"[""3775128499""]",,,,photo_gap,,pending,"Candidate family/component reference only. Verify visible variant, operator, era and configuration. This is a source record, not a claim about the load-order winner."
3775128499:ammunition/plan_cal_76mm,plan_cal_76mm,plan_cal_76mm,Weapons & ammunition,ammunition,,,,PLAN Pack,mods-source/3775128499/ammunition/plan_cal_76mm.ini,"[""3775128499""]",,,,photo_gap,,pending,"Candidate family/component reference only. Verify visible variant, operator, era and configuration. This is a source record, not a claim about the load-order winner."
3775128499:ammunition/plan_cj-20,plan_cj-20,plan_cj-20,Weapons & ammunition,ammunition,,,,PLAN Pack,mods-source/3775128499/ammunition/plan_cj-20.ini,"[""3775128499""]",,,,photo_gap,,pending,"Candidate family/component reference only. Verify visible variant, operator, era and configuration. This is a source record, not a claim about the load-order winner."
3775128499:ammunition/plan_hq-10,plan_hq-10,plan_hq-10,Weapons & ammunition,ammunition,,,,PLAN Pack,mods-source/3775128499/ammunition/plan_hq-10.ini,"[""3775128499""]",,,,photo_gap,,pending,"Candidate family/component reference only. Verify visible variant, operator, era and configuration. This is a source record, not a claim about the load-order winner."
3775128499:ammunition/plan_hq-10a,plan_hq-10a,plan_hq-10a,Weapons & ammunition,ammunition,,,,PLAN Pack,mods-source/3775128499/ammunition/plan_hq-10a.ini,"[""3775128499""]",,,,photo_gap,,pending,"Candidate family/component reference only. Verify visible variant, operator, era and configuration. This is a source record, not a claim about the load-order winner."
3775128499:ammunition/plan_ksb-2_dc,plan_ksb-2_dc,plan_ksb-2_dc,Weapons & ammunition,ammunition,,,,PLAN Pack,mods-source/3775128499/ammunition/plan_ksb-2_dc.ini,"[""3775128499""]",,,,photo_gap,,pending,"Candidate family/component reference only. Verify visible variant, operator, era and configuration. This is a source record, not a claim about the load-order winner."
3775128499:ammunition/plan_ksb-2_dc2,plan_ksb-2_dc2,plan_ksb-2_dc2,Weapons & ammunition,ammunition,,,,PLAN Pack,mods-source/3775128499/ammunition/plan_ksb-2_dc2.ini,"[""3775128499""]",,,,photo_gap,,pending,"Candidate family/component reference only. Verify visible variant, operator, era and configuration. This is a source record, not a claim about the load-order winner."
3775128499:ammunition/plan_mss-01,plan_mss-01,plan_mss-01,Weapons & ammunition,ammunition,,,,PLAN Pack,mods-source/3775128499/ammunition/plan_mss-01.ini,"[""3775128499""]",,,,photo_gap,,pending,"Candidate family/component reference only. Verify visible variant, operator, era and configuration. This is a source record, not a claim about the load-order winner."
3775128499:ammunition/plan_mss-02,plan_mss-02,plan_mss-02,Weapons & ammunition,ammunition,,,,PLAN Pack,mods-source/3775128499/ammunition/plan_mss-02.ini,"[""3775128499""]",,,,photo_gap,,pending,"Candidate family/component reference only. Verify visible variant, operator, era and configuration. This is a source record, not a claim about the load-order winner."
3775128499:ammunition/plan_skf-12,plan_skf-12,plan_skf-12,Weapons & ammunition,ammunition,,,,PLAN Pack,mods-source/3775128499/ammunition/plan_skf-12.ini,"[""3775128499""]",,,,photo_gap,,pending,"Candidate family/component reference only. Verify visible variant, operator, era and configuration. This is a source record, not a claim about the load-order winner."
3775128499:ammunition/plan_skf-14,plan_skf-14,plan_skf-14,Weapons & ammunition,ammunition,,,,PLAN Pack,mods-source/3775128499/ammunition/plan_skf-14.ini,"[""3775128499""]",,,,photo_gap,,pending,"Candidate family/component reference only. Verify visible variant, operator, era and configuration. This is a source record, not a claim about the load-order winner."
3775128499:ammunition/plan_skf-15,plan_skf-15,plan_skf-15,Weapons & ammunition,ammunition,,,,PLAN Pack,mods-source/3775128499/ammunition/plan_skf-15.ini,"[""3775128499""]",,,,photo_gap,,pending,"Candidate family/component reference only. Verify visible variant, operator, era and configuration. This is a source record, not a claim about the load-order winner."
3775128499:ammunition/plan_skf-16,plan_skf-16,plan_skf-16,Weapons & ammunition,ammunition,,,,PLAN Pack,mods-source/3775128499/ammunition/plan_skf-16.ini,"[""3775128499""]",,,,photo_gap,,pending,"Candidate family/component reference only. Verify visible variant, operator, era and configuration. This is a source record, not a claim about the load-order winner."
3775128499:ammunition/plan_skf-18,plan_skf-18,plan_skf-18,Weapons & ammunition,ammunition,,,,PLAN Pack,mods-source/3775128499/ammunition/plan_skf-18.ini,"[""3775128499""]",,,,photo_gap,,pending,"Candidate family/component reference only. Verify visible variant, operator, era and configuration. This is a source record, not a claim about the load-order winner."
3775128499:ammunition/plan_skf-20,plan_skf-20,plan_skf-20,Weapons & ammunition,ammunition,,,,PLAN Pack,mods-source/3775128499/ammunition/plan_skf-20.ini,"[""3775128499""]",,,,photo_gap,,pending,"Candidate family/component reference only. Verify visible variant, operator, era and configuration. This is a source record, not a claim about the load-order winner."
3775128499:ammunition/plan_yj-12a,plan_yj-12a,plan_yj-12a,Weapons & ammunition,ammunition,,,,PLAN Pack,mods-source/3775128499/ammunition/plan_yj-12a.ini,"[""3775128499""]",,,,photo_gap,,pending,"Candidate family/component reference only. Verify visible variant, operator, era and configuration. This is a source record, not a claim about the load-order winner."
3775128499:ammunition/plan_yj-17,plan_yj-17,plan_yj-17,Weapons & ammunition,ammunition,,,,PLAN Pack,mods-source/3775128499/ammunition/plan_yj-17.ini,"[""3775128499""]",,,,photo_gap,,pending,"Candidate family/component reference only. Verify visible variant, operator, era and configuration. This is a source record, not a claim about the load-order winner."
3775128499:ammunition/plan_yj-18,plan_yj-18,plan_yj-18,Weapons & ammunition,ammunition,,,,PLAN Pack,mods-source/3775128499/ammunition/plan_yj-18.ini,"[""3775128499""]",,,,photo_gap,,pending,"Candidate family/component reference only. Verify visible variant, operator, era and configuration. This is a source record, not a claim about the load-order winner."
3775128499:ammunition/plan_yj-18a,plan_yj-18a,plan_yj-18a,Weapons & ammunition,ammunition,,,,PLAN Pack,mods-source/3775128499/ammunition/plan_yj-18a.ini,"[""3775128499""]",,,,photo_gap,,pending,"Candidate family/component reference only. Verify visible variant, operator, era and configuration. This is a source record, not a claim about the load-order winner."
3775128499:ammunition/plan_yj-18c,plan_yj-18c,plan_yj-18c,Weapons & ammunition,ammunition,,,,PLAN Pack,mods-source/3775128499/ammunition/plan_yj-18c.ini,"[""3775128499""]",,,,photo_gap,,pending,"Candidate family/component reference only. Verify visible variant, operator, era and configuration. This is a source record, not a claim about the load-order winner."
3775128499:ammunition/plan_yj-19,plan_yj-19,plan_yj-19,Weapons & ammunition,ammunition,,,,PLAN Pack,mods-source/3775128499/ammunition/plan_yj-19.ini,"[""3775128499""]",,,,photo_gap,,pending,"Candidate family/component reference only. Verify visible variant, operator, era and configuration. This is a source record, not a claim about the load-order winner."
3775128499:ammunition/plan_yj-20,plan_yj-20,plan_yj-20,Weapons & ammunition,ammunition,,,,PLAN Pack,mods-source/3775128499/ammunition/plan_yj-20.ini,"[""3775128499""]",,,,photo_gap,,pending,"Candidate family/component reference only. Verify visible variant, operator, era and configuration. This is a source record, not a claim about the load-order winner."
3775128499:ammunition/plan_yj-9,plan_yj-9,plan_yj-9,Weapons & ammunition,ammunition,,,,PLAN Pack,mods-source/3775128499/ammunition/plan_yj-9.ini,"[""3775128499""]",,,,photo_gap,,pending,"Candidate family/component reference only. Verify visible variant, operator, era and configuration. This is a source record, not a claim about the load-order winner."
3775128499:ammunition/plan_yu-10,plan_yu-10,plan_yu-10,Weapons & ammunition,ammunition,,,,PLAN Pack,mods-source/3775128499/ammunition/plan_yu-10.ini,"[""3775128499""]",,,,photo_gap,,pending,"Candidate family/component reference only. Verify visible variant, operator, era and configuration. This is a source record, not a claim about the load-order winner."
3775128499:ammunition/plan_yu-11,plan_yu-11,plan_yu-11,Weapons & ammunition,ammunition,,,,PLAN Pack,mods-source/3775128499/ammunition/plan_yu-11.ini,"[""3775128499""]",,,,photo_gap,,pending,"Candidate family/component reference only. Verify visible variant, operator, era and configuration. This is a source record, not a claim about the load-order winner."
3775128499:ammunition/plan_yu-12_air,plan_yu-12_air,plan_yu-12_air,Weapons & ammunition,ammunition,,,,PLAN Pack,mods-source/3775128499/ammunition/plan_yu-12_air.ini,"[""3775128499""]",,,,photo_gap,,pending,"Candidate family/component reference only. Verify visible variant, operator, era and configuration. This is a source record, not a claim about the load-order winner."
3775128499:ammunition/plan_yu-12_ship,plan_yu-12_ship,plan_yu-12_ship,Weapons & ammunition,ammunition,,,,PLAN Pack,mods-source/3775128499/ammunition/plan_yu-12_ship.ini,"[""3775128499""]",,,,photo_gap,,pending,"Candidate family/component reference only. Verify visible variant, operator, era and configuration. This is a source record, not a claim about the load-order winner."
3775128499:ammunition/plan_yu-12a,plan_yu-12a,plan_yu-12a,Weapons & ammunition,ammunition,,,,PLAN Pack,mods-source/3775128499/ammunition/plan_yu-12a.ini,"[""3775128499""]",,,,photo_gap,,pending,"Candidate family/component reference only. Verify visible variant, operator, era and configuration. This is a source record, not a claim about the load-order winner."
3775128499:ammunition/plan_yu-15,plan_yu-15,plan_yu-15,Weapons & ammunition,ammunition,,,,PLAN Pack,mods-source/3775128499/ammunition/plan_yu-15.ini,"[""3775128499""]",,,,photo_gap,,pending,"Candidate family/component reference only. Verify visible variant, operator, era and configuration. This is a source record, not a claim about the load-order winner."
3775128499:ammunition/plan_yu-6,plan_yu-6,plan_yu-6,Weapons & ammunition,ammunition,,,,PLAN Pack,mods-source/3775128499/ammunition/plan_yu-6.ini,"[""3775128499""]",,,,photo_gap,,pending,"Candidate family/component reference only. Verify visible variant, operator, era and configuration. This is a source record, not a claim about the load-order winner."
3775128499:ammunition/plan_yu-6a,plan_yu-6a,plan_yu-6a,Weapons & ammunition,ammunition,,,,PLAN Pack,mods-source/3775128499/ammunition/plan_yu-6a.ini,"[""3775128499""]",,,,photo_gap,,pending,"Candidate family/component reference only. Verify visible variant, operator, era and configuration. This is a source record, not a claim about the load-order winner."
3775128499:ammunition/plan_yu-7_air,plan_yu-7_air,plan_yu-7_air,Weapons & ammunition,ammunition,,,,PLAN Pack,mods-source/3775128499/ammunition/plan_yu-7_air.ini,"[""3775128499""]",,,,photo_gap,,pending,"Candidate family/component reference only. Verify visible variant, operator, era and configuration. This is a source record, not a claim about the load-order winner."
3775128499:ammunition/plan_yu-7_ship,plan_yu-7_ship,plan_yu-7_ship,Weapons & ammunition,ammunition,,,,PLAN Pack,mods-source/3775128499/ammunition/plan_yu-7_ship.ini,"[""3775128499""]",,,,photo_gap,,pending,"Candidate family/component reference only. Verify visible variant, operator, era and configuration. This is a source record, not a claim about the load-order winner."
3775128499:ammunition/plan_yu-7c_air,plan_yu-7c_air,plan_yu-7c_air,Weapons & ammunition,ammunition,,,,PLAN Pack,mods-source/3775128499/ammunition/plan_yu-7c_air.ini,"[""3775128499""]",,,,photo_gap,,pending,"Candidate family/component reference only. Verify visible variant, operator, era and configuration. This is a source record, not a claim about the load-order winner."
3775128499:ammunition/plan_yu-7c_ship,plan_yu-7c_ship,plan_yu-7c_ship,Weapons & ammunition,ammunition,,,,PLAN Pack,mods-source/3775128499/ammunition/plan_yu-7c_ship.ini,"[""3775128499""]",,,,photo_gap,,pending,"Candidate family/component reference only. Verify visible variant, operator, era and configuration. This is a source record, not a claim about the load-order winner."
3775128499:ammunition/plan_yu-8,plan_yu-8,plan_yu-8,Weapons & ammunition,ammunition,,,,PLAN Pack,mods-source/3775128499/ammunition/plan_yu-8.ini,"[""3775128499""]",,,,photo_gap,,pending,"Candidate family/component reference only. Verify visible variant, operator, era and configuration. This is a source record, not a claim about the load-order winner."
3775128499:ammunition/plan_yu-9,plan_yu-9,plan_yu-9,Weapons & ammunition,ammunition,,,,PLAN Pack,mods-source/3775128499/ammunition/plan_yu-9.ini,"[""3775128499""]",,,,photo_gap,,pending,"Candidate family/component reference only. Verify visible variant, operator, era and configuration. This is a source record, not a claim about the load-order winner."
3776730617:aircraft/ch_f-5e,ch_f-5e,F-5E Tigre III,Aircraft & helicopters,aircraft,Aircraft,,,EUROMOD-Armada de Chile,mods-source/3776730617/aircraft/ch_f-5e.ini,"[""3776730617""]",,,,photo_gap,,pending,"Candidate family/component reference only. Verify visible variant, operator, era and configuration. This is a source record, not a claim about the load-order winner."
3776730617:aircraft/ch_kc135,ch_kc135,KC-135E,Aircraft & helicopters,aircraft,Aircraft,,,EUROMOD-Armada de Chile,mods-source/3776730617/aircraft/ch_kc135.ini,"[""3776730617""]",,,,photo_gap,,pending,"Candidate family/component reference only. Verify visible variant, operator, era and configuration. This is a source record, not a claim about the load-order winner."
3776730617:vessels/ch_ff_type23,ch_ff_type23,Type 23 (Duke-Class),Ships,vessels,Vessel,,,EUROMOD-Armada de Chile,mods-source/3776730617/vessels/ch_ff_type23.ini,"[""3776730617""]",,,,photo_gap,,pending,"Candidate family/component reference only. Verify visible variant, operator, era and configuration. This is a source record, not a claim about the load-order winner."
3776730617:vessels/ch_ff_type23_pida,ch_ff_type23_pida,Type 23 (Duke-Class PIDAA REFIT),Ships,vessels,Vessel,,,EUROMOD-Armada de Chile,mods-source/3776730617/vessels/ch_ff_type23_pida.ini,"[""3776730617""]",,,,photo_gap,,pending,"Candidate family/component reference only. Verify visible variant, operator, era and configuration. This is a source record, not a claim about the load-order winner."
3776730617:vessels/ch_ffg_adelaide_longhull,ch_ffg_adelaide_longhull,Adelaide-class(CHL),Ships,vessels,Vessel,,,EUROMOD-Armada de Chile,mods-source/3776730617/vessels/ch_ffg_adelaide_longhull.ini,"[""3776730617""]",,,,photo_gap,,pending,"Candidate family/component reference only. Verify visible variant, operator, era and configuration. This is a source record, not a claim about the load-order winner."
3776730617:vessels/ch_ffg_karel,ch_ffg_karel,Karel Doorman Class (M-Class),Ships,vessels,Vessel,,,EUROMOD-Armada de Chile,mods-source/3776730617/vessels/ch_ffg_karel.ini,"[""3776730617""]",,,,photo_gap,,pending,"Candidate family/component reference only. Verify visible variant, operator, era and configuration. This is a source record, not a claim about the load-order winner."
3776730617:vessels/ch_ss_scorpene,ch_ss_scorpene,Scorpène-class,Submarines,vessels,Submarine,,,EUROMOD-Armada de Chile,mods-source/3776730617/vessels/ch_ss_scorpene.ini,"[""3776730617""]",,,,photo_gap,,pending,"Candidate family/component reference only. Verify visible variant, operator, era and configuration. This is a source record, not a claim about the load-order winner."
3776730617:vessels/type_209,type_209,Type 209-1400,Submarines,vessels,Submarine,,,EUROMOD-Armada de Chile,mods-source/3776730617/vessels/type_209.ini,"[""3776730617""]",,,,photo_gap,,pending,"Candidate family/component reference only. Verify visible variant, operator, era and configuration. This is a source record, not a claim about the load-order winner."
3776730617:ammunition/ch_barak,ch_barak,ch_barak,Weapons & ammunition,ammunition,,,,EUROMOD-Armada de Chile,mods-source/3776730617/ammunition/ch_barak.ini,"[""3776730617""]",,,,photo_gap,,pending,"Candidate family/component reference only. Verify visible variant, operator, era and configuration. This is a source record, not a claim about the load-order winner."
3776730617:ammunition/eu_seawolf_GWS26,eu_seawolf_GWS26,eu_seawolf_GWS26,Weapons & ammunition,ammunition,,,,EUROMOD-Armada de Chile,mods-source/3776730617/ammunition/eu_seawolf_GWS26.ini,"[""3776730617""]",,,,photo_gap,,pending,"Candidate family/component reference only. Verify visible variant, operator, era and configuration. This is a source record, not a claim about the load-order winner."
3776730617:ammunition/rn_seawolf_GWS25,rn_seawolf_GWS25,rn_seawolf_GWS25,Weapons & ammunition,ammunition,,,,EUROMOD-Armada de Chile,mods-source/3776730617/ammunition/rn_seawolf_GWS25.ini,"[""3776730617""]",,,,photo_gap,,pending,"Candidate family/component reference only. Verify visible variant, operator, era and configuration. This is a source record, not a claim about the load-order winner."
3780118683:aircraft/msdvd_tu-214_AEW,msdvd_tu-214_AEW,Tu-214RM,Aircraft & helicopters,aircraft,Aircraft,,,Tu-214R Family Pack,mods-source/3780118683/aircraft/msdvd_tu-214_AEW.ini,"[""3780118683""]",,,,photo_gap,,pending,"Candidate family/component reference only. Verify visible variant, operator, era and configuration. This is a source record, not a claim about the load-order winner."
3780118683:aircraft/msdvd_tu-214r_F,msdvd_tu-214r_F,Tu-214RF,Aircraft & helicopters,aircraft,Aircraft,,,Tu-214R Family Pack,mods-source/3780118683/aircraft/msdvd_tu-214r_F.ini,"[""3780118683""]",,,,photo_gap,,pending,"Candidate family/component reference only. Verify visible variant, operator, era and configuration. This is a source record, not a claim about the load-order winner."
3780118683:ammunition/dvd_kh-59mk2,dvd_kh-59mk2,dvd_kh-59mk2,Weapons & ammunition,ammunition,,,,Tu-214R Family Pack,mods-source/3780118683/ammunition/dvd_kh-59mk2.ini,"[""3780118683""]",,,,photo_gap,,pending,"Candidate family/component reference only. Verify visible variant, operator, era and configuration. This is a source record, not a claim about the load-order winner."
3780118683:ammunition/wp_at-2um,wp_at-2um,wp_at-2um,Weapons & ammunition,ammunition,,,,Tu-214R Family Pack,mods-source/3780118683/ammunition/wp_at-2um.ini,"[""3780118683""]",,,,photo_gap,,pending,"Candidate family/component reference only. Verify visible variant, operator, era and configuration. This is a source record, not a claim about the load-order winner."
3782020901:aircraft/plaaf_kj-3000,plaaf_kj-3000,KJ-3000,Aircraft & helicopters,aircraft,Aircraft,,,Y-20 / KJ-3000,mods-source/3782020901/aircraft/plaaf_kj-3000.ini,"[""3782020901""]",,,,photo_gap,,pending,"Candidate family/component reference only. Verify visible variant, operator, era and configuration. This is a source record, not a claim about the load-order winner."
3782020901:land_units/plaaf_airlift_airbase,plaaf_airlift_airbase,PLAAF Airlift Base,Bases & installations,land_units,LandUnit,Airbase,,Y-20 / KJ-3000,mods-source/3782020901/land_units/plaaf_airlift_airbase.ini,"[""3782020901""]",,,,photo_gap,,pending,"Candidate family/component reference only. Verify visible variant, operator, era and configuration. This is a source record, not a claim about the load-order winner."
3782020901:ammunition/pla_jl-1,pla_jl-1,pla_jl-1,Weapons & ammunition,ammunition,,,,Y-20 / KJ-3000,mods-source/3782020901/ammunition/pla_jl-1.ini,"[""3782020901""]",,,,photo_gap,,pending,"Candidate family/component reference only. Verify visible variant, operator, era and configuration. This is a source record, not a claim about the load-order winner."
3784474738:ammunition/usn_w76_mk4,usn_w76_mk4,usn_w76_mk4,Weapons & ammunition,ammunition,,,,Euromod - Anchorchain Expansion Pack,mods-source/3784474738/ammunition/usn_w76_mk4.ini,"[""3784474738""]",,,,photo_gap,,pending,"Candidate family/component reference only. Verify visible variant, operator, era and configuration. This is a source record, not a claim about the load-order winner."
3784474738:ammunition/usn_w88_mk5,usn_w88_mk5,usn_w88_mk5,Weapons & ammunition,ammunition,,,,Euromod - Anchorchain Expansion Pack,mods-source/3784474738/ammunition/usn_w88_mk5.ini,"[""3784474738""]",,,,photo_gap,,pending,"Candidate family/component reference only. Verify visible variant, operator, era and configuration. This is a source record, not a claim about the load-order winner."
3784474738:ammunition/wp_ss-n-12_350kt,wp_ss-n-12_350kt,wp_ss-n-12_350kt,Weapons & ammunition,ammunition,,,,Euromod - Anchorchain Expansion Pack,mods-source/3784474738/ammunition/wp_ss-n-12_350kt.ini,"[""3784474738""]",#!alias ammunition/wp_ss-n-12.ini,,,photo_gap,,pending,"Candidate family/component reference only. Verify visible variant, operator, era and configuration. This is a source record, not a claim about the load-order winner."
3784474738:ammunition/wp_ss-n-19_500kt,wp_ss-n-19_500kt,wp_ss-n-19_500kt,Weapons & ammunition,ammunition,,,,Euromod - Anchorchain Expansion Pack,mods-source/3784474738/ammunition/wp_ss-n-19_500kt.ini,"[""3784474738""]",#!alias ammunition/wp_ss-n-19.ini,,,photo_gap,,pending,"Candidate family/component reference only. Verify visible variant, operator, era and configuration. This is a source record, not a claim about the load-order winner."
3789188689:ammunition/plaaf_akf-98,plaaf_akf-98,plaaf_akf-98,Weapons & ammunition,ammunition,,,,PLA & PLAN & PLAAF AEP,mods-source/3789188689/ammunition/plaaf_akf-98.ini,"[""3789188689""]",#!extend ammunition/plaaf_akf-98.ini,,,photo_gap,,pending,"Candidate family/component reference only. Verify visible variant, operator, era and configuration. This is a source record, not a claim about the load-order winner."
3789188689:ammunition/plaaf_pl-17,plaaf_pl-17,plaaf_pl-17,Weapons & ammunition,ammunition,,,,PLA & PLAN & PLAAF AEP,mods-source/3789188689/ammunition/plaaf_pl-17.ini,"[""3789188689""]",#!extend ammunition/plaaf_pl-17.ini,,,photo_gap,,pending,"Candidate family/component reference only. Verify visible variant, operator, era and configuration. This is a source record, not a claim about the load-order winner."
3789188689:ammunition/plaaf_rdcw_main,plaaf_rdcw_main,plaaf_rdcw_main,Weapons & ammunition,ammunition,,,,PLA & PLAN & PLAAF AEP,mods-source/3789188689/ammunition/plaaf_rdcw_main.ini,"[""3789188689""]",,,,photo_gap,,pending,"Candidate family/component reference only. Verify visible variant, operator, era and configuration. This is a source record, not a claim about the load-order winner."
3789188689:ammunition/plaaf_rdcw_sub,plaaf_rdcw_sub,plaaf_rdcw_sub,Weapons & ammunition,ammunition,,,,PLA & PLAN & PLAAF AEP,mods-source/3789188689/ammunition/plaaf_rdcw_sub.ini,"[""3789188689""]",,,,photo_gap,,pending,"Candidate family/component reference only. Verify visible variant, operator, era and configuration. This is a source record, not a claim about the load-order winner."
3789188689:ammunition/plan_yj-17,plan_yj-17,plan_yj-17,Weapons & ammunition,ammunition,,,,PLA & PLAN & PLAAF AEP,mods-source/3789188689/ammunition/plan_yj-17.ini,"[""3789188689""]",#!extend ammunition/plan_yj-17.ini,,,photo_gap,,pending,"Candidate family/component reference only. Verify visible variant, operator, era and configuration. This is a source record, not a claim about the load-order winner."
3789188689:ammunition/plan_yj-18,plan_yj-18,plan_yj-18,Weapons & ammunition,ammunition,,,,PLA & PLAN & PLAAF AEP,mods-source/3789188689/ammunition/plan_yj-18.ini,"[""3789188689""]",#!extend ammunition/plan_yj-18.ini,,,photo_gap,,pending,"Candidate family/component reference only. Verify visible variant, operator, era and configuration. This is a source record, not a claim about the load-order winner."
3789188689:ammunition/plan_yj-18a,plan_yj-18a,plan_yj-18a,Weapons & ammunition,ammunition,,,,PLA & PLAN & PLAAF AEP,mods-source/3789188689/ammunition/plan_yj-18a.ini,"[""3789188689""]",#!extend ammunition/plan_yj-18a.ini,,,photo_gap,,pending,"Candidate family/component reference only. Verify visible variant, operator, era and configuration. This is a source record, not a claim about the load-order winner."
3789188689:ammunition/plan_yj-18e,plan_yj-18e,plan_yj-18e,Weapons & ammunition,ammunition,,,,PLA & PLAN & PLAAF AEP,mods-source/3789188689/ammunition/plan_yj-18e.ini,"[""3789188689""]",#!extend ammunition/plan_yj-18e.ini,,,photo_gap,,pending,"Candidate family/component reference only. Verify visible variant, operator, era and configuration. This is a source record, not a claim about the load-order winner."
3789188689:ammunition/plan_yj-20,plan_yj-20,plan_yj-20,Weapons & ammunition,ammunition,,,,PLA & PLAN & PLAAF AEP,mods-source/3789188689/ammunition/plan_yj-20.ini,"[""3789188689""]",#!extend ammunition/plan_yj-20.ini,,,photo_gap,,pending,"Candidate family/component reference only. Verify visible variant, operator, era and configuration. This is a source record, not a claim about the load-order winner."
3789188689:ammunition/plan_yu-7_air,plan_yu-7_air,plan_yu-7_air,Weapons & ammunition,ammunition,,,,PLA & PLAN & PLAAF AEP,mods-source/3789188689/ammunition/plan_yu-7_air.ini,"[""3789188689""]",#!extend ammunition/plan_yu-7_air.ini,,,photo_gap,,pending,"Candidate family/component reference only. Verify visible variant, operator, era and configuration. This is a source record, not a claim about the load-order winner."
3789188689:ammunition/text_small_bomb,text_small_bomb,text_small_bomb,Weapons & ammunition,ammunition,,,,PLA & PLAN & PLAAF AEP,mods-source/3789188689/ammunition/text_small_bomb.ini,"[""3789188689""]",,,,photo_gap,,pending,"Candidate family/component reference only. Verify visible variant, operator, era and configuration. This is a source record, not a claim about the load-order winner."
3789208859:vessels/ko_ff-951,ko_ff-951,Ulsan Class,Ships,vessels,Vessel,,,Euromod-South Korea Navy,mods-source/3789208859/vessels/ko_ff-951.ini,"[""3789208859""]",,,,photo_gap,,pending,"Candidate family/component reference only. Verify visible variant, operator, era and configuration. This is a source record, not a claim about the load-order winner."
3789208859:vessels/ko_ffg-811,ko_ffg-811,Incheon Class,Ships,vessels,Vessel,,,Euromod-South Korea Navy,mods-source/3789208859/vessels/ko_ffg-811.ini,"[""3789208859""]",,,,photo_gap,,pending,"Candidate family/component reference only. Verify visible variant, operator, era and configuration. This is a source record, not a claim about the load-order winner."
3789208859:vessels/ko_ffg-818,ko_ffg-818,Daegu Class,Ships,vessels,Vessel,,,Euromod-South Korea Navy,mods-source/3789208859/vessels/ko_ffg-818.ini,"[""3789208859""]",,,,photo_gap,,pending,"Candidate family/component reference only. Verify visible variant, operator, era and configuration. This is a source record, not a claim about the load-order winner."
3789208859:vessels/ko_ffg-828,ko_ffg-828,Chungnam Class,Ships,vessels,Vessel,,,Euromod-South Korea Navy,mods-source/3789208859/vessels/ko_ffg-828.ini,"[""3789208859""]",,,,photo_gap,,pending,"Candidate family/component reference only. Verify visible variant, operator, era and configuration. This is a source record, not a claim about the load-order winner."
3789208859:vessels/ko_pcc-756,ko_pcc-756,Pohang Class,Ships,vessels,Vessel,,,Euromod-South Korea Navy,mods-source/3789208859/vessels/ko_pcc-756.ini,"[""3789208859""]",,,,photo_gap,,pending,"Candidate family/component reference only. Verify visible variant, operator, era and configuration. This is a source record, not a claim about the load-order winner."
3789208859:vessels/ko_pkm-329,ko_pkm-329,Chamsuri Class,Ships,vessels,Vessel,,,Euromod-South Korea Navy,mods-source/3789208859/vessels/ko_pkm-329.ini,"[""3789208859""]",,,,photo_gap,,pending,"Candidate family/component reference only. Verify visible variant, operator, era and configuration. This is a source record, not a claim about the load-order winner."
3789208859:vessels/ko_pkmr-211,ko_pkmr-211,Chamsuri Class,Ships,vessels,Vessel,,,Euromod-South Korea Navy,mods-source/3789208859/vessels/ko_pkmr-211.ini,"[""3789208859""]",,,,photo_gap,,pending,"Candidate family/component reference only. Verify visible variant, operator, era and configuration. This is a source record, not a claim about the load-order winner."
3789208859:ammunition/ko_Antiship_2,ko_Antiship_2,ko_Antiship_2,Weapons & ammunition,ammunition,,,,Euromod-South Korea Navy,mods-source/3789208859/ammunition/ko_Antiship_2.ini,"[""3789208859""]",,,,photo_gap,,pending,"Candidate family/component reference only. Verify visible variant, operator, era and configuration. This is a source record, not a claim about the load-order winner."
3789208859:ammunition/ko_Antiship_2_ship,ko_Antiship_2_ship,ko_Antiship_2_ship,Weapons & ammunition,ammunition,,,,Euromod-South Korea Navy,mods-source/3789208859/ammunition/ko_Antiship_2_ship.ini,"[""3789208859""]",,,,photo_gap,,pending,"Candidate family/component reference only. Verify visible variant, operator, era and configuration. This is a source record, not a claim about the load-order winner."
3789208859:ammunition/ko_Hycore,ko_Hycore,ko_Hycore,Weapons & ammunition,ammunition,,,,Euromod-South Korea Navy,mods-source/3789208859/ammunition/ko_Hycore.ini,"[""3789208859""]",,,,photo_gap,,pending,"Candidate family/component reference only. Verify visible variant, operator, era and configuration. This is a source record, not a claim about the load-order winner."
3789208859:ammunition/ko_bilyong_130mm,ko_bilyong_130mm,ko_bilyong_130mm,Weapons & ammunition,ammunition,,,,Euromod-South Korea Navy,mods-source/3789208859/ammunition/ko_bilyong_130mm.ini,"[""3789208859""]",,,,photo_gap,,pending,"Candidate family/component reference only. Verify visible variant, operator, era and configuration. This is a source record, not a claim about the load-order winner."
3789208859:ammunition/ko_cal_12.7mm,ko_cal_12.7mm,ko_cal_12.7mm,Weapons & ammunition,ammunition,,,,Euromod-South Korea Navy,mods-source/3789208859/ammunition/ko_cal_12.7mm.ini,"[""3789208859""]",,,,photo_gap,,pending,"Candidate family/component reference only. Verify visible variant, operator, era and configuration. This is a source record, not a claim about the load-order winner."
3789208859:ammunition/ko_cal_20mm,ko_cal_20mm,ko_cal_20mm,Weapons & ammunition,ammunition,,,,Euromod-South Korea Navy,mods-source/3789208859/ammunition/ko_cal_20mm.ini,"[""3789208859""]",,,,photo_gap,,pending,"Candidate family/component reference only. Verify visible variant, operator, era and configuration. This is a source record, not a claim about the load-order winner."
3789208859:ammunition/ko_cal_apfsds-120,ko_cal_apfsds-120,ko_cal_apfsds-120,Weapons & ammunition,ammunition,,,,Euromod-South Korea Navy,mods-source/3789208859/ammunition/ko_cal_apfsds-120.ini,"[""3789208859""]",,,,photo_gap,,pending,"Candidate family/component reference only. Verify visible variant, operator, era and configuration. This is a source record, not a claim about the load-order winner."
3789208859:ammunition/ko_cal_heat-120,ko_cal_heat-120,ko_cal_heat-120,Weapons & ammunition,ammunition,,,,Euromod-South Korea Navy,mods-source/3789208859/ammunition/ko_cal_heat-120.ini,"[""3789208859""]",,,,photo_gap,,pending,"Candidate family/component reference only. Verify visible variant, operator, era and configuration. This is a source record, not a claim about the load-order winner."
3789208859:ammunition/nl_tank_685,nl_tank_685,nl_tank_685,Weapons & ammunition,ammunition,,,,Euromod-South Korea Navy,mods-source/3789208859/ammunition/nl_tank_685.ini,"[""3789208859""]",,,,photo_gap,,pending,"Candidate family/component reference only. Verify visible variant, operator, era and configuration. This is a source record, not a claim about the load-order winner."
3789208859:ammunition/rn_mk_11,rn_mk_11,rn_mk_11,Weapons & ammunition,ammunition,,,,Euromod-South Korea Navy,mods-source/3789208859/ammunition/rn_mk_11.ini,"[""3789208859""]",,,,photo_gap,,pending,"Candidate family/component reference only. Verify visible variant, operator, era and configuration. This is a source record, not a claim about the load-order winner."
3789208859:ammunition/rok_hyunmoo_4_2,rok_hyunmoo_4_2,rok_hyunmoo_4_2,Weapons & ammunition,ammunition,,,,Euromod-South Korea Navy,mods-source/3789208859/ammunition/rok_hyunmoo_4_2.ini,"[""3789208859""]",,,,photo_gap,,pending,"Candidate family/component reference only. Verify visible variant, operator, era and configuration. This is a source record, not a claim about the load-order winner."
3789208859:ammunition/rok_k-731,rok_k-731,rok_k-731,Weapons & ammunition,ammunition,,,,Euromod-South Korea Navy,mods-source/3789208859/ammunition/rok_k-731.ini,"[""3789208859""]",,,,photo_gap,,pending,"Candidate family/component reference only. Verify visible variant, operator, era and configuration. This is a source record, not a claim about the load-order winner."
3789208859:ammunition/rok_k-745,rok_k-745,rok_k-745,Weapons & ammunition,ammunition,,,,Euromod-South Korea Navy,mods-source/3789208859/ammunition/rok_k-745.ini,"[""3789208859""]",,,,photo_gap,,pending,"Candidate family/component reference only. Verify visible variant, operator, era and configuration. This is a source record, not a claim about the load-order winner."
3789208859:ammunition/rok_k-sam-II,rok_k-sam-II,rok_k-sam-II,Weapons & ammunition,ammunition,,,,Euromod-South Korea Navy,mods-source/3789208859/ammunition/rok_k-sam-II.ini,"[""3789208859""]",,,,photo_gap,,pending,"Candidate family/component reference only. Verify visible variant, operator, era and configuration. This is a source record, not a claim about the load-order winner."
3789208859:ammunition/rok_ssm-700k,rok_ssm-700k,rok_ssm-700k,Weapons & ammunition,ammunition,,,,Euromod-South Korea Navy,mods-source/3789208859/ammunition/rok_ssm-700k.ini,"[""3789208859""]",,,,photo_gap,,pending,"Candidate family/component reference only. Verify visible variant, operator, era and configuration. This is a source record, not a claim about the load-order winner."
3789208859:ammunition/rok_ssm-750k,rok_ssm-750k,rok_ssm-750k,Weapons & ammunition,ammunition,,,,Euromod-South Korea Navy,mods-source/3789208859/ammunition/rok_ssm-750k.ini,"[""3789208859""]",,,,photo_gap,,pending,"Candidate family/component reference only. Verify visible variant, operator, era and configuration. This is a source record, not a claim about the load-order winner."
3790594162:aircraft/rw_alouette_II,rw_alouette_II,SA.313 Pirate,Aircraft & helicopters,aircraft,Helicopter,,,Identify Expanded,mods-source/3790594162/aircraft/rw_alouette_II.ini,"[""3790594162""]",,,,photo_gap,,pending,"Candidate family/component reference only. Verify visible variant, operator, era and configuration. This is a source record, not a claim about the load-order winner."
3790594162:aircraft/rw_qh-50d,rw_qh-50d,QH-50D Pirate,Aircraft & helicopters,aircraft,Helicopter,,,Identify Expanded,mods-source/3790594162/aircraft/rw_qh-50d.ini,"[""3790594162""]",,,,photo_gap,,pending,"Candidate family/component reference only. Verify visible variant, operator, era and configuration. This is a source record, not a claim about the load-order winner."
3790594162:aircraft/rw_v35,rw_v35,Armed Bonanza,Aircraft & helicopters,aircraft,Aircraft,,,Identify Expanded,mods-source/3790594162/aircraft/rw_v35.ini,"[""3790594162""]",,,,photo_gap,,pending,"Candidate family/component reference only. Verify visible variant, operator, era and configuration. This is a source record, not a claim about the load-order winner."
3790594162:ammunition/rw_cal_762,rw_cal_762,rw_cal_762,Weapons & ammunition,ammunition,,,,Identify Expanded,mods-source/3790594162/ammunition/rw_cal_762.ini,"[""3790594162""]",,,,photo_gap,,pending,"Candidate family/component reference only. Verify visible variant, operator, era and configuration. This is a source record, not a claim about the load-order winner."
3796113927:aircraft/usaf_rq-180,usaf_rq-180,RQ-180 “White Bat”,Aircraft & helicopters,aircraft,Aircraft,,,RQ-180 White Bat Airframe,mods-source/3796113927/aircraft/usaf_rq-180.ini,"[""3796113927""]",,,,photo_gap,,pending,"Candidate family/component reference only. Verify visible variant, operator, era and configuration. This is a source record, not a claim about the load-order winner."
3796349767:ammunition/yf23_agm88a_internal,yf23_agm88a_internal,yf23_agm88a_internal,Weapons & ammunition,ammunition,,,,YF-23 Black Widow II,mods-source/3796349767/ammunition/yf23_agm88a_internal.ini,"[""3796349767""]",#!alias ammunition/usn_agm-88a.ini,,,photo_gap,,pending,"Candidate family/component reference only. Verify visible variant, operator, era and configuration. This is a source record, not a claim about the load-order winner."
3796349767:ammunition/yf23_aim260a_internal,yf23_aim260a_internal,yf23_aim260a_internal,Weapons & ammunition,ammunition,,,,YF-23 Black Widow II,mods-source/3796349767/ammunition/yf23_aim260a_internal.ini,"[""3796349767""]",,,,photo_gap,,pending,"Candidate family/component reference only. Verify visible variant, operator, era and configuration. This is a source record, not a claim about the load-order winner."
3796349767:ammunition/yf23_aim424_internal,yf23_aim424_internal,yf23_aim424_internal,Weapons & ammunition,ammunition,,,,YF-23 Black Widow II,mods-source/3796349767/ammunition/yf23_aim424_internal.ini,"[""3796349767""]",,,,photo_gap,,pending,"Candidate family/component reference only. Verify visible variant, operator, era and configuration. This is a source record, not a claim about the load-order winner."
3799742828:ammunition/wp_r-33,wp_r-33,wp_r-33,Weapons & ammunition,ammunition,,,,MiG-31 Foxhound,mods-source/3799742828/ammunition/wp_r-33.ini,"[""3799742828""]",,,,photo_gap,,pending,"Candidate family/component reference only. Verify visible variant, operator, era and configuration. This is a source record, not a claim about the load-order winner."
3799742828:ammunition/wp_r-37,wp_r-37,wp_r-37,Weapons & ammunition,ammunition,,,,MiG-31 Foxhound,mods-source/3799742828/ammunition/wp_r-37.ini,"[""3799742828""]",,,,photo_gap,,pending,"Candidate family/component reference only. Verify visible variant, operator, era and configuration. This is a source record, not a claim about the load-order winner."
3801363152:ammunition/ch53sa_mk48_air,ch53sa_mk48_air,ch53sa_mk48_air,Weapons & ammunition,ammunition,,,,CH-53E Standalone v0.1.0,mods-source/3801363152/ammunition/ch53sa_mk48_air.ini,"[""3801363152""]",,,,photo_gap,,pending,"Candidate family/component reference only. Verify visible variant, operator, era and configuration. This is a source record, not a claim about the load-order winner."
3801549552:aircraft/plaaf_j36,plaaf_j36,J-36 Tailless Fighter,Aircraft & helicopters,aircraft,Aircraft,,,J-36 Tailless Fighter,mods-source/3801549552/aircraft/plaaf_j36.ini,"[""3801549552""]",,,,photo_gap,,pending,"Candidate family/component reference only. Verify visible variant, operator, era and configuration. This is a source record, not a claim about the load-order winner."
3801549552:ammunition/plaaf_4xgj,plaaf_4xgj,plaaf_4xgj,Weapons & ammunition,ammunition,,,,J-36 Tailless Fighter,mods-source/3801549552/ammunition/plaaf_4xgj.ini,"[""3801549552""]",,,,photo_gap,,pending,"Candidate family/component reference only. Verify visible variant, operator, era and configuration. This is a source record, not a claim about the load-order winner."
3801549552:ammunition/plaaf_bbm2,plaaf_bbm2,plaaf_bbm2,Weapons & ammunition,ammunition,,,,J-36 Tailless Fighter,mods-source/3801549552/ammunition/plaaf_bbm2.ini,"[""3801549552""]",,,,photo_gap,,pending,"Candidate family/component reference only. Verify visible variant, operator, era and configuration. This is a source record, not a claim about the load-order winner."
3801549552:ammunition/plaaf_j-10c_ld-8a,plaaf_j-10c_ld-8a,plaaf_j-10c_ld-8a,Weapons & ammunition,ammunition,,,,J-36 Tailless Fighter,mods-source/3801549552/ammunition/plaaf_j-10c_ld-8a.ini,"[""3801549552""]",,,,photo_gap,,pending,"Candidate family/component reference only. Verify visible variant, operator, era and configuration. This is a source record, not a claim about the load-order winner."
3801549552:ammunition/plaaf_j36_ecm_mount,plaaf_j36_ecm_mount,plaaf_j36_ecm_mount,Weapons & ammunition,ammunition,,,,J-36 Tailless Fighter,mods-source/3801549552/ammunition/plaaf_j36_ecm_mount.ini,"[""3801549552""]",,,,photo_gap,,pending,"Candidate family/component reference only. Verify visible variant, operator, era and configuration. This is a source record, not a claim about the load-order winner."
3801549552:ammunition/plaaf_j36_pl17,plaaf_j36_pl17,plaaf_j36_pl17,Weapons & ammunition,ammunition,,,,J-36 Tailless Fighter,mods-source/3801549552/ammunition/plaaf_j36_pl17.ini,"[""3801549552""]",,,,photo_gap,,pending,"Candidate family/component reference only. Verify visible variant, operator, era and configuration. This is a source record, not a claim about the load-order winner."
3802216383:vessels/jmsdf_ddh_hyuga,jmsdf_ddh_hyuga,Hyūga Class,Ships,vessels,Vessel,,,JMSDF Hyūga Class — Hyūga & Ise,mods-source/3802216383/vessels/jmsdf_ddh_hyuga.ini,"[""3802216383""]",,,,photo_gap,,pending,"Candidate family/component reference only. Verify visible variant, operator, era and configuration. This is a source record, not a claim about the load-order winner."
3804868806:ammunition/fury_aim424,fury_aim424,fury_aim424,Weapons & ammunition,ammunition,,,,Anduril FQ-44 Fury US Navy Carrier Wingmen,mods-source/3804868806/ammunition/fury_aim424.ini,"[""3804868806""]",,,,photo_gap,,pending,"Candidate family/component reference only. Verify visible variant, operator, era and configuration. This is a source record, not a claim about the load-order winner."
3806197116:aircraft/civ_as-350,civ_as-350,AS.350B,Aircraft & helicopters,aircraft,Helicopter,,,Civilian AS350 Ecureuil/AStar MOD,mods-source/3806197116/aircraft/civ_as-350.ini,"[""3806197116""]",,,,photo_gap,,pending,"Candidate family/component reference only. Verify visible variant, operator, era and configuration. This is a source record, not a claim about the load-order winner."
3806466625:aircraft/jgsdf_mv22b_osprey,jgsdf_mv22b_osprey,V-22B Osprey,Aircraft & helicopters,aircraft,VTOL,,,MV-22B Osprey Tiltrotor / JGSDF V-22B,mods-source/3806466625/aircraft/jgsdf_mv22b_osprey.ini,"[""3806466625""]",,,,photo_gap,,pending,"Candidate family/component reference only. Verify visible variant, operator, era and configuration. This is a source record, not a claim about the load-order winner."
3806466625:aircraft/mv22b_osprey,mv22b_osprey,MV-22B Osprey,Aircraft & helicopters,aircraft,VTOL,,,MV-22B Osprey Tiltrotor / JGSDF V-22B,mods-source/3806466625/aircraft/mv22b_osprey.ini,"[""3806466625""]",,,,photo_gap,,pending,"Candidate family/component reference only. Verify visible variant, operator, era and configuration. This is a source record, not a claim about the load-order winner."
3807164392:vessels/ins_d-66,ins_d-66,Visakhapatnam Class,Ships,vessels,Vessel,,,Euromod-India-Navy,mods-source/3807164392/vessels/ins_d-66.ini,"[""3807164392""]",,,,photo_gap,,pending,"Candidate family/component reference only. Verify visible variant, operator, era and configuration. This is a source record, not a claim about the load-order winner."
3807164392:ammunition/ins_barak_8,ins_barak_8,ins_barak_8,Weapons & ammunition,ammunition,,,,Euromod-India-Navy,mods-source/3807164392/ammunition/ins_barak_8.ini,"[""3807164392""]",,,,photo_gap,,pending,"Candidate family/component reference only. Verify visible variant, operator, era and configuration. This is a source record, not a claim about the load-order winner."
3810611344:aircraft/usa_v280_systems_fixture,usa_v280_systems_fixture,MV-75 Cheyenne II Navy,Aircraft & helicopters,aircraft,Helicopter,,,MV-75 Cheyenne II,mods-source/3810611344/aircraft/usa_v280_systems_fixture.ini,"[""3810611344""]",,,,photo_gap,,pending,"Candidate family/component reference only. Verify visible variant, operator, era and configuration. This is a source record, not a claim about the load-order winner."
3810611344:ammunition/usa_v280_762,usa_v280_762,usa_v280_762,Weapons & ammunition,ammunition,,,,MV-75 Cheyenne II,mods-source/3810611344/ammunition/usa_v280_762.ini,"[""3810611344""]",,,,photo_gap,,pending,"Candidate family/component reference only. Verify visible variant, operator, era and configuration. This is a source record, not a claim about the load-order winner."
3812111085:aircraft/profile_,profile_,profile_,Aircraft & helicopters,aircraft,Aircraft,,,PLAAF Aircraft Pack,mods-source/3812111085/aircraft/profile_.ini,"[""3812111085""]",,,,photo_gap,,pending,"Candidate family/component reference only. Verify visible variant, operator, era and configuration. This is a source record, not a claim about the load-order winner."
3812111085:ammunition/mbd_pyl_ofab-100,mbd_pyl_ofab-100,mbd_pyl_ofab-100,Weapons & ammunition,ammunition,,,,PLAAF Aircraft Pack,mods-source/3812111085/ammunition/mbd_pyl_ofab-100.ini,"[""3812111085""]",,,,photo_gap,,pending,"Candidate family/component reference only. Verify visible variant, operator, era and configuration. This is a source record, not a claim about the load-order winner."
3812111085:ammunition/plaaf_130-Ⅱ_rocket,plaaf_130-Ⅱ_rocket,plaaf_130-Ⅱ_rocket,Weapons & ammunition,ammunition,,,,PLAAF Aircraft Pack,mods-source/3812111085/ammunition/plaaf_130-Ⅱ_rocket.ini,"[""3812111085""]",,,,photo_gap,,pending,"Candidate family/component reference only. Verify visible variant, operator, era and configuration. This is a source record, not a claim about the load-order winner."
3812111085:ammunition/plaaf_1400l_fueltank,plaaf_1400l_fueltank,plaaf_1400l_fueltank,Weapons & ammunition,ammunition,,,,PLAAF Aircraft Pack,mods-source/3812111085/ammunition/plaaf_1400l_fueltank.ini,"[""3812111085""]",,,,photo_gap,,pending,"Candidate family/component reference only. Verify visible variant, operator, era and configuration. This is a source record, not a claim about the load-order winner."
3812111085:ammunition/plaaf_1400l_fueltank_new,plaaf_1400l_fueltank_new,plaaf_1400l_fueltank_new,Weapons & ammunition,ammunition,,,,PLAAF Aircraft Pack,mods-source/3812111085/ammunition/plaaf_1400l_fueltank_new.ini,"[""3812111085""]",,,,photo_gap,,pending,"Candidate family/component reference only. Verify visible variant, operator, era and configuration. This is a source record, not a claim about the load-order winner."
3812111085:ammunition/plaaf_1600l_fueltank_j-10,plaaf_1600l_fueltank_j-10,plaaf_1600l_fueltank_j-10,Weapons & ammunition,ammunition,,,,PLAAF Aircraft Pack,mods-source/3812111085/ammunition/plaaf_1600l_fueltank_j-10.ini,"[""3812111085""]",,,,photo_gap,,pending,"Candidate family/component reference only. Verify visible variant, operator, era and configuration. This is a source record, not a claim about the load-order winner."
3812111085:ammunition/plaaf_250-Ⅲ,plaaf_250-Ⅲ,plaaf_250-Ⅲ,Weapons & ammunition,ammunition,,,,PLAAF Aircraft Pack,mods-source/3812111085/ammunition/plaaf_250-Ⅲ.ini,"[""3812111085""]",,,,photo_gap,,pending,"Candidate family/component reference only. Verify visible variant, operator, era and configuration. This is a source record, not a claim about the load-order winner."
3812111085:ammunition/plaaf_4xgj,plaaf_4xgj,plaaf_4xgj,Weapons & ammunition,ammunition,,,,PLAAF Aircraft Pack,mods-source/3812111085/ammunition/plaaf_4xgj.ini,"[""3812111085""]",,,,photo_gap,,pending,"Candidate family/component reference only. Verify visible variant, operator, era and configuration. This is a source record, not a claim about the load-order winner."
3812111085:ammunition/plaaf_500-Ⅱ,plaaf_500-Ⅱ,plaaf_500-Ⅱ,Weapons & ammunition,ammunition,,,,PLAAF Aircraft Pack,mods-source/3812111085/ammunition/plaaf_500-Ⅱ.ini,"[""3812111085""]",,,,photo_gap,,pending,"Candidate family/component reference only. Verify visible variant, operator, era and configuration. This is a source record, not a claim about the load-order winner."
3812111085:ammunition/plaaf_500-Ⅲ,plaaf_500-Ⅲ,plaaf_500-Ⅲ,Weapons & ammunition,ammunition,,,,PLAAF Aircraft Pack,mods-source/3812111085/ammunition/plaaf_500-Ⅲ.ini,"[""3812111085""]",,,,photo_gap,,pending,"Candidate family/component reference only. Verify visible variant, operator, era and configuration. This is a source record, not a claim about the load-order winner."
3812111085:ammunition/plaaf_750l_fueltank,plaaf_750l_fueltank,plaaf_750l_fueltank,Weapons & ammunition,ammunition,,,,PLAAF Aircraft Pack,mods-source/3812111085/ammunition/plaaf_750l_fueltank.ini,"[""3812111085""]",,,,photo_gap,,pending,"Candidate family/component reference only. Verify visible variant, operator, era and configuration. This is a source record, not a claim about the load-order winner."
3812111085:ammunition/plaaf_800l_fueltank,plaaf_800l_fueltank,plaaf_800l_fueltank,Weapons & ammunition,ammunition,,,,PLAAF Aircraft Pack,mods-source/3812111085/ammunition/plaaf_800l_fueltank.ini,"[""3812111085""]",,,,photo_gap,,pending,"Candidate family/component reference only. Verify visible variant, operator, era and configuration. This is a source record, not a claim about the load-order winner."
3812111085:ammunition/plaaf_800l_fueltank_j-10,plaaf_800l_fueltank_j-10,plaaf_800l_fueltank_j-10,Weapons & ammunition,ammunition,,,,PLAAF Aircraft Pack,mods-source/3812111085/ammunition/plaaf_800l_fueltank_j-10.ini,"[""3812111085""]",,,,photo_gap,,pending,"Candidate family/component reference only. Verify visible variant, operator, era and configuration. This is a source record, not a claim about the load-order winner."
3812111085:ammunition/plaaf_800l_fueltank_new,plaaf_800l_fueltank_new,plaaf_800l_fueltank_new,Weapons & ammunition,ammunition,,,,PLAAF Aircraft Pack,mods-source/3812111085/ammunition/plaaf_800l_fueltank_new.ini,"[""3812111085""]",,,,photo_gap,,pending,"Candidate family/component reference only. Verify visible variant, operator, era and configuration. This is a source record, not a claim about the load-order winner."
3812111085:ammunition/plaaf_90-Ⅰ_rocket,plaaf_90-Ⅰ_rocket,plaaf_90-Ⅰ_rocket,Weapons & ammunition,ammunition,,,,PLAAF Aircraft Pack,mods-source/3812111085/ammunition/plaaf_90-Ⅰ_rocket.ini,"[""3812111085""]",,,,photo_gap,,pending,"Candidate family/component reference only. Verify visible variant, operator, era and configuration. This is a source record, not a claim about the load-order winner."
3812111085:ammunition/plaaf_akf-98,plaaf_akf-98,plaaf_akf-98,Weapons & ammunition,ammunition,,,,PLAAF Aircraft Pack,mods-source/3812111085/ammunition/plaaf_akf-98.ini,"[""3812111085""]",,,,photo_gap,,pending,"Candidate family/component reference only. Verify visible variant, operator, era and configuration. This is a source record, not a claim about the load-order winner."
3812111085:ammunition/plaaf_akf-98a,plaaf_akf-98a,plaaf_akf-98a,Weapons & ammunition,ammunition,,,,PLAAF Aircraft Pack,mods-source/3812111085/ammunition/plaaf_akf-98a.ini,"[""3812111085""]",,,,photo_gap,,pending,"Candidate family/component reference only. Verify visible variant, operator, era and configuration. This is a source record, not a claim about the load-order winner."
3812111085:ammunition/plaaf_bbm2,plaaf_bbm2,plaaf_bbm2,Weapons & ammunition,ammunition,,,,PLAAF Aircraft Pack,mods-source/3812111085/ammunition/plaaf_bbm2.ini,"[""3812111085""]",,,,photo_gap,,pending,"Candidate family/component reference only. Verify visible variant, operator, era and configuration. This is a source record, not a claim about the load-order winner."
3812111085:ammunition/plaaf_cj-20,plaaf_cj-20,plaaf_cj-20,Weapons & ammunition,ammunition,,,,PLAAF Aircraft Pack,mods-source/3812111085/ammunition/plaaf_cj-20.ini,"[""3812111085""]",,,,photo_gap,,pending,"Candidate family/component reference only. Verify visible variant, operator, era and configuration. This is a source record, not a claim about the load-order winner."
3812111085:ammunition/plaaf_gb-1000,plaaf_gb-1000,plaaf_gb-1000,Weapons & ammunition,ammunition,,,,PLAAF Aircraft Pack,mods-source/3812111085/ammunition/plaaf_gb-1000.ini,"[""3812111085""]",,,,photo_gap,,pending,"Candidate family/component reference only. Verify visible variant, operator, era and configuration. This is a source record, not a claim about the load-order winner."
3812111085:ammunition/plaaf_gb-250,plaaf_gb-250,plaaf_gb-250,Weapons & ammunition,ammunition,,,,PLAAF Aircraft Pack,mods-source/3812111085/ammunition/plaaf_gb-250.ini,"[""3812111085""]",,,,photo_gap,,pending,"Candidate family/component reference only. Verify visible variant, operator, era and configuration. This is a source record, not a claim about the load-order winner."
3812111085:ammunition/plaaf_gb-3,plaaf_gb-3,plaaf_gb-3,Weapons & ammunition,ammunition,,,,PLAAF Aircraft Pack,mods-source/3812111085/ammunition/plaaf_gb-3.ini,"[""3812111085""]",,,,photo_gap,,pending,"Candidate family/component reference only. Verify visible variant, operator, era and configuration. This is a source record, not a claim about the load-order winner."
3812111085:ammunition/plaaf_gb-500,plaaf_gb-500,plaaf_gb-500,Weapons & ammunition,ammunition,,,,PLAAF Aircraft Pack,mods-source/3812111085/ammunition/plaaf_gb-500.ini,"[""3812111085""]",,,,photo_gap,,pending,"Candidate family/component reference only. Verify visible variant, operator, era and configuration. This is a source record, not a claim about the load-order winner."
3812111085:ammunition/plaaf_h-6j_esm_pod,plaaf_h-6j_esm_pod,plaaf_h-6j_esm_pod,Weapons & ammunition,ammunition,,,,PLAAF Aircraft Pack,mods-source/3812111085/ammunition/plaaf_h-6j_esm_pod.ini,"[""3812111085""]",,,,photo_gap,,pending,"Candidate family/component reference only. Verify visible variant, operator, era and configuration. This is a source record, not a claim about the load-order winner."
3812111085:ammunition/plaaf_hf-14,plaaf_hf-14,plaaf_hf-14,Weapons & ammunition,ammunition,,,,PLAAF Aircraft Pack,mods-source/3812111085/ammunition/plaaf_hf-14.ini,"[""3812111085""]",,,,photo_gap,,pending,"Candidate family/component reference only. Verify visible variant, operator, era and configuration. This is a source record, not a claim about the load-order winner."
3812111085:ammunition/plaaf_hf-20,plaaf_hf-20,plaaf_hf-20,Weapons & ammunition,ammunition,,,,PLAAF Aircraft Pack,mods-source/3812111085/ammunition/plaaf_hf-20.ini,"[""3812111085""]",,,,photo_gap,,pending,"Candidate family/component reference only. Verify visible variant, operator, era and configuration. This is a source record, not a claim about the load-order winner."
3812111085:ammunition/plaaf_hf-20_hs-90,plaaf_hf-20_hs-90,plaaf_hf-20_hs-90,Weapons & ammunition,ammunition,,,,PLAAF Aircraft Pack,mods-source/3812111085/ammunition/plaaf_hf-20_hs-90.ini,"[""3812111085""]",,,,photo_gap,,pending,"Candidate family/component reference only. Verify visible variant, operator, era and configuration. This is a source record, not a claim about the load-order winner."
3812111085:ammunition/plaaf_hf-6,plaaf_hf-6,plaaf_hf-6,Weapons & ammunition,ammunition,,,,PLAAF Aircraft Pack,mods-source/3812111085/ammunition/plaaf_hf-6.ini,"[""3812111085""]",,,,photo_gap,,pending,"Candidate family/component reference only. Verify visible variant, operator, era and configuration. This is a source record, not a claim about the load-order winner."
3812111085:ammunition/plaaf_hs-90a,plaaf_hs-90a,plaaf_hs-90a,Weapons & ammunition,ammunition,,,,PLAAF Aircraft Pack,mods-source/3812111085/ammunition/plaaf_hs-90a.ini,"[""3812111085""]",,,,photo_gap,,pending,"Candidate family/component reference only. Verify visible variant, operator, era and configuration. This is a source record, not a claim about the load-order winner."
3812111085:ammunition/plaaf_j-10_bombx2_pyl,plaaf_j-10_bombx2_pyl,plaaf_j-10_bombx2_pyl,Weapons & ammunition,ammunition,,,,PLAAF Aircraft Pack,mods-source/3812111085/ammunition/plaaf_j-10_bombx2_pyl.ini,"[""3812111085""]",,,,photo_gap,,pending,"Candidate family/component reference only. Verify visible variant, operator, era and configuration. This is a source record, not a claim about the load-order winner."
3812111085:ammunition/plaaf_j-10c_gb-3_3,plaaf_j-10c_gb-3_3,plaaf_j-10c_gb-3_3,Weapons & ammunition,ammunition,,,,PLAAF Aircraft Pack,mods-source/3812111085/ammunition/plaaf_j-10c_gb-3_3.ini,"[""3812111085""]",,,,photo_gap,,pending,"Candidate family/component reference only. Verify visible variant, operator, era and configuration. This is a source record, not a claim about the load-order winner."
3812111085:ammunition/plaaf_jl-1,plaaf_jl-1,plaaf_jl-1,Weapons & ammunition,ammunition,,,,PLAAF Aircraft Pack,mods-source/3812111085/ammunition/plaaf_jl-1.ini,"[""3812111085""]",,,,photo_gap,,pending,"Candidate family/component reference only. Verify visible variant, operator, era and configuration. This is a source record, not a claim about the load-order winner."
3812111085:ammunition/plaaf_kab-1500kr,plaaf_kab-1500kr,plaaf_kab-1500kr,Weapons & ammunition,ammunition,,,,PLAAF Aircraft Pack,mods-source/3812111085/ammunition/plaaf_kab-1500kr.ini,"[""3812111085""]",,,,photo_gap,,pending,"Candidate family/component reference only. Verify visible variant, operator, era and configuration. This is a source record, not a claim about the load-order winner."
3812111085:ammunition/plaaf_kd-63,plaaf_kd-63,plaaf_kd-63,Weapons & ammunition,ammunition,,,,PLAAF Aircraft Pack,mods-source/3812111085/ammunition/plaaf_kd-63.ini,"[""3812111085""]",,,,photo_gap,,pending,"Candidate family/component reference only. Verify visible variant, operator, era and configuration. This is a source record, not a claim about the load-order winner."
3812111085:ammunition/plaaf_kd-63b,plaaf_kd-63b,plaaf_kd-63b,Weapons & ammunition,ammunition,,,,PLAAF Aircraft Pack,mods-source/3812111085/ammunition/plaaf_kd-63b.ini,"[""3812111085""]",,,,photo_gap,,pending,"Candidate family/component reference only. Verify visible variant, operator, era and configuration. This is a source record, not a claim about the load-order winner."
3812111085:ammunition/plaaf_kd-63c,plaaf_kd-63c,plaaf_kd-63c,Weapons & ammunition,ammunition,,,,PLAAF Aircraft Pack,mods-source/3812111085/ammunition/plaaf_kd-63c.ini,"[""3812111085""]",,,,photo_gap,,pending,"Candidate family/component reference only. Verify visible variant, operator, era and configuration. This is a source record, not a claim about the load-order winner."
3812111085:ammunition/plaaf_kd-88,plaaf_kd-88,plaaf_kd-88,Weapons & ammunition,ammunition,,,,PLAAF Aircraft Pack,mods-source/3812111085/ammunition/plaaf_kd-88.ini,"[""3812111085""]",,,,photo_gap,,pending,"Candidate family/component reference only. Verify visible variant, operator, era and configuration. This is a source record, not a claim about the load-order winner."
3812111085:ammunition/plaaf_kd-88_pod,plaaf_kd-88_pod,plaaf_kd-88_pod,Weapons & ammunition,ammunition,,,,PLAAF Aircraft Pack,mods-source/3812111085/ammunition/plaaf_kd-88_pod.ini,"[""3812111085""]",,,,photo_gap,,pending,"Candidate family/component reference only. Verify visible variant, operator, era and configuration. This is a source record, not a claim about the load-order winner."
3812111085:ammunition/plaaf_kd-88a,plaaf_kd-88a,plaaf_kd-88a,Weapons & ammunition,ammunition,,,,PLAAF Aircraft Pack,mods-source/3812111085/ammunition/plaaf_kd-88a.ini,"[""3812111085""]",,,,photo_gap,,pending,"Candidate family/component reference only. Verify visible variant, operator, era and configuration. This is a source record, not a claim about the load-order winner."
3812111085:ammunition/plaaf_kh-29te,plaaf_kh-29te,plaaf_kh-29te,Weapons & ammunition,ammunition,,,,PLAAF Aircraft Pack,mods-source/3812111085/ammunition/plaaf_kh-29te.ini,"[""3812111085""]",,,,photo_gap,,pending,"Candidate family/component reference only. Verify visible variant, operator, era and configuration. This is a source record, not a claim about the load-order winner."
3812111085:ammunition/plaaf_ld-10,plaaf_ld-10,plaaf_ld-10,Weapons & ammunition,ammunition,,,,PLAAF Aircraft Pack,mods-source/3812111085/ammunition/plaaf_ld-10.ini,"[""3812111085""]",,,,photo_gap,,pending,"Candidate family/component reference only. Verify visible variant, operator, era and configuration. This is a source record, not a claim about the load-order winner."
3812111085:ammunition/plaaf_ld-8a,plaaf_ld-8a,plaaf_ld-8a,Weapons & ammunition,ammunition,,,,PLAAF Aircraft Pack,mods-source/3812111085/ammunition/plaaf_ld-8a.ini,"[""3812111085""]",,,,photo_gap,,pending,"Candidate family/component reference only. Verify visible variant, operator, era and configuration. This is a source record, not a claim about the load-order winner."
3812111085:ammunition/plaaf_ld-8a_s,plaaf_ld-8a_s,plaaf_ld-8a_s,Weapons & ammunition,ammunition,,,,PLAAF Aircraft Pack,mods-source/3812111085/ammunition/plaaf_ld-8a_s.ini,"[""3812111085""]",,,,photo_gap,,pending,"Candidate family/component reference only. Verify visible variant, operator, era and configuration. This is a source record, not a claim about the load-order winner."
3812111085:ammunition/plaaf_ls-6_250,plaaf_ls-6_250,plaaf_ls-6_250,Weapons & ammunition,ammunition,,,,PLAAF Aircraft Pack,mods-source/3812111085/ammunition/plaaf_ls-6_250.ini,"[""3812111085""]",,,,photo_gap,,pending,"Candidate family/component reference only. Verify visible variant, operator, era and configuration. This is a source record, not a claim about the load-order winner."
3812111085:ammunition/plaaf_ls-6_500,plaaf_ls-6_500,plaaf_ls-6_500,Weapons & ammunition,ammunition,,,,PLAAF Aircraft Pack,mods-source/3812111085/ammunition/plaaf_ls-6_500.ini,"[""3812111085""]",,,,photo_gap,,pending,"Candidate family/component reference only. Verify visible variant, operator, era and configuration. This is a source record, not a claim about the load-order winner."
3812111085:ammunition/plaaf_ls-6_500_zc,plaaf_ls-6_500_zc,plaaf_ls-6_500_zc,Weapons & ammunition,ammunition,,,,PLAAF Aircraft Pack,mods-source/3812111085/ammunition/plaaf_ls-6_500_zc.ini,"[""3812111085""]",,,,photo_gap,,pending,"Candidate family/component reference only. Verify visible variant, operator, era and configuration. This is a source record, not a claim about the load-order winner."
3812111085:ammunition/plaaf_mer_ls-6_250_6,plaaf_mer_ls-6_250_6,plaaf_mer_ls-6_250_6,Weapons & ammunition,ammunition,,,,PLAAF Aircraft Pack,mods-source/3812111085/ammunition/plaaf_mer_ls-6_250_6.ini,"[""3812111085""]",,,,photo_gap,,pending,"Candidate family/component reference only. Verify visible variant, operator, era and configuration. This is a source record, not a claim about the load-order winner."
3812111085:ammunition/plaaf_mer_ls-6_500_4l,plaaf_mer_ls-6_500_4l,plaaf_mer_ls-6_500_4l,Weapons & ammunition,ammunition,,,,PLAAF Aircraft Pack,mods-source/3812111085/ammunition/plaaf_mer_ls-6_500_4l.ini,"[""3812111085""]",,,,photo_gap,,pending,"Candidate family/component reference only. Verify visible variant, operator, era and configuration. This is a source record, not a claim about the load-order winner."
3812111085:ammunition/plaaf_mer_ls-6_500_4r,plaaf_mer_ls-6_500_4r,plaaf_mer_ls-6_500_4r,Weapons & ammunition,ammunition,,,,PLAAF Aircraft Pack,mods-source/3812111085/ammunition/plaaf_mer_ls-6_500_4r.ini,"[""3812111085""]",,,,photo_gap,,pending,"Candidate family/component reference only. Verify visible variant, operator, era and configuration. This is a source record, not a claim about the load-order winner."
3812111085:ammunition/plaaf_mer_type-3-250_6,plaaf_mer_type-3-250_6,plaaf_mer_type-3-250_6,Weapons & ammunition,ammunition,,,,PLAAF Aircraft Pack,mods-source/3812111085/ammunition/plaaf_mer_type-3-250_6.ini,"[""3812111085""]",,,,photo_gap,,pending,"Candidate family/component reference only. Verify visible variant, operator, era and configuration. This is a source record, not a claim about the load-order winner."
3812111085:ammunition/plaaf_pl-10,plaaf_pl-10,plaaf_pl-10,Weapons & ammunition,ammunition,,,,PLAAF Aircraft Pack,mods-source/3812111085/ammunition/plaaf_pl-10.ini,"[""3812111085""]",,,,photo_gap,,pending,"Candidate family/component reference only. Verify visible variant, operator, era and configuration. This is a source record, not a claim about the load-order winner."
3812111085:ammunition/plaaf_pl-17,plaaf_pl-17,plaaf_pl-17,Weapons & ammunition,ammunition,,,,PLAAF Aircraft Pack,mods-source/3812111085/ammunition/plaaf_pl-17.ini,"[""3812111085""]",,,,photo_gap,,pending,"Candidate family/component reference only. Verify visible variant, operator, era and configuration. This is a source record, not a claim about the load-order winner."
3812111085:ammunition/plaaf_pl-2,plaaf_pl-2,plaaf_pl-2,Weapons & ammunition,ammunition,,,,PLAAF Aircraft Pack,mods-source/3812111085/ammunition/plaaf_pl-2.ini,"[""3812111085""]",,,,photo_gap,,pending,"Candidate family/component reference only. Verify visible variant, operator, era and configuration. This is a source record, not a claim about the load-order winner."
3812111085:ammunition/plaaf_pl-5b,plaaf_pl-5b,plaaf_pl-5b,Weapons & ammunition,ammunition,,,,PLAAF Aircraft Pack,mods-source/3812111085/ammunition/plaaf_pl-5b.ini,"[""3812111085""]",,,,photo_gap,,pending,"Candidate family/component reference only. Verify visible variant, operator, era and configuration. This is a source record, not a claim about the load-order winner."
3812111085:ammunition/plaaf_pl-5c,plaaf_pl-5c,plaaf_pl-5c,Weapons & ammunition,ammunition,,,,PLAAF Aircraft Pack,mods-source/3812111085/ammunition/plaaf_pl-5c.ini,"[""3812111085""]",,,,photo_gap,,pending,"Candidate family/component reference only. Verify visible variant, operator, era and configuration. This is a source record, not a claim about the load-order winner."
3812111085:ammunition/plaaf_pl-8,plaaf_pl-8,plaaf_pl-8,Weapons & ammunition,ammunition,,,,PLAAF Aircraft Pack,mods-source/3812111085/ammunition/plaaf_pl-8.ini,"[""3812111085""]",,,,photo_gap,,pending,"Candidate family/component reference only. Verify visible variant, operator, era and configuration. This is a source record, not a claim about the load-order winner."
3812111085:ammunition/plaaf_pl-8b,plaaf_pl-8b,plaaf_pl-8b,Weapons & ammunition,ammunition,,,,PLAAF Aircraft Pack,mods-source/3812111085/ammunition/plaaf_pl-8b.ini,"[""3812111085""]",,,,photo_gap,,pending,"Candidate family/component reference only. Verify visible variant, operator, era and configuration. This is a source record, not a claim about the load-order winner."
3812111085:ammunition/plaaf_rkl-700a,plaaf_rkl-700a,plaaf_rkl-700a,Weapons & ammunition,ammunition,,,,PLAAF Aircraft Pack,mods-source/3812111085/ammunition/plaaf_rkl-700a.ini,"[""3812111085""]",,,,photo_gap,,pending,"Candidate family/component reference only. Verify visible variant, operator, era and configuration. This is a source record, not a claim about the load-order winner."
3812111085:ammunition/plaaf_ter_gb-250_3,plaaf_ter_gb-250_3,plaaf_ter_gb-250_3,Weapons & ammunition,ammunition,,,,PLAAF Aircraft Pack,mods-source/3812111085/ammunition/plaaf_ter_gb-250_3.ini,"[""3812111085""]",,,,photo_gap,,pending,"Candidate family/component reference only. Verify visible variant, operator, era and configuration. This is a source record, not a claim about the load-order winner."
3812111085:ammunition/plaaf_ter_gb-3_3,plaaf_ter_gb-3_3,plaaf_ter_gb-3_3,Weapons & ammunition,ammunition,,,,PLAAF Aircraft Pack,mods-source/3812111085/ammunition/plaaf_ter_gb-3_3.ini,"[""3812111085""]",,,,photo_gap,,pending,"Candidate family/component reference only. Verify visible variant, operator, era and configuration. This is a source record, not a claim about the load-order winner."
3812111085:ammunition/plaaf_ter_type-3-250_3,plaaf_ter_type-3-250_3,plaaf_ter_type-3-250_3,Weapons & ammunition,ammunition,,,,PLAAF Aircraft Pack,mods-source/3812111085/ammunition/plaaf_ter_type-3-250_3.ini,"[""3812111085""]",,,,photo_gap,,pending,"Candidate family/component reference only. Verify visible variant, operator, era and configuration. This is a source record, not a claim about the load-order winner."
3812111085:ammunition/plaaf_wz-8,plaaf_wz-8,plaaf_wz-8,Weapons & ammunition,ammunition,,,,PLAAF Aircraft Pack,mods-source/3812111085/ammunition/plaaf_wz-8.ini,"[""3812111085""]",,,,photo_gap,,pending,"Candidate family/component reference only. Verify visible variant, operator, era and configuration. This is a source record, not a claim about the load-order winner."
3812111085:ammunition/plaaf_yings-iii,plaaf_yings-iii,plaaf_yings-iii,Weapons & ammunition,ammunition,,,,PLAAF Aircraft Pack,mods-source/3812111085/ammunition/plaaf_yings-iii.ini,"[""3812111085""]",,,,photo_gap,,pending,"Candidate family/component reference only. Verify visible variant, operator, era and configuration. This is a source record, not a claim about the load-order winner."
3812111085:ammunition/plaaf_yj-12,plaaf_yj-12,plaaf_yj-12,Weapons & ammunition,ammunition,,,,PLAAF Aircraft Pack,mods-source/3812111085/ammunition/plaaf_yj-12.ini,"[""3812111085""]",,,,photo_gap,,pending,"Candidate family/component reference only. Verify visible variant, operator, era and configuration. This is a source record, not a claim about the load-order winner."
3812111085:ammunition/plaaf_yj-21,plaaf_yj-21,plaaf_yj-21,Weapons & ammunition,ammunition,,,,PLAAF Aircraft Pack,mods-source/3812111085/ammunition/plaaf_yj-21.ini,"[""3812111085""]",,,,photo_gap,,pending,"Candidate family/component reference only. Verify visible variant, operator, era and configuration. This is a source record, not a claim about the load-order winner."
3812111085:ammunition/plaaf_yj-91_l111,plaaf_yj-91_l111,plaaf_yj-91_l111,Weapons & ammunition,ammunition,,,,PLAAF Aircraft Pack,mods-source/3812111085/ammunition/plaaf_yj-91_l111.ini,"[""3812111085""]",,,,photo_gap,,pending,"Candidate family/component reference only. Verify visible variant, operator, era and configuration. This is a source record, not a claim about the load-order winner."
3812111085:ammunition/plaaf_yj-91_l112,plaaf_yj-91_l112,plaaf_yj-91_l112,Weapons & ammunition,ammunition,,,,PLAAF Aircraft Pack,mods-source/3812111085/ammunition/plaaf_yj-91_l112.ini,"[""3812111085""]",,,,photo_gap,,pending,"Candidate family/component reference only. Verify visible variant, operator, era and configuration. This is a source record, not a claim about the load-order winner."
3812111085:ammunition/plaaf_yj-91_l113,plaaf_yj-91_l113,plaaf_yj-91_l113,Weapons & ammunition,ammunition,,,,PLAAF Aircraft Pack,mods-source/3812111085/ammunition/plaaf_yj-91_l113.ini,"[""3812111085""]",,,,photo_gap,,pending,"Candidate family/component reference only. Verify visible variant, operator, era and configuration. This is a source record, not a claim about the load-order winner."
3812111085:ammunition/plaaf_yj-91a,plaaf_yj-91a,plaaf_yj-91a,Weapons & ammunition,ammunition,,,,PLAAF Aircraft Pack,mods-source/3812111085/ammunition/plaaf_yj-91a.ini,"[""3812111085""]",,,,photo_gap,,pending,"Candidate family/component reference only. Verify visible variant, operator, era and configuration. This is a source record, not a claim about the load-order winner."
3812111085:ammunition/plaaf_yj-98,plaaf_yj-98,plaaf_yj-98,Weapons & ammunition,ammunition,,,,PLAAF Aircraft Pack,mods-source/3812111085/ammunition/plaaf_yj-98.ini,"[""3812111085""]",,,,photo_gap,,pending,"Candidate family/component reference only. Verify visible variant, operator, era and configuration. This is a source record, not a claim about the load-order winner."
3812111085:ammunition/plan_yj-15,plan_yj-15,plan_yj-15,Weapons & ammunition,ammunition,,,,PLAAF Aircraft Pack,mods-source/3812111085/ammunition/plan_yj-15.ini,"[""3812111085""]",,,,photo_gap,,pending,"Candidate family/component reference only. Verify visible variant, operator, era and configuration. This is a source record, not a claim about the load-order winner."
3812111085:ammunition/wp_ub-32-57,wp_ub-32-57,wp_ub-32-57,Weapons & ammunition,ammunition,,,,PLAAF Aircraft Pack,mods-source/3812111085/ammunition/wp_ub-32-57.ini,"[""3812111085""]",,,,photo_gap,,pending,"Candidate family/component reference only. Verify visible variant, operator, era and configuration. This is a source record, not a claim about the load-order winner."
3812140001:aircraft/paf_mirage_iii,paf_mirage_iii,Mirage III,Aircraft & helicopters,aircraft,Aircraft,,,Pakistani Pack,mods-source/3812140001/aircraft/paf_mirage_iii.ini,"[""3812140001""]",#!alias aircraft/fr_mirage_iii.ini,,,photo_gap,,pending,"Candidate family/component reference only. Verify visible variant, operator, era and configuration. This is a source record, not a claim about the load-order winner."
3812140001:aircraft/paf_zdk-03,paf_zdk-03,ZDK-03,Aircraft & helicopters,aircraft,Aircraft,,,Pakistani Pack,mods-source/3812140001/aircraft/paf_zdk-03.ini,"[""3812140001""]",,,,photo_gap,,pending,"Candidate family/component reference only. Verify visible variant, operator, era and configuration. This is a source record, not a claim about the load-order winner."
3812140001:aircraft/pns_sh-3h,pns_sh-3h,SH-3H,Aircraft & helicopters,aircraft,Helicopter,,,Pakistani Pack,mods-source/3812140001/aircraft/pns_sh-3h.ini,"[""3812140001""]",,,,photo_gap,,pending,"Candidate family/component reference only. Verify visible variant, operator, era and configuration. This is a source record, not a claim about the load-order winner."
3812140001:vessels/pns_ffg_oliver_hazard_perry_longhull,pns_ffg_oliver_hazard_perry_longhull,O.H. Perry-class frigate,Ships,vessels,Vessel,,,Pakistani Pack,mods-source/3812140001/vessels/pns_ffg_oliver_hazard_perry_longhull.ini,"[""3812140001""]",,,,photo_gap,,pending,"Candidate family/component reference only. Verify visible variant, operator, era and configuration. This is a source record, not a claim about the load-order winner."
3812140001:vessels/pns_ss_hashmat,pns_ss_hashmat,pns_ss_hashmat,Submarines,vessels,Submarine,,,Pakistani Pack,mods-source/3812140001/vessels/pns_ss_hashmat.ini,"[""3812140001""]",,,,photo_gap,,pending,"Candidate family/component reference only. Verify visible variant, operator, era and configuration. This is a source record, not a claim about the load-order winner."
3812140001:vessels/pns_ss_s-26p,pns_ss_s-26p,Hangor-class (S-26P),Submarines,vessels,Submarine,,,Pakistani Pack,mods-source/3812140001/vessels/pns_ss_s-26p.ini,"[""3812140001""]",,,,photo_gap,,pending,"Candidate family/component reference only. Verify visible variant, operator, era and configuration. This is a source record, not a claim about the load-order winner."
3812140001:vessels/pns_type_054a_p,pns_type_054a_p,054A/P,Ships,vessels,Vessel,,,Pakistani Pack,mods-source/3812140001/vessels/pns_type_054a_p.ini,"[""3812140001""]",,,,photo_gap,,pending,"Candidate family/component reference only. Verify visible variant, operator, era and configuration. This is a source record, not a claim about the load-order winner."
3812140001:land_units/pla_c-602_tel,pla_c-602_tel,C-602 Coastal Anti-Ship Missile Launcher Vehicle,Land units,land_units,LandUnit,MobileUnit,,Pakistani Pack,mods-source/3812140001/land_units/pla_c-602_tel.ini,"[""3812140001""]",,,,photo_gap,,pending,"Candidate family/component reference only. Verify visible variant, operator, era and configuration. This is a source record, not a claim about the load-order winner."
3812140001:land_units/pla_sam_site_hq-16ae,pla_sam_site_hq-16ae,HQ-16AE Air Defense Missile Site,Land units,land_units,LandUnit,SAM,,Pakistani Pack,mods-source/3812140001/land_units/pla_sam_site_hq-16ae.ini,"[""3812140001""]",,,,photo_gap,,pending,"Candidate family/component reference only. Verify visible variant, operator, era and configuration. This is a source record, not a claim about the load-order winner."
3812140001:land_units/pla_sam_site_hq-9be,pla_sam_site_hq-9be,HQ-9BE Air Defense Missile Site,Land units,land_units,LandUnit,SAM,,Pakistani Pack,mods-source/3812140001/land_units/pla_sam_site_hq-9be.ini,"[""3812140001""]",,,,photo_gap,,pending,"Candidate family/component reference only. Verify visible variant, operator, era and configuration. This is a source record, not a claim about the load-order winner."
3812140001:ammunition/paf_1100l_fueltank,paf_1100l_fueltank,paf_1100l_fueltank,Weapons & ammunition,ammunition,,,,Pakistani Pack,mods-source/3812140001/ammunition/paf_1100l_fueltank.ini,"[""3812140001""]",,,,photo_gap,,pending,"Candidate family/component reference only. Verify visible variant, operator, era and configuration. This is a source record, not a claim about the load-order winner."
3812140001:ammunition/paf_800l_fueltank,paf_800l_fueltank,paf_800l_fueltank,Weapons & ammunition,ammunition,,,,Pakistani Pack,mods-source/3812140001/ammunition/paf_800l_fueltank.ini,"[""3812140001""]",,,,photo_gap,,pending,"Candidate family/component reference only. Verify visible variant, operator, era and configuration. This is a source record, not a claim about the load-order winner."
3812140001:ammunition/paf_aselpod,paf_aselpod,paf_aselpod,Weapons & ammunition,ammunition,,,,Pakistani Pack,mods-source/3812140001/ammunition/paf_aselpod.ini,"[""3812140001""]",,,,photo_gap,,pending,"Candidate family/component reference only. Verify visible variant, operator, era and configuration. This is a source record, not a claim about the load-order winner."
3812140001:ammunition/pla_c-602,pla_c-602,pla_c-602,Weapons & ammunition,ammunition,,,,Pakistani Pack,mods-source/3812140001/ammunition/pla_c-602.ini,"[""3812140001""]",,,,photo_gap,,pending,"Candidate family/component reference only. Verify visible variant, operator, era and configuration. This is a source record, not a claim about the load-order winner."
3812140001:ammunition/pla_hq-16ae,pla_hq-16ae,pla_hq-16ae,Weapons & ammunition,ammunition,,,,Pakistani Pack,mods-source/3812140001/ammunition/pla_hq-16ae.ini,"[""3812140001""]",,,,photo_gap,,pending,"Candidate family/component reference only. Verify visible variant, operator, era and configuration. This is a source record, not a claim about the load-order winner."
3812140001:ammunition/pla_hq-9be,pla_hq-9be,pla_hq-9be,Weapons & ammunition,ammunition,,,,Pakistani Pack,mods-source/3812140001/ammunition/pla_hq-9be.ini,"[""3812140001""]",,,,photo_gap,,pending,"Candidate family/component reference only. Verify visible variant, operator, era and configuration. This is a source record, not a claim about the load-order winner."
3812140001:ammunition/plaaf_cm-400akg,plaaf_cm-400akg,plaaf_cm-400akg,Weapons & ammunition,ammunition,,,,Pakistani Pack,mods-source/3812140001/ammunition/plaaf_cm-400akg.ini,"[""3812140001""]",,,,photo_gap,,pending,"Candidate family/component reference only. Verify visible variant, operator, era and configuration. This is a source record, not a claim about the load-order winner."
3812140001:ammunition/plaaf_cm-400akg_arm,plaaf_cm-400akg_arm,plaaf_cm-400akg_arm,Weapons & ammunition,ammunition,,,,Pakistani Pack,mods-source/3812140001/ammunition/plaaf_cm-400akg_arm.ini,"[""3812140001""]",,,,photo_gap,,pending,"Candidate family/component reference only. Verify visible variant, operator, era and configuration. This is a source record, not a claim about the load-order winner."
3812140001:ammunition/plaaf_cm-802akg,plaaf_cm-802akg,plaaf_cm-802akg,Weapons & ammunition,ammunition,,,,Pakistani Pack,mods-source/3812140001/ammunition/plaaf_cm-802akg.ini,"[""3812140001""]",,,,photo_gap,,pending,"Candidate family/component reference only. Verify visible variant, operator, era and configuration. This is a source record, not a claim about the load-order winner."
3812140001:ammunition/plaaf_pl-10e,plaaf_pl-10e,plaaf_pl-10e,Weapons & ammunition,ammunition,,,,Pakistani Pack,mods-source/3812140001/ammunition/plaaf_pl-10e.ini,"[""3812140001""]",,,,photo_gap,,pending,"Candidate family/component reference only. Verify visible variant, operator, era and configuration. This is a source record, not a claim about the load-order winner."
3812140001:ammunition/plaaf_pl-5eii,plaaf_pl-5eii,plaaf_pl-5eii,Weapons & ammunition,ammunition,,,,Pakistani Pack,mods-source/3812140001/ammunition/plaaf_pl-5eii.ini,"[""3812140001""]",,,,photo_gap,,pending,"Candidate family/component reference only. Verify visible variant, operator, era and configuration. This is a source record, not a claim about the load-order winner."
3812140001:ammunition/plaaf_pl-9,plaaf_pl-9,plaaf_pl-9,Weapons & ammunition,ammunition,,,,Pakistani Pack,mods-source/3812140001/ammunition/plaaf_pl-9.ini,"[""3812140001""]",,,,photo_gap,,pending,"Candidate family/component reference only. Verify visible variant, operator, era and configuration. This is a source record, not a claim about the load-order winner."
3812140001:ammunition/plan_cm-302,plan_cm-302,plan_cm-302,Weapons & ammunition,ammunition,,,,Pakistani Pack,mods-source/3812140001/ammunition/plan_cm-302.ini,"[""3812140001""]",,,,photo_gap,,pending,"Candidate family/component reference only. Verify visible variant, operator, era and configuration. This is a source record, not a claim about the load-order winner."
3812140001:ammunition/plan_et-38,plan_et-38,plan_et-38,Weapons & ammunition,ammunition,,,,Pakistani Pack,mods-source/3812140001/ammunition/plan_et-38.ini,"[""3812140001""]",,,,photo_gap,,pending,"Candidate family/component reference only. Verify visible variant, operator, era and configuration. This is a source record, not a claim about the load-order winner."
3812140001:ammunition/plan_et-39,plan_et-39,plan_et-39,Weapons & ammunition,ammunition,,,,Pakistani Pack,mods-source/3812140001/ammunition/plan_et-39.ini,"[""3812140001""]",,,,photo_gap,,pending,"Candidate family/component reference only. Verify visible variant, operator, era and configuration. This is a source record, not a claim about the load-order winner."
3812140001:ammunition/plan_et-40,plan_et-40,plan_et-40,Weapons & ammunition,ammunition,,,,Pakistani Pack,mods-source/3812140001/ammunition/plan_et-40.ini,"[""3812140001""]",,,,photo_gap,,pending,"Candidate family/component reference only. Verify visible variant, operator, era and configuration. This is a source record, not a claim about the load-order winner."
3812140001:ammunition/plan_et-80,plan_et-80,plan_et-80,Weapons & ammunition,ammunition,,,,Pakistani Pack,mods-source/3812140001/ammunition/plan_et-80.ini,"[""3812140001""]",,,,photo_gap,,pending,"Candidate family/component reference only. Verify visible variant, operator, era and configuration. This is a source record, not a claim about the load-order winner."
3812140001:ammunition/plan_ly-80n,plan_ly-80n,plan_ly-80n,Weapons & ammunition,ammunition,,,,Pakistani Pack,mods-source/3812140001/ammunition/plan_ly-80n.ini,"[""3812140001""]",,,,photo_gap,,pending,"Candidate family/component reference only. Verify visible variant, operator, era and configuration. This is a source record, not a claim about the load-order winner."
3812140001:ammunition/plan_yj-18e,plan_yj-18e,plan_yj-18e,Weapons & ammunition,ammunition,,,,Pakistani Pack,mods-source/3812140001/ammunition/plan_yj-18e.ini,"[""3812140001""]",,,,photo_gap,,pending,"Candidate family/component reference only. Verify visible variant, operator, era and configuration. This is a source record, not a claim about the load-order winner."
3812454152:vessels/pn_ffg-150,pn_ffg-150,Jose Rizal Class,Ships,vessels,Vessel,,,Euromod-Philippine-Navy,mods-source/3812454152/vessels/pn_ffg-150.ini,"[""3812454152""]",,,,photo_gap,,pending,"Candidate family/component reference only. Verify visible variant, operator, era and configuration. This is a source record, not a claim about the load-order winner."
3812454152:vessels/pn_ffg-150_2,pn_ffg-150_2,Jose Rizal Class (VLS),Ships,vessels,Vessel,,,Euromod-Philippine-Navy,mods-source/3812454152/vessels/pn_ffg-150_2.ini,"[""3812454152""]",,,,photo_gap,,pending,"Candidate family/component reference only. Verify visible variant, operator, era and configuration. This is a source record, not a claim about the load-order winner."
